mean_fit_time,std_fit_time,mean_score_time,std_score_time,param_classifier__criterion,param_classifier__max_depth,param_classifier__min_samples_leaf,param_classifier__min_samples_split,params,split0_test_accuracy,split1_test_accuracy,split2_test_accuracy,split3_test_accuracy,split4_test_accuracy,mean_test_accuracy,std_test_accuracy,rank_test_accuracy,split0_train_accuracy,split1_train_accuracy,split2_train_accuracy,split3_train_accuracy,split4_train_accuracy,mean_train_accuracy,std_train_accuracy,split0_test_precision,split1_test_precision,split2_test_precision,split3_test_precision,split4_test_precision,mean_test_precision,std_test_precision,rank_test_precision,split0_train_precision,split1_train_precision,split2_train_precision,split3_train_precision,split4_train_precision,mean_train_precision,std_train_precision,split0_test_recall,split1_test_recall,split2_test_recall,split3_test_recall,split4_test_recall,mean_test_recall,std_test_recall,rank_test_recall,split0_train_recall,split1_train_recall,split2_train_recall,split3_train_recall,split4_train_recall,mean_train_recall,std_train_recall,split0_test_f1,split1_test_f1,split2_test_f1,split3_test_f1,split4_test_f1,mean_test_f1,std_test_f1,rank_test_f1,split0_train_f1,split1_train_f1,split2_train_f1,split3_train_f1,split4_train_f1,mean_train_f1,std_train_f1,split0_test_roc_auc,split1_test_roc_auc,split2_test_roc_auc,split3_test_roc_auc,split4_test_roc_auc,mean_test_roc_auc,std_test_roc_auc,rank_test_roc_auc,split0_train_roc_auc,split1_train_roc_auc,split2_train_roc_auc,split3_train_roc_auc,split4_train_roc_auc,mean_train_roc_auc,std_train_roc_auc
0.07332696914672851,0.024812294510797903,0.10067281723022461,0.030469499934169673,gini,2,1,2,"{'classifier__criterion': 'gini', 'classifier__max_depth': 2, 'classifier__min_samples_leaf': 1, 'classifier__min_samples_split': 2}",0.7551020408163265,0.7346938775510204,0.6458333333333334,0.7291666666666666,0.75,0.7229591836734695,0.03972153493789234,115,0.7875647668393783,0.7875647668393783,0.7989690721649485,0.7835051546391752,0.7835051546391752,0.788221783024411,0.005672049559972629,0.6774193548387096,0.8,0.631578947368421,0.6956521739130435,0.8125,0.7234300952240349,0.07088248409834286,89,0.7155963302752294,0.8870967741935484,0.8205128205128205,0.7831325301204819,0.8852459016393442,0.8183168713482848,0.06481425730472333,0.9130434782608695,0.5454545454545454,0.5454545454545454,0.7272727272727273,0.5909090909090909,0.6644268774703557,0.14104858137353954,137,0.8863636363636364,0.6179775280898876,0.7191011235955056,0.7303370786516854,0.6067415730337079,0.7121041879468846,0.1007063647359112,0.7777777777777778,0.6486486486486487,0.5853658536585366,0.7111111111111111,0.6842105263157895,0.6814227835023727,0.06399145398323847,135,0.7918781725888325,0.7284768211920529,0.7664670658682635,0.7558139534883721,0.72,0.7525272026275042,0.02603866783555284,0.8545150501672241,0.8265993265993266,0.7360139860139859,0.7980769230769231,0.8277972027972028,0.8086004977309325,0.04044790416867851,68,0.8548701298701298,0.853932584269663,0.8553772070626002,0.8650615302300696,0.8522739432851792,0.8563030789435283,0.004504980130428267
0.11786155700683594,0.01981169087925506,0.13859591484069825,0.04331483463468636,gini,2,1,5,"{'classifier__criterion': 'gini', 'classifier__max_depth': 2, 'classifier__min_samples_leaf': 1, 'classifier__min_samples_split': 5}",0.7551020408163265,0.7346938775510204,0.6458333333333334,0.7291666666666666,0.75,0.7229591836734695,0.03972153493789234,115,0.7875647668393783,0.7875647668393783,0.7989690721649485,0.7835051546391752,0.7835051546391752,0.788221783024411,0.005672049559972629,0.6774193548387096,0.8,0.631578947368421,0.6956521739130435,0.8125,0.7234300952240349,0.07088248409834286,89,0.7155963302752294,0.8870967741935484,0.8205128205128205,0.7831325301204819,0.8852459016393442,0.8183168713482848,0.06481425730472333,0.9130434782608695,0.5454545454545454,0.5454545454545454,0.7272727272727273,0.5909090909090909,0.6644268774703557,0.14104858137353954,137,0.8863636363636364,0.6179775280898876,0.7191011235955056,0.7303370786516854,0.6067415730337079,0.7121041879468846,0.1007063647359112,0.7777777777777778,0.6486486486486487,0.5853658536585366,0.7111111111111111,0.6842105263157895,0.6814227835023727,0.06399145398323847,135,0.7918781725888325,0.7284768211920529,0.7664670658682635,0.7558139534883721,0.72,0.7525272026275042,0.02603866783555284,0.8545150501672241,0.8265993265993266,0.7360139860139859,0.7980769230769231,0.8277972027972028,0.8086004977309325,0.04044790416867851,68,0.8548701298701298,0.853932584269663,0.8553772070626002,0.8650615302300696,0.8522739432851792,0.8563030789435283,0.004504980130428267
0.09312009811401367,0.03468421254001501,0.14732804298400878,0.037133019288002306,gini,2,1,10,"{'classifier__criterion': 'gini', 'classifier__max_depth': 2, 'classifier__min_samples_leaf': 1, 'classifier__min_samples_split': 10}",0.7551020408163265,0.7346938775510204,0.6458333333333334,0.7291666666666666,0.75,0.7229591836734695,0.03972153493789234,115,0.7875647668393783,0.7875647668393783,0.7989690721649485,0.7835051546391752,0.7835051546391752,0.788221783024411,0.005672049559972629,0.6774193548387096,0.8,0.631578947368421,0.6956521739130435,0.8125,0.7234300952240349,0.07088248409834286,89,0.7155963302752294,0.8870967741935484,0.8205128205128205,0.7831325301204819,0.8852459016393442,0.8183168713482848,0.06481425730472333,0.9130434782608695,0.5454545454545454,0.5454545454545454,0.7272727272727273,0.5909090909090909,0.6644268774703557,0.14104858137353954,137,0.8863636363636364,0.6179775280898876,0.7191011235955056,0.7303370786516854,0.6067415730337079,0.7121041879468846,0.1007063647359112,0.7777777777777778,0.6486486486486487,0.5853658536585366,0.7111111111111111,0.6842105263157895,0.6814227835023727,0.06399145398323847,135,0.7918781725888325,0.7284768211920529,0.7664670658682635,0.7558139534883721,0.72,0.7525272026275042,0.02603866783555284,0.8545150501672241,0.8265993265993266,0.7360139860139859,0.7980769230769231,0.8277972027972028,0.8086004977309325,0.04044790416867851,68,0.8548701298701298,0.853932584269663,0.8553772070626002,0.8650615302300696,0.8522739432851792,0.8563030789435283,0.004504980130428267
0.06673550605773926,0.0211791270317337,0.10069527626037597,0.0430289875559089,gini,2,2,2,"{'classifier__criterion': 'gini', 'classifier__max_depth': 2, 'classifier__min_samples_leaf': 2, 'classifier__min_samples_split': 2}",0.7551020408163265,0.7346938775510204,0.6458333333333334,0.7291666666666666,0.75,0.7229591836734695,0.03972153493789234,115,0.7875647668393783,0.7875647668393783,0.7989690721649485,0.7835051546391752,0.7835051546391752,0.788221783024411,0.005672049559972629,0.6774193548387096,0.8,0.631578947368421,0.6956521739130435,0.8125,0.7234300952240349,0.07088248409834286,89,0.7155963302752294,0.8870967741935484,0.8205128205128205,0.7831325301204819,0.8852459016393442,0.8183168713482848,0.06481425730472333,0.9130434782608695,0.5454545454545454,0.5454545454545454,0.7272727272727273,0.5909090909090909,0.6644268774703557,0.14104858137353954,137,0.8863636363636364,0.6179775280898876,0.7191011235955056,0.7303370786516854,0.6067415730337079,0.7121041879468846,0.1007063647359112,0.7777777777777778,0.6486486486486487,0.5853658536585366,0.7111111111111111,0.6842105263157895,0.6814227835023727,0.06399145398323847,135,0.7918781725888325,0.7284768211920529,0.7664670658682635,0.7558139534883721,0.72,0.7525272026275042,0.02603866783555284,0.8545150501672241,0.8265993265993266,0.7360139860139859,0.7980769230769231,0.8277972027972028,0.8086004977309325,0.04044790416867851,68,0.8548701298701298,0.853932584269663,0.8553772070626002,0.8650615302300696,0.8522739432851792,0.8563030789435283,0.004504980130428267
0.07180566787719726,0.027468360532326215,0.09749207496643067,0.031802265040095395,gini,2,2,5,"{'classifier__criterion': 'gini', 'classifier__max_depth': 2, 'classifier__min_samples_leaf': 2, 'classifier__min_samples_split': 5}",0.7551020408163265,0.7346938775510204,0.6458333333333334,0.7291666666666666,0.75,0.7229591836734695,0.03972153493789234,115,0.7875647668393783,0.7875647668393783,0.7989690721649485,0.7835051546391752,0.7835051546391752,0.788221783024411,0.005672049559972629,0.6774193548387096,0.8,0.631578947368421,0.6956521739130435,0.8125,0.7234300952240349,0.07088248409834286,89,0.7155963302752294,0.8870967741935484,0.8205128205128205,0.7831325301204819,0.8852459016393442,0.8183168713482848,0.06481425730472333,0.9130434782608695,0.5454545454545454,0.5454545454545454,0.7272727272727273,0.5909090909090909,0.6644268774703557,0.14104858137353954,137,0.8863636363636364,0.6179775280898876,0.7191011235955056,0.7303370786516854,0.6067415730337079,0.7121041879468846,0.1007063647359112,0.7777777777777778,0.6486486486486487,0.5853658536585366,0.7111111111111111,0.6842105263157895,0.6814227835023727,0.06399145398323847,135,0.7918781725888325,0.7284768211920529,0.7664670658682635,0.7558139534883721,0.72,0.7525272026275042,0.02603866783555284,0.8545150501672241,0.8265993265993266,0.7360139860139859,0.7980769230769231,0.8277972027972028,0.8086004977309325,0.04044790416867851,68,0.8548701298701298,0.853932584269663,0.8553772070626002,0.8650615302300696,0.8522739432851792,0.8563030789435283,0.004504980130428267
0.05609216690063477,0.021358399890901072,0.081768798828125,0.030781305863711816,gini,2,2,10,"{'classifier__criterion': 'gini', 'classifier__max_depth': 2, 'classifier__min_samples_leaf': 2, 'classifier__min_samples_split': 10}",0.7551020408163265,0.7346938775510204,0.6458333333333334,0.7291666666666666,0.75,0.7229591836734695,0.03972153493789234,115,0.7875647668393783,0.7875647668393783,0.7989690721649485,0.7835051546391752,0.7835051546391752,0.788221783024411,0.005672049559972629,0.6774193548387096,0.8,0.631578947368421,0.6956521739130435,0.8125,0.7234300952240349,0.07088248409834286,89,0.7155963302752294,0.8870967741935484,0.8205128205128205,0.7831325301204819,0.8852459016393442,0.8183168713482848,0.06481425730472333,0.9130434782608695,0.5454545454545454,0.5454545454545454,0.7272727272727273,0.5909090909090909,0.6644268774703557,0.14104858137353954,137,0.8863636363636364,0.6179775280898876,0.7191011235955056,0.7303370786516854,0.6067415730337079,0.7121041879468846,0.1007063647359112,0.7777777777777778,0.6486486486486487,0.5853658536585366,0.7111111111111111,0.6842105263157895,0.6814227835023727,0.06399145398323847,135,0.7918781725888325,0.7284768211920529,0.7664670658682635,0.7558139534883721,0.72,0.7525272026275042,0.02603866783555284,0.8545150501672241,0.8265993265993266,0.7360139860139859,0.7980769230769231,0.8277972027972028,0.8086004977309325,0.04044790416867851,68,0.8548701298701298,0.853932584269663,0.8553772070626002,0.8650615302300696,0.8522739432851792,0.8563030789435283,0.004504980130428267
0.0693537712097168,0.01665332322497902,0.10131311416625977,0.01094829490732117,gini,2,4,2,"{'classifier__criterion': 'gini', 'classifier__max_depth': 2, 'classifier__min_samples_leaf': 4, 'classifier__min_samples_split': 2}",0.7551020408163265,0.7346938775510204,0.6458333333333334,0.7291666666666666,0.75,0.7229591836734695,0.03972153493789234,115,0.7875647668393783,0.7875647668393783,0.7989690721649485,0.7835051546391752,0.7835051546391752,0.788221783024411,0.005672049559972629,0.6774193548387096,0.8,0.631578947368421,0.6956521739130435,0.8125,0.7234300952240349,0.07088248409834286,89,0.7155963302752294,0.8870967741935484,0.8205128205128205,0.7831325301204819,0.8852459016393442,0.8183168713482848,0.06481425730472333,0.9130434782608695,0.5454545454545454,0.5454545454545454,0.7272727272727273,0.5909090909090909,0.6644268774703557,0.14104858137353954,137,0.8863636363636364,0.6179775280898876,0.7191011235955056,0.7303370786516854,0.6067415730337079,0.7121041879468846,0.1007063647359112,0.7777777777777778,0.6486486486486487,0.5853658536585366,0.7111111111111111,0.6842105263157895,0.6814227835023727,0.06399145398323847,135,0.7918781725888325,0.7284768211920529,0.7664670658682635,0.7558139534883721,0.72,0.7525272026275042,0.02603866783555284,0.8545150501672241,0.8265993265993266,0.7360139860139859,0.7980769230769231,0.8277972027972028,0.8086004977309325,0.04044790416867851,68,0.8548701298701298,0.853932584269663,0.8553772070626002,0.8650615302300696,0.8522739432851792,0.8563030789435283,0.004504980130428267
0.07847390174865723,0.026314571470087193,0.12834582328796387,0.05923041805194707,gini,2,4,5,"{'classifier__criterion': 'gini', 'classifier__max_depth': 2, 'classifier__min_samples_leaf': 4, 'classifier__min_samples_split': 5}",0.7551020408163265,0.7346938775510204,0.6458333333333334,0.7291666666666666,0.75,0.7229591836734695,0.03972153493789234,115,0.7875647668393783,0.7875647668393783,0.7989690721649485,0.7835051546391752,0.7835051546391752,0.788221783024411,0.005672049559972629,0.6774193548387096,0.8,0.631578947368421,0.6956521739130435,0.8125,0.7234300952240349,0.07088248409834286,89,0.7155963302752294,0.8870967741935484,0.8205128205128205,0.7831325301204819,0.8852459016393442,0.8183168713482848,0.06481425730472333,0.9130434782608695,0.5454545454545454,0.5454545454545454,0.7272727272727273,0.5909090909090909,0.6644268774703557,0.14104858137353954,137,0.8863636363636364,0.6179775280898876,0.7191011235955056,0.7303370786516854,0.6067415730337079,0.7121041879468846,0.1007063647359112,0.7777777777777778,0.6486486486486487,0.5853658536585366,0.7111111111111111,0.6842105263157895,0.6814227835023727,0.06399145398323847,135,0.7918781725888325,0.7284768211920529,0.7664670658682635,0.7558139534883721,0.72,0.7525272026275042,0.02603866783555284,0.8545150501672241,0.8265993265993266,0.7360139860139859,0.7980769230769231,0.8277972027972028,0.8086004977309325,0.04044790416867851,68,0.8548701298701298,0.853932584269663,0.8553772070626002,0.8650615302300696,0.8522739432851792,0.8563030789435283,0.004504980130428267
0.14411792755126954,0.022754241444215725,0.17963895797729493,0.04498508794453362,gini,2,4,10,"{'classifier__criterion': 'gini', 'classifier__max_depth': 2, 'classifier__min_samples_leaf': 4, 'classifier__min_samples_split': 10}",0.7551020408163265,0.7346938775510204,0.6458333333333334,0.7291666666666666,0.75,0.7229591836734695,0.03972153493789234,115,0.7875647668393783,0.7875647668393783,0.7989690721649485,0.7835051546391752,0.7835051546391752,0.788221783024411,0.005672049559972629,0.6774193548387096,0.8,0.631578947368421,0.6956521739130435,0.8125,0.7234300952240349,0.07088248409834286,89,0.7155963302752294,0.8870967741935484,0.8205128205128205,0.7831325301204819,0.8852459016393442,0.8183168713482848,0.06481425730472333,0.9130434782608695,0.5454545454545454,0.5454545454545454,0.7272727272727273,0.5909090909090909,0.6644268774703557,0.14104858137353954,137,0.8863636363636364,0.6179775280898876,0.7191011235955056,0.7303370786516854,0.6067415730337079,0.7121041879468846,0.1007063647359112,0.7777777777777778,0.6486486486486487,0.5853658536585366,0.7111111111111111,0.6842105263157895,0.6814227835023727,0.06399145398323847,135,0.7918781725888325,0.7284768211920529,0.7664670658682635,0.7558139534883721,0.72,0.7525272026275042,0.02603866783555284,0.8545150501672241,0.8265993265993266,0.7360139860139859,0.7980769230769231,0.8277972027972028,0.8086004977309325,0.04044790416867851,68,0.8548701298701298,0.853932584269663,0.8553772070626002,0.8650615302300696,0.8522739432851792,0.8563030789435283,0.004504980130428267
0.11807737350463868,0.03676114828659856,0.16530060768127441,0.025492654629038342,gini,2,8,2,"{'classifier__criterion': 'gini', 'classifier__max_depth': 2, 'classifier__min_samples_leaf': 8, 'classifier__min_samples_split': 2}",0.7551020408163265,0.7346938775510204,0.6458333333333334,0.7291666666666666,0.75,0.7229591836734695,0.03972153493789234,115,0.7875647668393783,0.7875647668393783,0.7989690721649485,0.7835051546391752,0.7835051546391752,0.788221783024411,0.005672049559972629,0.6774193548387096,0.8,0.631578947368421,0.6956521739130435,0.8125,0.7234300952240349,0.07088248409834286,89,0.7155963302752294,0.8870967741935484,0.8205128205128205,0.7831325301204819,0.8852459016393442,0.8183168713482848,0.06481425730472333,0.9130434782608695,0.5454545454545454,0.5454545454545454,0.7272727272727273,0.5909090909090909,0.6644268774703557,0.14104858137353954,137,0.8863636363636364,0.6179775280898876,0.7191011235955056,0.7303370786516854,0.6067415730337079,0.7121041879468846,0.1007063647359112,0.7777777777777778,0.6486486486486487,0.5853658536585366,0.7111111111111111,0.6842105263157895,0.6814227835023727,0.06399145398323847,135,0.7918781725888325,0.7284768211920529,0.7664670658682635,0.7558139534883721,0.72,0.7525272026275042,0.02603866783555284,0.8545150501672241,0.8265993265993266,0.7360139860139859,0.7980769230769231,0.8277972027972028,0.8086004977309325,0.04044790416867851,68,0.8548701298701298,0.853932584269663,0.8553772070626002,0.8650615302300696,0.8522739432851792,0.8563030789435283,0.004504980130428267
0.08847599029541016,0.03147354862311218,0.1530900478363037,0.08751856104520479,gini,2,8,5,"{'classifier__criterion': 'gini', 'classifier__max_depth': 2, 'classifier__min_samples_leaf': 8, 'classifier__min_samples_split': 5}",0.7551020408163265,0.7346938775510204,0.6458333333333334,0.7291666666666666,0.75,0.7229591836734695,0.03972153493789234,115,0.7875647668393783,0.7875647668393783,0.7989690721649485,0.7835051546391752,0.7835051546391752,0.788221783024411,0.005672049559972629,0.6774193548387096,0.8,0.631578947368421,0.6956521739130435,0.8125,0.7234300952240349,0.07088248409834286,89,0.7155963302752294,0.8870967741935484,0.8205128205128205,0.7831325301204819,0.8852459016393442,0.8183168713482848,0.06481425730472333,0.9130434782608695,0.5454545454545454,0.5454545454545454,0.7272727272727273,0.5909090909090909,0.6644268774703557,0.14104858137353954,137,0.8863636363636364,0.6179775280898876,0.7191011235955056,0.7303370786516854,0.6067415730337079,0.7121041879468846,0.1007063647359112,0.7777777777777778,0.6486486486486487,0.5853658536585366,0.7111111111111111,0.6842105263157895,0.6814227835023727,0.06399145398323847,135,0.7918781725888325,0.7284768211920529,0.7664670658682635,0.7558139534883721,0.72,0.7525272026275042,0.02603866783555284,0.8545150501672241,0.8265993265993266,0.7360139860139859,0.7980769230769231,0.8277972027972028,0.8086004977309325,0.04044790416867851,68,0.8548701298701298,0.853932584269663,0.8553772070626002,0.8650615302300696,0.8522739432851792,0.8563030789435283,0.004504980130428267
0.0651547908782959,0.02900314365431429,0.08513016700744629,0.02561114593859431,gini,2,8,10,"{'classifier__criterion': 'gini', 'classifier__max_depth': 2, 'classifier__min_samples_leaf': 8, 'classifier__min_samples_split': 10}",0.7551020408163265,0.7346938775510204,0.6458333333333334,0.7291666666666666,0.75,0.7229591836734695,0.03972153493789234,115,0.7875647668393783,0.7875647668393783,0.7989690721649485,0.7835051546391752,0.7835051546391752,0.788221783024411,0.005672049559972629,0.6774193548387096,0.8,0.631578947368421,0.6956521739130435,0.8125,0.7234300952240349,0.07088248409834286,89,0.7155963302752294,0.8870967741935484,0.8205128205128205,0.7831325301204819,0.8852459016393442,0.8183168713482848,0.06481425730472333,0.9130434782608695,0.5454545454545454,0.5454545454545454,0.7272727272727273,0.5909090909090909,0.6644268774703557,0.14104858137353954,137,0.8863636363636364,0.6179775280898876,0.7191011235955056,0.7303370786516854,0.6067415730337079,0.7121041879468846,0.1007063647359112,0.7777777777777778,0.6486486486486487,0.5853658536585366,0.7111111111111111,0.6842105263157895,0.6814227835023727,0.06399145398323847,135,0.7918781725888325,0.7284768211920529,0.7664670658682635,0.7558139534883721,0.72,0.7525272026275042,0.02603866783555284,0.8545150501672241,0.8265993265993266,0.7360139860139859,0.7980769230769231,0.8277972027972028,0.8086004977309325,0.04044790416867851,68,0.8548701298701298,0.853932584269663,0.8553772070626002,0.8650615302300696,0.8522739432851792,0.8563030789435283,0.004504980130428267
0.06622743606567383,0.03528423728976149,0.0767183780670166,0.026516225220729047,gini,3,1,2,"{'classifier__criterion': 'gini', 'classifier__max_depth': 3, 'classifier__min_samples_leaf': 1, 'classifier__min_samples_split': 2}",0.7959183673469388,0.7346938775510204,0.75,0.7916666666666666,0.7916666666666666,0.7727891156462585,0.025370365022053056,55,0.8497409326424871,0.8704663212435233,0.845360824742268,0.8608247422680413,0.845360824742268,0.8543507291277175,0.009843903095199556,0.76,0.7368421052631579,0.8125,0.7727272727272727,0.75,0.7664138755980862,0.025879847599158765,57,0.8554216867469879,0.8902439024390244,0.8641975308641975,0.8974358974358975,0.8314606741573034,0.8677519383286821,0.023953081845424447,0.8260869565217391,0.6363636363636364,0.5909090909090909,0.7727272727272727,0.8181818181818182,0.7288537549407115,0.096893587305115,37,0.8068181818181818,0.8202247191011236,0.7865168539325843,0.7865168539325843,0.8314606741573034,0.8063074565883556,0.017944198489415718,0.7916666666666666,0.6829268292682927,0.6842105263157895,0.7727272727272727,0.782608695652174,0.7428279981260391,0.04875621825801656,48,0.8304093567251462,0.8538011695906432,0.8235294117647058,0.8383233532934131,0.8314606741573034,0.8355047931062423,0.010280367719588904,0.8319397993311037,0.7996632996632997,0.7998251748251748,0.8513986013986015,0.8767482517482519,0.8319150253932863,0.029864898644209298,52,0.9241341991341991,0.9300993949870354,0.9163723916532905,0.912573568753344,0.9146067415730337,0.9195572592201806,0.0065651800345955585
0.06126813888549805,0.011583244557253439,0.07812204360961914,0.019577008949545765,gini,3,1,5,"{'classifier__criterion': 'gini', 'classifier__max_depth': 3, 'classifier__min_samples_leaf': 1, 'classifier__min_samples_split': 5}",0.7959183673469388,0.7346938775510204,0.75,0.7916666666666666,0.7916666666666666,0.7727891156462585,0.025370365022053056,55,0.8497409326424871,0.8704663212435233,0.845360824742268,0.8608247422680413,0.845360824742268,0.8543507291277175,0.009843903095199556,0.76,0.7368421052631579,0.8125,0.7727272727272727,0.75,0.7664138755980862,0.025879847599158765,57,0.8554216867469879,0.8902439024390244,0.8641975308641975,0.8974358974358975,0.8314606741573034,0.8677519383286821,0.023953081845424447,0.8260869565217391,0.6363636363636364,0.5909090909090909,0.7727272727272727,0.8181818181818182,0.7288537549407115,0.096893587305115,37,0.8068181818181818,0.8202247191011236,0.7865168539325843,0.7865168539325843,0.8314606741573034,0.8063074565883556,0.017944198489415718,0.7916666666666666,0.6829268292682927,0.6842105263157895,0.7727272727272727,0.782608695652174,0.7428279981260391,0.04875621825801656,48,0.8304093567251462,0.8538011695906432,0.8235294117647058,0.8383233532934131,0.8314606741573034,0.8355047931062423,0.010280367719588904,0.8319397993311037,0.7996632996632997,0.7998251748251748,0.8513986013986015,0.8767482517482519,0.8319150253932863,0.029864898644209298,52,0.9241341991341991,0.9300993949870354,0.9163723916532905,0.912573568753344,0.9146067415730337,0.9195572592201806,0.0065651800345955585
0.07011475563049316,0.017767337398818864,0.09956240653991699,0.024019187644749154,gini,3,1,10,"{'classifier__criterion': 'gini', 'classifier__max_depth': 3, 'classifier__min_samples_leaf': 1, 'classifier__min_samples_split': 10}",0.7959183673469388,0.7346938775510204,0.75,0.7916666666666666,0.7916666666666666,0.7727891156462585,0.025370365022053056,55,0.8497409326424871,0.8704663212435233,0.845360824742268,0.8608247422680413,0.845360824742268,0.8543507291277175,0.009843903095199556,0.76,0.7368421052631579,0.8125,0.7727272727272727,0.75,0.7664138755980862,0.025879847599158765,57,0.8554216867469879,0.8902439024390244,0.8641975308641975,0.8974358974358975,0.8314606741573034,0.8677519383286821,0.023953081845424447,0.8260869565217391,0.6363636363636364,0.5909090909090909,0.7727272727272727,0.8181818181818182,0.7288537549407115,0.096893587305115,37,0.8068181818181818,0.8202247191011236,0.7865168539325843,0.7865168539325843,0.8314606741573034,0.8063074565883556,0.017944198489415718,0.7916666666666666,0.6829268292682927,0.6842105263157895,0.7727272727272727,0.782608695652174,0.7428279981260391,0.04875621825801656,48,0.8304093567251462,0.8538011695906432,0.8235294117647058,0.8383233532934131,0.8314606741573034,0.8355047931062423,0.010280367719588904,0.8319397993311037,0.7996632996632997,0.7998251748251748,0.8513986013986015,0.8767482517482519,0.8319150253932863,0.029864898644209298,52,0.9241341991341991,0.9300993949870354,0.9163723916532905,0.912573568753344,0.9146067415730337,0.9195572592201806,0.0065651800345955585
0.04844121932983399,0.020605154379887518,0.09889659881591797,0.0365366026551991,gini,3,2,2,"{'classifier__criterion': 'gini', 'classifier__max_depth': 3, 'classifier__min_samples_leaf': 2, 'classifier__min_samples_split': 2}",0.7959183673469388,0.7346938775510204,0.75,0.7916666666666666,0.7916666666666666,0.7727891156462585,0.025370365022053056,55,0.8497409326424871,0.8704663212435233,0.845360824742268,0.8556701030927835,0.845360824742268,0.8533198012926659,0.00937044269233408,0.76,0.7368421052631579,0.8125,0.7727272727272727,0.75,0.7664138755980862,0.025879847599158765,57,0.8554216867469879,0.8902439024390244,0.8641975308641975,0.8961038961038961,0.8314606741573034,0.8674855380622818,0.023626645489222553,0.8260869565217391,0.6363636363636364,0.5909090909090909,0.7727272727272727,0.8181818181818182,0.7288537549407115,0.096893587305115,37,0.8068181818181818,0.8202247191011236,0.7865168539325843,0.7752808988764045,0.8314606741573034,0.8040602655771195,0.020763917211871444,0.7916666666666666,0.6829268292682927,0.6842105263157895,0.7727272727272727,0.782608695652174,0.7428279981260391,0.04875621825801656,48,0.8304093567251462,0.8538011695906432,0.8235294117647058,0.8313253012048193,0.8314606741573034,0.8341051826885236,0.010277734445569708,0.8319397993311037,0.7996632996632997,0.7998251748251748,0.8706293706293706,0.8767482517482519,0.8357611792394402,0.03318067856812722,31,0.9241341991341991,0.9300993949870354,0.9163723916532905,0.9204387372926698,0.9146067415730337,0.9211302929280457,0.005570293354188035
0.06527552604675294,0.031146675067547026,0.09007468223571777,0.038662038141218186,gini,3,2,5,"{'classifier__criterion': 'gini', 'classifier__max_depth': 3, 'classifier__min_samples_leaf': 2, 'classifier__min_samples_split': 5}",0.7959183673469388,0.7346938775510204,0.75,0.7916666666666666,0.7916666666666666,0.7727891156462585,0.025370365022053056,55,0.8497409326424871,0.8704663212435233,0.845360824742268,0.8556701030927835,0.845360824742268,0.8533198012926659,0.00937044269233408,0.76,0.7368421052631579,0.8125,0.7727272727272727,0.75,0.7664138755980862,0.025879847599158765,57,0.8554216867469879,0.8902439024390244,0.8641975308641975,0.8961038961038961,0.8314606741573034,0.8674855380622818,0.023626645489222553,0.8260869565217391,0.6363636363636364,0.5909090909090909,0.7727272727272727,0.8181818181818182,0.7288537549407115,0.096893587305115,37,0.8068181818181818,0.8202247191011236,0.7865168539325843,0.7752808988764045,0.8314606741573034,0.8040602655771195,0.020763917211871444,0.7916666666666666,0.6829268292682927,0.6842105263157895,0.7727272727272727,0.782608695652174,0.7428279981260391,0.04875621825801656,48,0.8304093567251462,0.8538011695906432,0.8235294117647058,0.8313253012048193,0.8314606741573034,0.8341051826885236,0.010277734445569708,0.8319397993311037,0.7996632996632997,0.7998251748251748,0.8706293706293706,0.8767482517482519,0.8357611792394402,0.03318067856812722,31,0.9241341991341991,0.9300993949870354,0.9163723916532905,0.9204387372926698,0.9146067415730337,0.9211302929280457,0.005570293354188035
0.06128802299499512,0.018258838762068193,0.08152341842651367,0.023289354773868516,gini,3,2,10,"{'classifier__criterion': 'gini', 'classifier__max_depth': 3, 'classifier__min_samples_leaf': 2, 'classifier__min_samples_split': 10}",0.7959183673469388,0.7346938775510204,0.75,0.7916666666666666,0.7916666666666666,0.7727891156462585,0.025370365022053056,55,0.8497409326424871,0.8704663212435233,0.845360824742268,0.8556701030927835,0.845360824742268,0.8533198012926659,0.00937044269233408,0.76,0.7368421052631579,0.8125,0.7727272727272727,0.75,0.7664138755980862,0.025879847599158765,57,0.8554216867469879,0.8902439024390244,0.8641975308641975,0.8961038961038961,0.8314606741573034,0.8674855380622818,0.023626645489222553,0.8260869565217391,0.6363636363636364,0.5909090909090909,0.7727272727272727,0.8181818181818182,0.7288537549407115,0.096893587305115,37,0.8068181818181818,0.8202247191011236,0.7865168539325843,0.7752808988764045,0.8314606741573034,0.8040602655771195,0.020763917211871444,0.7916666666666666,0.6829268292682927,0.6842105263157895,0.7727272727272727,0.782608695652174,0.7428279981260391,0.04875621825801656,48,0.8304093567251462,0.8538011695906432,0.8235294117647058,0.8313253012048193,0.8314606741573034,0.8341051826885236,0.010277734445569708,0.8319397993311037,0.7996632996632997,0.7998251748251748,0.8706293706293706,0.8767482517482519,0.8357611792394402,0.03318067856812722,31,0.9241341991341991,0.9300993949870354,0.9163723916532905,0.9204387372926698,0.9146067415730337,0.9211302929280457,0.005570293354188035
0.07611098289489746,0.024960968430318503,0.10280494689941407,0.026989149970290574,gini,3,4,2,"{'classifier__criterion': 'gini', 'classifier__max_depth': 3, 'classifier__min_samples_leaf': 4, 'classifier__min_samples_split': 2}",0.7959183673469388,0.7346938775510204,0.75,0.7916666666666666,0.7916666666666666,0.7727891156462585,0.025370365022053056,55,0.8497409326424871,0.8704663212435233,0.845360824742268,0.8556701030927835,0.845360824742268,0.8533198012926659,0.00937044269233408,0.76,0.7368421052631579,0.8125,0.7727272727272727,0.75,0.7664138755980862,0.025879847599158765,57,0.8554216867469879,0.8902439024390244,0.8641975308641975,0.8961038961038961,0.8314606741573034,0.8674855380622818,0.023626645489222553,0.8260869565217391,0.6363636363636364,0.5909090909090909,0.7727272727272727,0.8181818181818182,0.7288537549407115,0.096893587305115,37,0.8068181818181818,0.8202247191011236,0.7865168539325843,0.7752808988764045,0.8314606741573034,0.8040602655771195,0.020763917211871444,0.7916666666666666,0.6829268292682927,0.6842105263157895,0.7727272727272727,0.782608695652174,0.7428279981260391,0.04875621825801656,48,0.8304093567251462,0.8538011695906432,0.8235294117647058,0.8313253012048193,0.8314606741573034,0.8341051826885236,0.010277734445569708,0.8319397993311037,0.7996632996632997,0.7998251748251748,0.8706293706293706,0.8767482517482519,0.8357611792394402,0.03318067856812722,31,0.9241341991341991,0.9300993949870354,0.9163723916532905,0.9204387372926698,0.9146067415730337,0.9211302929280457,0.005570293354188035
0.05563063621520996,0.01851231934134366,0.10247664451599121,0.024477573497099676,gini,3,4,5,"{'classifier__criterion': 'gini', 'classifier__max_depth': 3, 'classifier__min_samples_leaf': 4, 'classifier__min_samples_split': 5}",0.7959183673469388,0.7346938775510204,0.75,0.7916666666666666,0.7916666666666666,0.7727891156462585,0.025370365022053056,55,0.8497409326424871,0.8704663212435233,0.845360824742268,0.8556701030927835,0.845360824742268,0.8533198012926659,0.00937044269233408,0.76,0.7368421052631579,0.8125,0.7727272727272727,0.75,0.7664138755980862,0.025879847599158765,57,0.8554216867469879,0.8902439024390244,0.8641975308641975,0.8961038961038961,0.8314606741573034,0.8674855380622818,0.023626645489222553,0.8260869565217391,0.6363636363636364,0.5909090909090909,0.7727272727272727,0.8181818181818182,0.7288537549407115,0.096893587305115,37,0.8068181818181818,0.8202247191011236,0.7865168539325843,0.7752808988764045,0.8314606741573034,0.8040602655771195,0.020763917211871444,0.7916666666666666,0.6829268292682927,0.6842105263157895,0.7727272727272727,0.782608695652174,0.7428279981260391,0.04875621825801656,48,0.8304093567251462,0.8538011695906432,0.8235294117647058,0.8313253012048193,0.8314606741573034,0.8341051826885236,0.010277734445569708,0.8319397993311037,0.7996632996632997,0.7998251748251748,0.8706293706293706,0.8767482517482519,0.8357611792394402,0.03318067856812722,31,0.9241341991341991,0.9300993949870354,0.9163723916532905,0.9204387372926698,0.9146067415730337,0.9211302929280457,0.005570293354188035
0.07436022758483887,0.025058916069730743,0.10737175941467285,0.031061421371317243,gini,3,4,10,"{'classifier__criterion': 'gini', 'classifier__max_depth': 3, 'classifier__min_samples_leaf': 4, 'classifier__min_samples_split': 10}",0.7959183673469388,0.7346938775510204,0.75,0.7916666666666666,0.7916666666666666,0.7727891156462585,0.025370365022053056,55,0.8497409326424871,0.8704663212435233,0.845360824742268,0.8556701030927835,0.845360824742268,0.8533198012926659,0.00937044269233408,0.76,0.7368421052631579,0.8125,0.7727272727272727,0.75,0.7664138755980862,0.025879847599158765,57,0.8554216867469879,0.8902439024390244,0.8641975308641975,0.8961038961038961,0.8314606741573034,0.8674855380622818,0.023626645489222553,0.8260869565217391,0.6363636363636364,0.5909090909090909,0.7727272727272727,0.8181818181818182,0.7288537549407115,0.096893587305115,37,0.8068181818181818,0.8202247191011236,0.7865168539325843,0.7752808988764045,0.8314606741573034,0.8040602655771195,0.020763917211871444,0.7916666666666666,0.6829268292682927,0.6842105263157895,0.7727272727272727,0.782608695652174,0.7428279981260391,0.04875621825801656,48,0.8304093567251462,0.8538011695906432,0.8235294117647058,0.8313253012048193,0.8314606741573034,0.8341051826885236,0.010277734445569708,0.8319397993311037,0.7996632996632997,0.7998251748251748,0.8706293706293706,0.8767482517482519,0.8357611792394402,0.03318067856812722,31,0.9241341991341991,0.9300993949870354,0.9163723916532905,0.9204387372926698,0.9146067415730337,0.9211302929280457,0.005570293354188035
0.06654644012451172,0.012602084319056725,0.09374279975891113,0.03822635538855229,gini,3,8,2,"{'classifier__criterion': 'gini', 'classifier__max_depth': 3, 'classifier__min_samples_leaf': 8, 'classifier__min_samples_split': 2}",0.8163265306122449,0.7346938775510204,0.7916666666666666,0.7916666666666666,0.8333333333333334,0.7935374149659864,0.03338448802825768,16,0.8497409326424871,0.8497409326424871,0.8402061855670103,0.8556701030927835,0.8402061855670103,0.8471128679023556,0.006040600043434138,0.7916666666666666,0.7142857142857143,0.8333333333333334,0.7727272727272727,0.8181818181818182,0.7860389610389611,0.04153870833811947,40,0.9041095890410958,0.8409090909090909,0.8372093023255814,0.8961038961038961,0.8295454545454546,0.8615754665850238,0.031774501518355015,0.8260869565217391,0.6818181818181818,0.6818181818181818,0.7727272727272727,0.8181818181818182,0.7561264822134387,0.06334724295269449,13,0.75,0.8314606741573034,0.8089887640449438,0.7752808988764045,0.8202247191011236,0.797191011235955,0.03017016085864619,0.8085106382978723,0.6976744186046512,0.75,0.7727272727272727,0.8181818181818182,0.769418829562323,0.04345410408863895,16,0.8198757763975155,0.8361581920903954,0.8228571428571428,0.8313253012048193,0.8248587570621468,0.827015033922404,0.005917471273206217,0.8653846153846154,0.8164983164983166,0.7561188811188811,0.8706293706293706,0.8898601398601398,0.8396982646982648,0.048283509817429446,28,0.9157467532467531,0.9215643906655142,0.9121455323702515,0.9204387372926698,0.910700909577314,0.9161192646305005,0.0043265488765520405
0.06810507774353028,0.02017246373920765,0.11827788352966309,0.023649456914158748,gini,3,8,5,"{'classifier__criterion': 'gini', 'classifier__max_depth': 3, 'classifier__min_samples_leaf': 8, 'classifier__min_samples_split': 5}",0.8163265306122449,0.7346938775510204,0.7916666666666666,0.7916666666666666,0.8333333333333334,0.7935374149659864,0.03338448802825768,16,0.8497409326424871,0.8497409326424871,0.8402061855670103,0.8556701030927835,0.8402061855670103,0.8471128679023556,0.006040600043434138,0.7916666666666666,0.7142857142857143,0.8333333333333334,0.7727272727272727,0.8181818181818182,0.7860389610389611,0.04153870833811947,40,0.9041095890410958,0.8409090909090909,0.8372093023255814,0.8961038961038961,0.8295454545454546,0.8615754665850238,0.031774501518355015,0.8260869565217391,0.6818181818181818,0.6818181818181818,0.7727272727272727,0.8181818181818182,0.7561264822134387,0.06334724295269449,13,0.75,0.8314606741573034,0.8089887640449438,0.7752808988764045,0.8202247191011236,0.797191011235955,0.03017016085864619,0.8085106382978723,0.6976744186046512,0.75,0.7727272727272727,0.8181818181818182,0.769418829562323,0.04345410408863895,16,0.8198757763975155,0.8361581920903954,0.8228571428571428,0.8313253012048193,0.8248587570621468,0.827015033922404,0.005917471273206217,0.8653846153846154,0.8164983164983166,0.7561188811188811,0.8706293706293706,0.8898601398601398,0.8396982646982648,0.048283509817429446,28,0.9157467532467531,0.9215643906655142,0.9121455323702515,0.9204387372926698,0.910700909577314,0.9161192646305005,0.0043265488765520405
0.06987209320068359,0.02868498582449168,0.1122046947479248,0.009985889050042013,gini,3,8,10,"{'classifier__criterion': 'gini', 'classifier__max_depth': 3, 'classifier__min_samples_leaf': 8, 'classifier__min_samples_split': 10}",0.8163265306122449,0.7346938775510204,0.7916666666666666,0.7916666666666666,0.8333333333333334,0.7935374149659864,0.03338448802825768,16,0.8497409326424871,0.8497409326424871,0.8402061855670103,0.8556701030927835,0.8402061855670103,0.8471128679023556,0.006040600043434138,0.7916666666666666,0.7142857142857143,0.8333333333333334,0.7727272727272727,0.8181818181818182,0.7860389610389611,0.04153870833811947,40,0.9041095890410958,0.8409090909090909,0.8372093023255814,0.8961038961038961,0.8295454545454546,0.8615754665850238,0.031774501518355015,0.8260869565217391,0.6818181818181818,0.6818181818181818,0.7727272727272727,0.8181818181818182,0.7561264822134387,0.06334724295269449,13,0.75,0.8314606741573034,0.8089887640449438,0.7752808988764045,0.8202247191011236,0.797191011235955,0.03017016085864619,0.8085106382978723,0.6976744186046512,0.75,0.7727272727272727,0.8181818181818182,0.769418829562323,0.04345410408863895,16,0.8198757763975155,0.8361581920903954,0.8228571428571428,0.8313253012048193,0.8248587570621468,0.827015033922404,0.005917471273206217,0.8653846153846154,0.8164983164983166,0.7561188811188811,0.8706293706293706,0.8898601398601398,0.8396982646982648,0.048283509817429446,28,0.9157467532467531,0.9215643906655142,0.9121455323702515,0.9204387372926698,0.910700909577314,0.9161192646305005,0.0043265488765520405
0.05882430076599121,0.021771757469906405,0.09885153770446778,0.03110188977553911,gini,4,1,2,"{'classifier__criterion': 'gini', 'classifier__max_depth': 4, 'classifier__min_samples_leaf': 1, 'classifier__min_samples_split': 2}",0.7551020408163265,0.6938775510204082,0.6666666666666666,0.7291666666666666,0.7916666666666666,0.7272959183673469,0.044074860905919624,98,0.8808290155440415,0.9119170984455959,0.9072164948453608,0.8969072164948454,0.8762886597938144,0.8946316970247317,0.014066422844757636,0.7037037037037037,0.6842105263157895,0.65,0.7142857142857143,0.8333333333333334,0.7171066555277081,0.06209942993951186,117,0.8823529411764706,0.95,0.9493670886075949,0.9367088607594937,0.9710144927536232,0.9378886766594364,0.02987094798297804,0.8260869565217391,0.5909090909090909,0.5909090909090909,0.6818181818181818,0.6818181818181818,0.6743083003952568,0.08609345315338271,128,0.8522727272727273,0.8539325842696629,0.8426966292134831,0.8314606741573034,0.7528089887640449,0.8266343207354444,0.037772990782934675,0.76,0.6341463414634146,0.6190476190476191,0.6976744186046512,0.75,0.6921736758231369,0.057773945516525406,118,0.8670520231213873,0.8994082840236687,0.8928571428571429,0.8809523809523809,0.8481012658227848,0.8776742193554729,0.018444661612489806,0.8260869565217391,0.7811447811447811,0.7701048951048951,0.75,0.8041958041958042,0.7863064873934439,0.02649456250121752,124,0.9534090909090909,0.9681287813310284,0.9578919208132691,0.9485286249331194,0.9573033707865168,0.957052357754605,0.006471204639566036
0.09340195655822754,0.03177782413792802,0.10746722221374512,0.03977894657581079,gini,4,1,5,"{'classifier__criterion': 'gini', 'classifier__max_depth': 4, 'classifier__min_samples_leaf': 1, 'classifier__min_samples_split': 5}",0.7551020408163265,0.6938775510204082,0.6666666666666666,0.7291666666666666,0.7916666666666666,0.7272959183673469,0.044074860905919624,98,0.8808290155440415,0.9119170984455959,0.9072164948453608,0.8969072164948454,0.8762886597938144,0.8946316970247317,0.014066422844757636,0.7037037037037037,0.6842105263157895,0.65,0.7142857142857143,0.8333333333333334,0.7171066555277081,0.06209942993951186,117,0.8823529411764706,0.95,0.9493670886075949,0.9367088607594937,0.9710144927536232,0.9378886766594364,0.02987094798297804,0.8260869565217391,0.5909090909090909,0.5909090909090909,0.6818181818181818,0.6818181818181818,0.6743083003952568,0.08609345315338271,128,0.8522727272727273,0.8539325842696629,0.8426966292134831,0.8314606741573034,0.7528089887640449,0.8266343207354444,0.037772990782934675,0.76,0.6341463414634146,0.6190476190476191,0.6976744186046512,0.75,0.6921736758231369,0.057773945516525406,118,0.8670520231213873,0.8994082840236687,0.8928571428571429,0.8809523809523809,0.8481012658227848,0.8776742193554729,0.018444661612489806,0.8260869565217391,0.7811447811447811,0.7701048951048951,0.75,0.8041958041958042,0.7863064873934439,0.02649456250121752,124,0.9534090909090909,0.9681287813310284,0.9578919208132691,0.9485286249331194,0.9573033707865168,0.957052357754605,0.006471204639566036
0.10386385917663574,0.02613715612319529,0.1442084789276123,0.01766072185264381,gini,4,1,10,"{'classifier__criterion': 'gini', 'classifier__max_depth': 4, 'classifier__min_samples_leaf': 1, 'classifier__min_samples_split': 10}",0.7551020408163265,0.7346938775510204,0.6666666666666666,0.7291666666666666,0.7916666666666666,0.7354591836734693,0.04078655376723671,82,0.8808290155440415,0.9015544041450777,0.9020618556701031,0.8969072164948454,0.8762886597938144,0.8915282303295765,0.01083635200148887,0.7037037037037037,0.7368421052631579,0.65,0.7142857142857143,0.8333333333333334,0.7276329713171819,0.06005832503940866,82,0.8823529411764706,0.9166666666666666,0.9375,0.9259259259259259,0.9710144927536232,0.9266920053045373,0.028803966890630375,0.8260869565217391,0.6363636363636364,0.5909090909090909,0.6818181818181818,0.6818181818181818,0.683399209486166,0.07890698273844693,118,0.8522727272727273,0.8651685393258427,0.8426966292134831,0.8426966292134831,0.7528089887640449,0.8311287027579162,0.040018474961694105,0.76,0.6829268292682927,0.6190476190476191,0.6976744186046512,0.75,0.7019297733841126,0.05085581450129312,93,0.8670520231213873,0.8901734104046243,0.8875739644970414,0.8823529411764706,0.8481012658227848,0.8750507210044617,0.015678661193626417,0.8260869565217391,0.824915824915825,0.7657342657342657,0.7613636363636365,0.8234265734265734,0.8003054513924079,0.030055197924350466,90,0.9534090909090909,0.9608362143474503,0.9538255751738899,0.9466559657570894,0.9551096843231675,0.9539673061021375,0.0045227053404197515
0.10089235305786133,0.018769772462489325,0.1453190803527832,0.00817948670714724,gini,4,2,2,"{'classifier__criterion': 'gini', 'classifier__max_depth': 4, 'classifier__min_samples_leaf': 2, 'classifier__min_samples_split': 2}",0.7551020408163265,0.6938775510204082,0.6458333333333334,0.7291666666666666,0.7916666666666666,0.7231292517006802,0.05017251809998119,113,0.8808290155440415,0.8860103626943006,0.8969072164948454,0.8917525773195877,0.8711340206185567,0.8853266385342664,0.00891660215288629,0.7037037037037037,0.6842105263157895,0.631578947368421,0.7142857142857143,0.8333333333333334,0.7134224450013924,0.0663709493753349,120,0.8823529411764706,0.935064935064935,0.948051948051948,0.9358974358974359,0.9705882352941176,0.9343910990969814,0.02900877263267986,0.8260869565217391,0.5909090909090909,0.5454545454545454,0.6818181818181818,0.6818181818181818,0.6652173913043478,0.09622375201401802,135,0.8522727272727273,0.8089887640449438,0.8202247191011236,0.8202247191011236,0.7415730337078652,0.8086567926455567,0.0365248532278632,0.76,0.6341463414634146,0.5853658536585366,0.6976744186046512,0.75,0.6854373227453204,0.06711593303351422,125,0.8670520231213873,0.8674698795180723,0.8795180722891566,0.874251497005988,0.8407643312101911,0.8658111606289591,0.01334731027157856,0.8260869565217391,0.792929292929293,0.7578671328671328,0.7805944055944056,0.8041958041958042,0.792334718421675,0.022830251205764738,113,0.9534090909090909,0.9650496974935177,0.9539325842696629,0.9581059390048153,0.9547351524879615,0.9570464928330097,0.004323034224166877
0.10645976066589355,0.026480448470686067,0.16480555534362792,0.04574704519637239,gini,4,2,5,"{'classifier__criterion': 'gini', 'classifier__max_depth': 4, 'classifier__min_samples_leaf': 2, 'classifier__min_samples_split': 5}",0.7551020408163265,0.6938775510204082,0.6458333333333334,0.7291666666666666,0.7916666666666666,0.7231292517006802,0.05017251809998119,113,0.8808290155440415,0.8860103626943006,0.8969072164948454,0.8917525773195877,0.8711340206185567,0.8853266385342664,0.00891660215288629,0.7037037037037037,0.6842105263157895,0.631578947368421,0.7142857142857143,0.8333333333333334,0.7134224450013924,0.0663709493753349,120,0.8823529411764706,0.935064935064935,0.948051948051948,0.9358974358974359,0.9705882352941176,0.9343910990969814,0.02900877263267986,0.8260869565217391,0.5909090909090909,0.5454545454545454,0.6818181818181818,0.6818181818181818,0.6652173913043478,0.09622375201401802,135,0.8522727272727273,0.8089887640449438,0.8202247191011236,0.8202247191011236,0.7415730337078652,0.8086567926455567,0.0365248532278632,0.76,0.6341463414634146,0.5853658536585366,0.6976744186046512,0.75,0.6854373227453204,0.06711593303351422,125,0.8670520231213873,0.8674698795180723,0.8795180722891566,0.874251497005988,0.8407643312101911,0.8658111606289591,0.01334731027157856,0.8260869565217391,0.792929292929293,0.7578671328671328,0.7805944055944056,0.8041958041958042,0.792334718421675,0.022830251205764738,113,0.9534090909090909,0.9650496974935177,0.9539325842696629,0.9581059390048153,0.9547351524879615,0.9570464928330097,0.004323034224166877
0.08238577842712402,0.027921700493469277,0.13048286437988282,0.04757609909004515,gini,4,2,10,"{'classifier__criterion': 'gini', 'classifier__max_depth': 4, 'classifier__min_samples_leaf': 2, 'classifier__min_samples_split': 10}",0.7551020408163265,0.7346938775510204,0.6666666666666666,0.7291666666666666,0.7916666666666666,0.7354591836734693,0.04078655376723671,82,0.8808290155440415,0.8808290155440415,0.8969072164948454,0.8917525773195877,0.8711340206185567,0.8842903691042145,0.009076572392056018,0.7037037037037037,0.7368421052631579,0.65,0.7142857142857143,0.8333333333333334,0.7276329713171819,0.06005832503940866,82,0.8823529411764706,0.9024390243902439,0.9367088607594937,0.925,0.9705882352941176,0.9234178123240652,0.030101951016733887,0.8260869565217391,0.6363636363636364,0.5909090909090909,0.6818181818181818,0.6818181818181818,0.683399209486166,0.07890698273844693,118,0.8522727272727273,0.8314606741573034,0.8314606741573034,0.8314606741573034,0.7415730337078652,0.8176455566905005,0.03888095191051499,0.76,0.6829268292682927,0.6190476190476191,0.6976744186046512,0.75,0.7019297733841126,0.05085581450129312,93,0.8670520231213873,0.8654970760233918,0.8809523809523809,0.8757396449704142,0.8407643312101911,0.8660010912555531,0.01383208616791958,0.8260869565217391,0.7962962962962965,0.7657342657342657,0.791958041958042,0.8234265734265734,0.8007004267873834,0.022268415793220135,89,0.9534090909090909,0.9595397579948142,0.9518459069020866,0.9562332798287855,0.9525414660246121,0.954713900331878,0.0028370689452690153
0.060906410217285156,0.012840376054605428,0.1003026008605957,0.0214728412271151,gini,4,4,2,"{'classifier__criterion': 'gini', 'classifier__max_depth': 4, 'classifier__min_samples_leaf': 4, 'classifier__min_samples_split': 2}",0.7346938775510204,0.7346938775510204,0.7083333333333334,0.75,0.7916666666666666,0.7438775510204081,0.02739837616914551,69,0.8808290155440415,0.8860103626943006,0.8762886597938144,0.8865979381443299,0.8711340206185567,0.8801719993590087,0.005874967776361591,0.6785714285714286,0.7647058823529411,0.7222222222222222,0.7272727272727273,0.8333333333333334,0.7452211187505304,0.051839547780547446,71,0.891566265060241,0.935064935064935,0.9452054794520548,0.9240506329113924,0.9705882352941176,0.933295109556548,0.0259326945460587,0.8260869565217391,0.5909090909090909,0.5909090909090909,0.7272727272727273,0.6818181818181818,0.6833992094861661,0.08876488318512582,115,0.8409090909090909,0.8089887640449438,0.7752808988764045,0.8202247191011236,0.7415730337078652,0.7973953013278856,0.03508336624493584,0.7450980392156863,0.6666666666666666,0.65,0.7272727272727273,0.75,0.707807486631016,0.04143419280651134,81,0.8654970760233918,0.8674698795180723,0.8518518518518519,0.8690476190476191,0.8407643312101911,0.8589261515302253,0.010940876332428894,0.8444816053511706,0.7971380471380471,0.7674825174825174,0.8732517482517483,0.826048951048951,0.8216805738544869,0.036710545399013,60,0.9489718614718615,0.9629969749351772,0.950936329588015,0.9555912252541465,0.9539860888175495,0.95449649601335,0.0048355653508085055
0.06215548515319824,0.024456865618510182,0.07435011863708496,0.015550865376935544,gini,4,4,5,"{'classifier__criterion': 'gini', 'classifier__max_depth': 4, 'classifier__min_samples_leaf': 4, 'classifier__min_samples_split': 5}",0.7346938775510204,0.7346938775510204,0.7083333333333334,0.75,0.7916666666666666,0.7438775510204081,0.02739837616914551,69,0.8808290155440415,0.8860103626943006,0.8762886597938144,0.8865979381443299,0.8711340206185567,0.8801719993590087,0.005874967776361591,0.6785714285714286,0.7647058823529411,0.7222222222222222,0.7272727272727273,0.8333333333333334,0.7452211187505304,0.051839547780547446,71,0.891566265060241,0.935064935064935,0.9452054794520548,0.9240506329113924,0.9705882352941176,0.933295109556548,0.0259326945460587,0.8260869565217391,0.5909090909090909,0.5909090909090909,0.7272727272727273,0.6818181818181818,0.6833992094861661,0.08876488318512582,115,0.8409090909090909,0.8089887640449438,0.7752808988764045,0.8202247191011236,0.7415730337078652,0.7973953013278856,0.03508336624493584,0.7450980392156863,0.6666666666666666,0.65,0.7272727272727273,0.75,0.707807486631016,0.04143419280651134,81,0.8654970760233918,0.8674698795180723,0.8518518518518519,0.8690476190476191,0.8407643312101911,0.8589261515302253,0.010940876332428894,0.8444816053511706,0.7971380471380471,0.7674825174825174,0.8732517482517483,0.826048951048951,0.8216805738544869,0.036710545399013,60,0.9489718614718615,0.9629969749351772,0.950936329588015,0.9555912252541465,0.9539860888175495,0.95449649601335,0.0048355653508085055
0.05995960235595703,0.02874153130170373,0.07524623870849609,0.028008904012698177,gini,4,4,10,"{'classifier__criterion': 'gini', 'classifier__max_depth': 4, 'classifier__min_samples_leaf': 4, 'classifier__min_samples_split': 10}",0.7346938775510204,0.7346938775510204,0.7083333333333334,0.75,0.7916666666666666,0.7438775510204081,0.02739837616914551,69,0.8808290155440415,0.8808290155440415,0.8762886597938144,0.8865979381443299,0.8711340206185567,0.8791357299289568,0.005168213309077897,0.6785714285714286,0.7368421052631579,0.7222222222222222,0.7272727272727273,0.8333333333333334,0.7396483633325739,0.050935189034882804,74,0.891566265060241,0.9024390243902439,0.9452054794520548,0.9240506329113924,0.9705882352941176,0.9267699274216099,0.028630748967099735,0.8260869565217391,0.6363636363636364,0.5909090909090909,0.7272727272727273,0.6818181818181818,0.692490118577075,0.08079693360321631,102,0.8409090909090909,0.8314606741573034,0.7752808988764045,0.8202247191011236,0.7415730337078652,0.8018896833503575,0.03762780045338112,0.7450980392156863,0.6829268292682927,0.65,0.7272727272727273,0.75,0.7110595191513414,0.038620106508221196,73,0.8654970760233918,0.8654970760233918,0.8518518518518519,0.8690476190476191,0.8407643312101911,0.8585315908312892,0.010657553609026446,0.8444816053511706,0.7996632996632997,0.7674825174825174,0.8697552447552448,0.826048951048951,0.8214863236602368,0.03541791848898329,62,0.9489718614718615,0.9597558340535869,0.950936329588015,0.9548956661316211,0.9539860888175495,0.9537091560125267,0.0036926234392078818
0.050065135955810545,0.017927051891803037,0.07240533828735352,0.01704218062795559,gini,4,8,2,"{'classifier__criterion': 'gini', 'classifier__max_depth': 4, 'classifier__min_samples_leaf': 8, 'classifier__min_samples_split': 2}",0.7959183673469388,0.6938775510204082,0.8125,0.7708333333333334,0.8541666666666666,0.7854591836734695,0.0532211037607326,26,0.8549222797927462,0.8601036269430051,0.845360824742268,0.8608247422680413,0.8505154639175257,0.8543453875327172,0.005845730869716222,0.7407407407407407,0.7058823529411765,0.8823529411764706,0.72,0.8947368421052632,0.7887425753927302,0.0823325202145499,25,0.8658536585365854,0.8875,0.8831168831168831,0.8604651162790697,0.875,0.8743871315865077,0.010150607469685729,0.8695652173913043,0.5454545454545454,0.6818181818181818,0.8181818181818182,0.7727272727272727,0.7375494071146245,0.11416973982262249,22,0.8068181818181818,0.797752808988764,0.7640449438202247,0.8314606741573034,0.7865168539325843,0.7973186925434116,0.022270723982668664,0.8,0.6153846153846154,0.7692307692307693,0.7659574468085106,0.8292682926829268,0.7559682248213644,0.07396097356887057,22,0.8352941176470589,0.8402366863905325,0.8192771084337349,0.8457142857142858,0.8284023668639053,0.8337849130099034,0.009226713479305211,0.8436454849498328,0.8106060606060606,0.7456293706293706,0.8758741258741258,0.9029720279720279,0.8357454140062834,0.05467180374868857,37,0.9368506493506493,0.9419295592048401,0.9329588014981274,0.9427501337613697,0.9365971107544141,0.9382172509138801,0.003646148762274126
0.08254938125610352,0.03233381224871031,0.104864501953125,0.03279350236317444,gini,4,8,5,"{'classifier__criterion': 'gini', 'classifier__max_depth': 4, 'classifier__min_samples_leaf': 8, 'classifier__min_samples_split': 5}",0.7959183673469388,0.6938775510204082,0.8125,0.7708333333333334,0.8541666666666666,0.7854591836734695,0.0532211037607326,26,0.8549222797927462,0.8601036269430051,0.845360824742268,0.8608247422680413,0.8505154639175257,0.8543453875327172,0.005845730869716222,0.7407407407407407,0.7058823529411765,0.8823529411764706,0.72,0.8947368421052632,0.7887425753927302,0.0823325202145499,25,0.8658536585365854,0.8875,0.8831168831168831,0.8604651162790697,0.875,0.8743871315865077,0.010150607469685729,0.8695652173913043,0.5454545454545454,0.6818181818181818,0.8181818181818182,0.7727272727272727,0.7375494071146245,0.11416973982262249,22,0.8068181818181818,0.797752808988764,0.7640449438202247,0.8314606741573034,0.7865168539325843,0.7973186925434116,0.022270723982668664,0.8,0.6153846153846154,0.7692307692307693,0.7659574468085106,0.8292682926829268,0.7559682248213644,0.07396097356887057,22,0.8352941176470589,0.8402366863905325,0.8192771084337349,0.8457142857142858,0.8284023668639053,0.8337849130099034,0.009226713479305211,0.8436454849498328,0.8106060606060606,0.7456293706293706,0.8758741258741258,0.9029720279720279,0.8357454140062834,0.05467180374868857,37,0.9368506493506493,0.9419295592048401,0.9329588014981274,0.9427501337613697,0.9365971107544141,0.9382172509138801,0.003646148762274126
0.0583280086517334,0.032736464321894754,0.0666050910949707,0.03757596819583972,gini,4,8,10,"{'classifier__criterion': 'gini', 'classifier__max_depth': 4, 'classifier__min_samples_leaf': 8, 'classifier__min_samples_split': 10}",0.7959183673469388,0.6938775510204082,0.8125,0.7708333333333334,0.8541666666666666,0.7854591836734695,0.0532211037607326,26,0.8549222797927462,0.8601036269430051,0.845360824742268,0.8608247422680413,0.8505154639175257,0.8543453875327172,0.005845730869716222,0.7407407407407407,0.7058823529411765,0.8823529411764706,0.72,0.8947368421052632,0.7887425753927302,0.0823325202145499,25,0.8658536585365854,0.8875,0.8831168831168831,0.8604651162790697,0.875,0.8743871315865077,0.010150607469685729,0.8695652173913043,0.5454545454545454,0.6818181818181818,0.8181818181818182,0.7727272727272727,0.7375494071146245,0.11416973982262249,22,0.8068181818181818,0.797752808988764,0.7640449438202247,0.8314606741573034,0.7865168539325843,0.7973186925434116,0.022270723982668664,0.8,0.6153846153846154,0.7692307692307693,0.7659574468085106,0.8292682926829268,0.7559682248213644,0.07396097356887057,22,0.8352941176470589,0.8402366863905325,0.8192771084337349,0.8457142857142858,0.8284023668639053,0.8337849130099034,0.009226713479305211,0.8436454849498328,0.8106060606060606,0.7456293706293706,0.8758741258741258,0.9029720279720279,0.8357454140062834,0.05467180374868857,37,0.9368506493506493,0.9419295592048401,0.9329588014981274,0.9427501337613697,0.9365971107544141,0.9382172509138801,0.003646148762274126
0.03292374610900879,0.0023800839874162133,0.044264030456542966,0.0007573070250887264,gini,5,1,2,"{'classifier__criterion': 'gini', 'classifier__max_depth': 5, 'classifier__min_samples_leaf': 1, 'classifier__min_samples_split': 2}",0.7755102040816326,0.7142857142857143,0.75,0.7291666666666666,0.7083333333333334,0.7354591836734694,0.024654585407374297,81,0.9430051813471503,0.9637305699481865,0.9329896907216495,0.9329896907216495,0.9381443298969072,0.9421718925271086,0.011404541754373547,0.7727272727272727,0.7222222222222222,0.8125,0.7142857142857143,0.6538461538461539,0.7351162726162725,0.054051511531103366,77,1.0,0.9767441860465116,1.0,1.0,0.9529411764705882,0.98593707250342,0.018796468315836645,0.7391304347826086,0.5909090909090909,0.5909090909090909,0.6818181818181818,0.7727272727272727,0.675098814229249,0.07463555890543662,120,0.875,0.9438202247191011,0.8539325842696629,0.8539325842696629,0.9101123595505618,0.8873595505617977,0.03490839636608087,0.7555555555555555,0.65,0.6842105263157895,0.6976744186046512,0.7083333333333334,0.6991547667618658,0.034371522833436974,104,0.9333333333333333,0.96,0.9212121212121213,0.9212121212121213,0.9310344827586207,0.9333584117032393,0.014214360675229944,0.7801003344481605,0.7146464646464646,0.7840909090909091,0.6774475524475524,0.7447552447552448,0.7402081010776664,0.04032381767499567,151,0.9862012987012987,0.9921132238547969,0.9837346174424826,0.9804173354735153,0.98892455858748,0.9862782068119147,0.0040466325801535785
0.03589620590209961,0.006010038921523289,0.04908862113952637,0.010800224500800266,gini,5,1,5,"{'classifier__criterion': 'gini', 'classifier__max_depth': 5, 'classifier__min_samples_leaf': 1, 'classifier__min_samples_split': 5}",0.7959183673469388,0.7142857142857143,0.75,0.7291666666666666,0.7291666666666666,0.7437074829931972,0.028474842819728067,76,0.9326424870466321,0.9637305699481865,0.9329896907216495,0.9226804123711341,0.9329896907216495,0.9370065701618504,0.013933605591772327,0.8095238095238095,0.7222222222222222,0.8125,0.7142857142857143,0.6956521739130435,0.7508367839889579,0.049893154251334296,70,1.0,0.9767441860465116,1.0,1.0,0.9523809523809523,0.9858250276854928,0.01899345875926323,0.7391304347826086,0.5909090909090909,0.5909090909090909,0.6818181818181818,0.7272727272727273,0.6660079051383399,0.06423380950668695,130,0.8522727272727273,0.9438202247191011,0.8539325842696629,0.8314606741573034,0.898876404494382,0.8760725229826353,0.040389583608244115,0.7727272727272727,0.65,0.6842105263157895,0.6976744186046512,0.7111111111111111,0.7031446657517649,0.04029388088300682,90,0.9202453987730062,0.96,0.9212121212121213,0.9079754601226994,0.9248554913294798,0.9268576942874613,0.017518875300661936,0.7876254180602007,0.7146464646464646,0.7840909090909091,0.7027972027972027,0.7779720279720279,0.753426404513361,0.036822742434624814,145,0.9836038961038962,0.9921132238547969,0.9837346174424826,0.9756019261637239,0.9866238630283575,0.9843355053186513,0.005346049191193421
0.03189554214477539,0.0013255736943657598,0.04675846099853516,0.0005527468366005876,gini,5,1,10,"{'classifier__criterion': 'gini', 'classifier__max_depth': 5, 'classifier__min_samples_leaf': 1, 'classifier__min_samples_split': 10}",0.7551020408163265,0.6938775510204082,0.6875,0.7083333333333334,0.7083333333333334,0.7106292517006804,0.023681018618035128,161,0.8911917098445595,0.917098445595855,0.9072164948453608,0.9072164948453608,0.9020618556701031,0.9049570001602479,0.008431967846522309,0.7037037037037037,0.6666666666666666,0.6842105263157895,0.6818181818181818,0.6666666666666666,0.6806131490342016,0.01368631201688567,166,0.9036144578313253,0.9101123595505618,0.9493670886075949,0.9382716049382716,0.9375,0.9277731021855506,0.01770126141375419,0.8260869565217391,0.6363636363636364,0.5909090909090909,0.6818181818181818,0.7272727272727273,0.692490118577075,0.08079693360321631,102,0.8522727272727273,0.9101123595505618,0.8426966292134831,0.8539325842696629,0.8426966292134831,0.8603421859039836,0.025321929951558294,0.76,0.6511627906976745,0.6341463414634146,0.6818181818181818,0.6956521739130435,0.6845558975784629,0.0435399999107414,129,0.8771929824561403,0.9101123595505618,0.8928571428571429,0.8941176470588236,0.8875739644970414,0.8923708192839419,0.01069043231626322,0.822742474916388,0.7382154882154882,0.784965034965035,0.736013986013986,0.7753496503496504,0.7714573268921096,0.03221498104410128,133,0.967478354978355,0.9804991356957649,0.9714285714285714,0.9704119850187266,0.9720171214553237,0.9723670337153483,0.004355585560473023
0.030097532272338866,0.0005442343132172722,0.044978094100952146,0.002553135280969863,gini,5,2,2,"{'classifier__criterion': 'gini', 'classifier__max_depth': 5, 'classifier__min_samples_leaf': 2, 'classifier__min_samples_split': 2}",0.7959183673469388,0.7142857142857143,0.6875,0.7291666666666666,0.6875,0.7228741496598639,0.039878504631669746,142,0.927461139896373,0.9533678756476683,0.9072164948453608,0.9175257731958762,0.9072164948453608,0.9225575556861279,0.017142555729580698,0.8095238095238095,0.7857142857142857,0.7058823529411765,0.7142857142857143,0.64,0.7310812324929973,0.06058196475928593,80,1.0,0.9761904761904762,1.0,0.9866666666666667,0.9493670886075949,0.9824448462929476,0.018801307451845044,0.7391304347826086,0.5,0.5454545454545454,0.6818181818181818,0.7272727272727273,0.6387351778656127,0.0976964446194802,164,0.8409090909090909,0.9213483146067416,0.797752808988764,0.8314606741573034,0.8426966292134831,0.8468335035750766,0.04061996534559845,0.7727272727272727,0.6111111111111112,0.6153846153846154,0.6976744186046512,0.6808510638297872,0.6755496963314875,0.059553769683744956,161,0.9135802469135802,0.9479768786127167,0.8875,0.9024390243902439,0.8928571428571429,0.9088706585547367,0.021475475872813673,0.7959866220735787,0.6809764309764309,0.6958041958041958,0.6835664335664335,0.7517482517482518,0.7216163868337782,0.0451763994455717,158,0.9847943722943724,0.9940038893690579,0.9754949170679509,0.9820759764579989,0.9802568218298555,0.983325195403847,0.006139734663975719
0.03341202735900879,0.001197094774834445,0.05008211135864258,0.002749298926679968,gini,5,2,5,"{'classifier__criterion': 'gini', 'classifier__max_depth': 5, 'classifier__min_samples_leaf': 2, 'classifier__min_samples_split': 5}",0.7959183673469388,0.7142857142857143,0.6875,0.7083333333333334,0.6875,0.7187074829931973,0.04009117027949164,154,0.927461139896373,0.9533678756476683,0.9072164948453608,0.9175257731958762,0.9072164948453608,0.9225575556861279,0.017142555729580698,0.8095238095238095,0.7857142857142857,0.7058823529411765,0.6818181818181818,0.64,0.7245877259994907,0.06369427425995058,87,1.0,0.9761904761904762,1.0,1.0,0.9493670886075949,0.9851115129596142,0.020110941839450242,0.7391304347826086,0.5,0.5454545454545454,0.6818181818181818,0.7272727272727273,0.6387351778656127,0.0976964446194802,164,0.8409090909090909,0.9213483146067416,0.797752808988764,0.8202247191011236,0.8426966292134831,0.8445863125638405,0.0417045851509316,0.7727272727272727,0.6111111111111112,0.6153846153846154,0.6818181818181818,0.6808510638297872,0.6723784489741937,0.05870734867688926,164,0.9135802469135802,0.9479768786127167,0.8875,0.9012345679012346,0.8928571428571429,0.9086297672569348,0.021552884443502493,0.7959866220735787,0.6809764309764309,0.6958041958041958,0.6765734265734265,0.7491258741258742,0.7196933099107012,0.046078099230083956,162,0.9847943722943724,0.9940038893690579,0.9754949170679509,0.9795077581594436,0.9795077581594436,0.9826617390100537,0.006394544966664644
0.03027234077453613,0.000441674998873532,0.045658302307128903,0.004364076786172576,gini,5,2,10,"{'classifier__criterion': 'gini', 'classifier__max_depth': 5, 'classifier__min_samples_leaf': 2, 'classifier__min_samples_split': 10}",0.7551020408163265,0.7346938775510204,0.6875,0.7291666666666666,0.7083333333333334,0.7229591836734695,0.023154560482884064,115,0.8860103626943006,0.8808290155440415,0.8969072164948454,0.8917525773195877,0.8917525773195877,0.8894503498744726,0.0055202586832308964,0.7037037037037037,0.7368421052631579,0.6842105263157895,0.7142857142857143,0.6666666666666666,0.7011417432470064,0.024203472792657506,145,0.9024390243902439,0.9024390243902439,0.948051948051948,0.9358974358974359,0.9358974358974359,0.9249449737254617,0.018904394350207198,0.8260869565217391,0.6363636363636364,0.5909090909090909,0.6818181818181818,0.7272727272727273,0.692490118577075,0.08079693360321631,102,0.8409090909090909,0.8314606741573034,0.8202247191011236,0.8202247191011236,0.8202247191011236,0.826608784473953,0.008370286371348686,0.76,0.6829268292682927,0.6341463414634146,0.6976744186046512,0.6956521739130435,0.6940799526498804,0.040192722273709534,115,0.8705882352941177,0.8654970760233918,0.8795180722891566,0.874251497005988,0.874251497005988,0.8728212755237283,0.004638286771683582,0.8277591973244147,0.8005050505050505,0.7701048951048951,0.7482517482517482,0.7744755244755246,0.7842192831323266,0.02738163871761295,127,0.9679112554112554,0.9666702679343129,0.9674157303370787,0.9706260032102729,0.9678972712680578,0.9681041056321955,0.0013393797181541986
0.032568502426147464,0.0019624489702734877,0.0458071231842041,0.00177534369237538,gini,5,4,2,"{'classifier__criterion': 'gini', 'classifier__max_depth': 5, 'classifier__min_samples_leaf': 4, 'classifier__min_samples_split': 2}",0.7346938775510204,0.7142857142857143,0.7083333333333334,0.75,0.75,0.7314625850340136,0.017479816540856584,91,0.8808290155440415,0.8963730569948186,0.8865979381443299,0.8969072164948454,0.9020618556701031,0.8925538165696277,0.007705646537143828,0.6785714285714286,0.7222222222222222,0.7222222222222222,0.7272727272727273,0.7083333333333334,0.7117243867243868,0.01773571465421773,125,0.891566265060241,0.948051948051948,0.935064935064935,0.9156626506024096,0.8888888888888888,0.9158469375336844,0.023335875967117517,0.8260869565217391,0.5909090909090909,0.5909090909090909,0.7272727272727273,0.7727272727272727,0.7015810276679841,0.09562440390013621,81,0.8409090909090909,0.8202247191011236,0.8089887640449438,0.8539325842696629,0.898876404494382,0.8445863125638405,0.03133356517321882,0.7450980392156863,0.65,0.65,0.7272727272727273,0.7391304347826086,0.7023002402542045,0.04308681978083974,91,0.8654970760233918,0.8795180722891566,0.8674698795180723,0.8837209302325582,0.8938547486033519,0.8780121413333062,0.010522475447776325,0.8394648829431438,0.7744107744107744,0.7281468531468532,0.8041958041958042,0.8479020979020979,0.7988240825197347,0.04400105001324838,109,0.9628246753246753,0.9738547968885047,0.9646334938469769,0.9690208667736758,0.9732477260567148,0.9687163117781095,0.004436468881839214
0.03241991996765137,0.0022265994046991432,0.04452767372131348,0.0011307477486046348,gini,5,4,5,"{'classifier__criterion': 'gini', 'classifier__max_depth': 5, 'classifier__min_samples_leaf': 4, 'classifier__min_samples_split': 5}",0.7346938775510204,0.7142857142857143,0.7083333333333334,0.75,0.75,0.7314625850340136,0.017479816540856584,91,0.8808290155440415,0.8963730569948186,0.8865979381443299,0.8969072164948454,0.9020618556701031,0.8925538165696277,0.007705646537143828,0.6785714285714286,0.7222222222222222,0.7222222222222222,0.7272727272727273,0.7083333333333334,0.7117243867243868,0.01773571465421773,125,0.891566265060241,0.948051948051948,0.935064935064935,0.9156626506024096,0.8888888888888888,0.9158469375336844,0.023335875967117517,0.8260869565217391,0.5909090909090909,0.5909090909090909,0.7272727272727273,0.7727272727272727,0.7015810276679841,0.09562440390013621,81,0.8409090909090909,0.8202247191011236,0.8089887640449438,0.8539325842696629,0.898876404494382,0.8445863125638405,0.03133356517321882,0.7450980392156863,0.65,0.65,0.7272727272727273,0.7391304347826086,0.7023002402542045,0.04308681978083974,91,0.8654970760233918,0.8795180722891566,0.8674698795180723,0.8837209302325582,0.8938547486033519,0.8780121413333062,0.010522475447776325,0.8394648829431438,0.7744107744107744,0.7281468531468532,0.8041958041958042,0.8479020979020979,0.7988240825197347,0.04400105001324838,109,0.9628246753246753,0.9738547968885047,0.9646334938469769,0.9690208667736758,0.9732477260567148,0.9687163117781095,0.004436468881839214
0.03304071426391601,0.003021073868865962,0.04423508644104004,0.000698013356871024,gini,5,4,10,"{'classifier__criterion': 'gini', 'classifier__max_depth': 5, 'classifier__min_samples_leaf': 4, 'classifier__min_samples_split': 10}",0.7346938775510204,0.7346938775510204,0.7083333333333334,0.75,0.75,0.7355442176870748,0.015230349100161966,80,0.8808290155440415,0.8808290155440415,0.8865979381443299,0.8865979381443299,0.8865979381443299,0.8842903691042145,0.0028261833472632914,0.6785714285714286,0.7368421052631579,0.7222222222222222,0.7272727272727273,0.7272727272727273,0.7184362421204528,0.02048648209112624,116,0.891566265060241,0.9024390243902439,0.935064935064935,0.9240506329113924,0.8941176470588236,0.9094477008971271,0.017166048785166955,0.8260869565217391,0.6363636363636364,0.5909090909090909,0.7272727272727273,0.7272727272727273,0.7015810276679841,0.08163753902636446,81,0.8409090909090909,0.8314606741573034,0.8089887640449438,0.8202247191011236,0.8539325842696629,0.8311031664964249,0.015651541104299938,0.7450980392156863,0.6829268292682927,0.65,0.7272727272727273,0.7272727272727273,0.7065140646058868,0.034930686844865784,84,0.8654970760233918,0.8654970760233918,0.8674698795180723,0.8690476190476191,0.8735632183908046,0.8682149738006559,0.0029875113539064263,0.8394648829431438,0.8047138047138047,0.75,0.8129370629370629,0.8243006993006994,0.8062832899789422,0.03046371566220737,82,0.9628246753246753,0.96645419187554,0.9596040663456393,0.9659711075441413,0.9662921348314606,0.9642292351842914,0.0026685232521196007
0.03189687728881836,0.001841946572428967,0.045318889617919925,0.0010093058546069864,gini,5,8,2,"{'classifier__criterion': 'gini', 'classifier__max_depth': 5, 'classifier__min_samples_leaf': 8, 'classifier__min_samples_split': 2}",0.7551020408163265,0.6938775510204082,0.8125,0.7708333333333334,0.8541666666666666,0.7772959183673469,0.05411357782404751,36,0.8601036269430051,0.8601036269430051,0.845360824742268,0.8608247422680413,0.8505154639175257,0.855381656962769,0.006297905870588692,0.6896551724137931,0.7058823529411765,0.8823529411764706,0.72,0.8947368421052632,0.7785254617273407,0.09042721898332627,44,0.8210526315789474,0.8875,0.8831168831168831,0.8604651162790697,0.875,0.86542692619498,0.024022891106147456,0.8695652173913043,0.5454545454545454,0.6818181818181818,0.8181818181818182,0.7727272727272727,0.7375494071146245,0.11416973982262249,22,0.8863636363636364,0.797752808988764,0.7640449438202247,0.8314606741573034,0.7865168539325843,0.8132277834525026,0.04255159594952456,0.7692307692307693,0.6153846153846154,0.7692307692307693,0.7659574468085106,0.8292682926829268,0.7498143786675182,0.07127254282355774,27,0.8524590163934426,0.8402366863905325,0.8192771084337349,0.8457142857142858,0.8284023668639053,0.8372178927591802,0.01194302220456394,0.8428093645484949,0.8106060606060606,0.7456293706293706,0.8758741258741258,0.9029720279720279,0.8355781899260158,0.05464865795709933,40,0.9455627705627706,0.9419295592048401,0.9354735152487962,0.9427501337613697,0.9365971107544141,0.9404626179064381,0.003826996042544462
0.02999577522277832,0.0005992122993596943,0.04512877464294433,0.0020695203421991232,gini,5,8,5,"{'classifier__criterion': 'gini', 'classifier__max_depth': 5, 'classifier__min_samples_leaf': 8, 'classifier__min_samples_split': 5}",0.7551020408163265,0.6938775510204082,0.8125,0.7708333333333334,0.8541666666666666,0.7772959183673469,0.05411357782404751,36,0.8601036269430051,0.8601036269430051,0.845360824742268,0.8608247422680413,0.8505154639175257,0.855381656962769,0.006297905870588692,0.6896551724137931,0.7058823529411765,0.8823529411764706,0.72,0.8947368421052632,0.7785254617273407,0.09042721898332627,44,0.8210526315789474,0.8875,0.8831168831168831,0.8604651162790697,0.875,0.86542692619498,0.024022891106147456,0.8695652173913043,0.5454545454545454,0.6818181818181818,0.8181818181818182,0.7727272727272727,0.7375494071146245,0.11416973982262249,22,0.8863636363636364,0.797752808988764,0.7640449438202247,0.8314606741573034,0.7865168539325843,0.8132277834525026,0.04255159594952456,0.7692307692307693,0.6153846153846154,0.7692307692307693,0.7659574468085106,0.8292682926829268,0.7498143786675182,0.07127254282355774,27,0.8524590163934426,0.8402366863905325,0.8192771084337349,0.8457142857142858,0.8284023668639053,0.8372178927591802,0.01194302220456394,0.8428093645484949,0.8106060606060606,0.7456293706293706,0.8758741258741258,0.9029720279720279,0.8355781899260158,0.05464865795709933,40,0.9455627705627706,0.9419295592048401,0.9354735152487962,0.9427501337613697,0.9365971107544141,0.9404626179064381,0.003826996042544462
0.0317624568939209,0.0009921209703290061,0.051821136474609376,0.00724974122720527,gini,5,8,10,"{'classifier__criterion': 'gini', 'classifier__max_depth': 5, 'classifier__min_samples_leaf': 8, 'classifier__min_samples_split': 10}",0.7551020408163265,0.6938775510204082,0.8125,0.7708333333333334,0.8541666666666666,0.7772959183673469,0.05411357782404751,36,0.8601036269430051,0.8601036269430051,0.845360824742268,0.8608247422680413,0.8505154639175257,0.855381656962769,0.006297905870588692,0.6896551724137931,0.7058823529411765,0.8823529411764706,0.72,0.8947368421052632,0.7785254617273407,0.09042721898332627,44,0.8210526315789474,0.8875,0.8831168831168831,0.8604651162790697,0.875,0.86542692619498,0.024022891106147456,0.8695652173913043,0.5454545454545454,0.6818181818181818,0.8181818181818182,0.7727272727272727,0.7375494071146245,0.11416973982262249,22,0.8863636363636364,0.797752808988764,0.7640449438202247,0.8314606741573034,0.7865168539325843,0.8132277834525026,0.04255159594952456,0.7692307692307693,0.6153846153846154,0.7692307692307693,0.7659574468085106,0.8292682926829268,0.7498143786675182,0.07127254282355774,27,0.8524590163934426,0.8402366863905325,0.8192771084337349,0.8457142857142858,0.8284023668639053,0.8372178927591802,0.01194302220456394,0.8428093645484949,0.8106060606060606,0.7456293706293706,0.8758741258741258,0.9029720279720279,0.8355781899260158,0.05464865795709933,40,0.9455627705627706,0.9419295592048401,0.9354735152487962,0.9427501337613697,0.9365971107544141,0.9404626179064381,0.003826996042544462
0.030823564529418944,0.0008456898849221209,0.046246004104614255,0.002938733565857926,gini,6,1,2,"{'classifier__criterion': 'gini', 'classifier__max_depth': 6, 'classifier__min_samples_leaf': 1, 'classifier__min_samples_split': 2}",0.7346938775510204,0.673469387755102,0.7291666666666666,0.6666666666666666,0.75,0.7107993197278911,0.03401828199143453,160,0.9792746113989638,0.9792746113989638,0.9742268041237113,0.9742268041237113,0.9587628865979382,0.9731531435286577,0.0075409512192195225,0.7083333333333334,0.65,0.7647058823529411,0.6153846153846154,0.7083333333333334,0.6893514328808447,0.05180452394360019,159,1.0,1.0,0.9883720930232558,0.9883720930232558,0.9764705882352941,0.9906429548563611,0.008789518646800129,0.7391304347826086,0.5909090909090909,0.5909090909090909,0.7272727272727273,0.7727272727272727,0.684189723320158,0.0776093775604622,108,0.9545454545454546,0.9550561797752809,0.9550561797752809,0.9550561797752809,0.9325842696629213,0.9504596527068436,0.008939880076421299,0.723404255319149,0.6190476190476191,0.6666666666666666,0.6666666666666666,0.7391304347826086,0.6829831284965419,0.04337416447281845,131,0.9767441860465116,0.9770114942528736,0.9714285714285714,0.9714285714285714,0.9540229885057471,0.970127162332455,0.00841321311669466,0.7307692307692307,0.6675084175084176,0.7491258741258741,0.6451048951048951,0.7342657342657342,0.7053548303548303,0.04113402982723214,167,0.9941558441558441,0.9991356957649092,0.9968432316746925,0.996629213483146,0.9956126270733012,0.9964753224303786,0.0016346772582020836
0.032305335998535155,0.0024376779387618166,0.04769120216369629,0.003160930052391184,gini,6,1,5,"{'classifier__criterion': 'gini', 'classifier__max_depth': 6, 'classifier__min_samples_leaf': 1, 'classifier__min_samples_split': 5}",0.7755102040816326,0.7142857142857143,0.6875,0.6666666666666666,0.75,0.7187925170068027,0.03976792724535474,152,0.9585492227979274,0.9740932642487047,0.9690721649484536,0.9536082474226805,0.9484536082474226,0.9607553015330378,0.009532578769781372,0.7727272727272727,0.7222222222222222,0.6842105263157895,0.6153846153846154,0.75,0.7089089273299799,0.05530878631975294,134,1.0,1.0,1.0,0.9878048780487805,0.9759036144578314,0.9927416985013224,0.009653414860798435,0.7391304347826086,0.5909090909090909,0.5909090909090909,0.7272727272727273,0.6818181818181818,0.6660079051383399,0.06423380950668695,130,0.9090909090909091,0.9438202247191011,0.9325842696629213,0.9101123595505618,0.9101123595505618,0.9211440245148109,0.014378888134641683,0.7555555555555555,0.65,0.6341463414634146,0.6666666666666666,0.7142857142857143,0.6841308555942702,0.044674753762397504,130,0.9523809523809523,0.9710982658959537,0.9651162790697675,0.9473684210526315,0.9418604651162791,0.9555648767031169,0.010932937603836377,0.7533444816053512,0.6877104377104377,0.7071678321678321,0.6564685314685315,0.7368881118881119,0.7083158789680528,0.03451955159940078,166,0.9904761904761905,0.9982173725151253,0.9958801498127341,0.9917067950775816,0.9930444087747459,0.9938649833312756,0.0028220284800677753
0.032886695861816403,0.002965749778229121,0.046728515625,0.0031098764663773115,gini,6,1,10,"{'classifier__criterion': 'gini', 'classifier__max_depth': 6, 'classifier__min_samples_leaf': 1, 'classifier__min_samples_split': 10}",0.7551020408163265,0.7346938775510204,0.6875,0.7083333333333334,0.7083333333333334,0.7187925170068028,0.023533998611724914,149,0.8963730569948186,0.917098445595855,0.9226804123711341,0.9175257731958762,0.9072164948453608,0.9121788366006089,0.009354388081822254,0.7037037037037037,0.7368421052631579,0.6842105263157895,0.6666666666666666,0.6666666666666666,0.6916179337231968,0.026424581992718195,157,0.9047619047619048,0.9195402298850575,0.9512195121951219,0.9294117647058824,0.9176470588235294,0.9245160940742994,0.015486839544364394,0.8260869565217391,0.6363636363636364,0.5909090909090909,0.7272727272727273,0.7272727272727273,0.7015810276679841,0.08163753902636446,81,0.8636363636363636,0.898876404494382,0.8764044943820225,0.8876404494382022,0.8764044943820225,0.8805924412665986,0.011887506864944743,0.76,0.6829268292682927,0.6341463414634146,0.6956521739130435,0.6956521739130435,0.6936755037115588,0.04016468204365502,117,0.8837209302325582,0.9090909090909091,0.9122807017543859,0.9080459770114943,0.896551724137931,0.9019380484454558,0.010548142678010615,0.822742474916388,0.7516835016835017,0.7526223776223776,0.7255244755244756,0.7788461538461539,0.7662837967185794,0.032883188444802376,136,0.9711038961038962,0.9834701815038894,0.9783841626538256,0.9813804173354734,0.9744248261102193,0.9777526967414609,0.004506218165416851
0.032811307907104494,0.0012700613215794047,0.04621047973632812,0.0015327776169219269,gini,6,2,2,"{'classifier__criterion': 'gini', 'classifier__max_depth': 6, 'classifier__min_samples_leaf': 2, 'classifier__min_samples_split': 2}",0.7755102040816326,0.7346938775510204,0.6666666666666666,0.6666666666666666,0.7083333333333334,0.7103741496598639,0.04161491997064372,166,0.9481865284974094,0.9481865284974094,0.9381443298969072,0.9329896907216495,0.9278350515463918,0.9390684258319535,0.00812740135730379,0.7727272727272727,0.8461538461538461,0.6666666666666666,0.625,0.6538461538461539,0.7128787878787878,0.08329126686955743,122,1.0,0.9876543209876543,1.0,0.9871794871794872,0.9746835443037974,0.9899034704941878,0.009465777601083919,0.7391304347826086,0.5,0.5454545454545454,0.6818181818181818,0.7727272727272727,0.6478260869565217,0.10716784699371243,163,0.8863636363636364,0.898876404494382,0.8651685393258427,0.8651685393258427,0.8651685393258427,0.8761491317671093,0.014018453986484452,0.7555555555555555,0.6285714285714286,0.6,0.6521739130434783,0.7083333333333334,0.6689268461007593,0.0560669869730854,167,0.9397590361445783,0.9411764705882353,0.927710843373494,0.9221556886227545,0.9166666666666666,0.9294937410791457,0.00962727404437819,0.7625418060200668,0.7297979797979798,0.6704545454545454,0.6617132867132867,0.7333916083916084,0.7115798452754973,0.03894287823683614,165,0.9931277056277057,0.9944900605012965,0.9901016586409844,0.9895666131621188,0.988550026752274,0.9911672129368758,0.002255297614439805
0.03289365768432617,0.0018940030207837215,0.04682059288024902,0.002100101737837266,gini,6,2,5,"{'classifier__criterion': 'gini', 'classifier__max_depth': 6, 'classifier__min_samples_leaf': 2, 'classifier__min_samples_split': 5}",0.7755102040816326,0.7346938775510204,0.6666666666666666,0.6875,0.7083333333333334,0.7145408163265305,0.03790800685428099,159,0.9481865284974094,0.9481865284974094,0.9381443298969072,0.9329896907216495,0.9175257731958762,0.9370065701618504,0.011374657839697875,0.7727272727272727,0.8461538461538461,0.6666666666666666,0.6521739130434783,0.6818181818181818,0.7239079760818891,0.07419066054339847,88,1.0,0.9876543209876543,1.0,0.9871794871794872,0.974025974025974,0.989771956438623,0.009678501837464987,0.7391304347826086,0.5,0.5454545454545454,0.6818181818181818,0.6818181818181818,0.6296442687747035,0.09091424628791657,166,0.8863636363636364,0.898876404494382,0.8651685393258427,0.8651685393258427,0.8426966292134831,0.8716547497446374,0.01939115483294113,0.7555555555555555,0.6285714285714286,0.6,0.6666666666666666,0.6818181818181818,0.6665223665223665,0.05296487605311076,168,0.9397590361445783,0.9411764705882353,0.927710843373494,0.9221556886227545,0.9036144578313253,0.9268832993120775,0.0136715285170983,0.7625418060200668,0.723063973063973,0.6704545454545454,0.6853146853146853,0.7263986013986015,0.7135547222503744,0.032589109790940436,164,0.9931277056277057,0.9942739844425238,0.9901016586409844,0.9876404494382023,0.984697699304441,0.9899682994907714,0.0035138772572809993
0.038949203491210935,0.014956042642523636,0.05467996597290039,0.017591388520676956,gini,6,2,10,"{'classifier__criterion': 'gini', 'classifier__max_depth': 6, 'classifier__min_samples_leaf': 2, 'classifier__min_samples_split': 10}",0.7551020408163265,0.7346938775510204,0.6875,0.7291666666666666,0.7083333333333334,0.7229591836734695,0.023154560482884064,115,0.8860103626943006,0.8808290155440415,0.9123711340206185,0.8917525773195877,0.8969072164948454,0.8935740612146787,0.01083885047620255,0.7037037037037037,0.7368421052631579,0.6842105263157895,0.7142857142857143,0.6666666666666666,0.7011417432470064,0.024203472792657506,145,0.9024390243902439,0.9024390243902439,0.95,0.9358974358974359,0.9156626506024096,0.9212876270560667,0.018868104724455922,0.8260869565217391,0.6363636363636364,0.5909090909090909,0.6818181818181818,0.7272727272727273,0.692490118577075,0.08079693360321631,102,0.8409090909090909,0.8314606741573034,0.8539325842696629,0.8202247191011236,0.8539325842696629,0.8400919305413688,0.013061392111858043,0.76,0.6829268292682927,0.6341463414634146,0.6976744186046512,0.6956521739130435,0.6940799526498804,0.040192722273709534,115,0.8705882352941177,0.8654970760233918,0.8994082840236687,0.874251497005988,0.8837209302325582,0.8786932045159448,0.011949473994913406,0.8202341137123745,0.8005050505050505,0.7430069930069929,0.7517482517482517,0.777972027972028,0.7786932873889395,0.02898779063470173,130,0.9707251082251083,0.9666702679343129,0.9749598715890851,0.9727126805778491,0.9705189941144997,0.971117384488171,0.0027422061951610315
0.0520904541015625,0.01680933750049202,0.07109251022338867,0.01619257776180651,gini,6,4,2,"{'classifier__criterion': 'gini', 'classifier__max_depth': 6, 'classifier__min_samples_leaf': 4, 'classifier__min_samples_split': 2}",0.7346938775510204,0.7142857142857143,0.7083333333333334,0.7083333333333334,0.75,0.7231292517006803,0.016563962327293794,107,0.8808290155440415,0.8963730569948186,0.9020618556701031,0.9020618556701031,0.9072164948453608,0.8977084557448854,0.009110497030014186,0.6785714285714286,0.7222222222222222,0.7222222222222222,0.6666666666666666,0.7083333333333334,0.6996031746031746,0.02291988742570421,147,0.891566265060241,0.948051948051948,0.9069767441860465,0.8977272727272727,0.927710843373494,0.9144066146798003,0.020804307021018827,0.8260869565217391,0.5909090909090909,0.5909090909090909,0.7272727272727273,0.7727272727272727,0.7015810276679841,0.09562440390013621,81,0.8409090909090909,0.8202247191011236,0.8764044943820225,0.8876404494382022,0.8651685393258427,0.8580694586312563,0.024444698854590646,0.7450980392156863,0.65,0.65,0.6956521739130435,0.7391304347826086,0.6959761295822677,0.04123825891902925,106,0.8654970760233918,0.8795180722891566,0.8914285714285715,0.8926553672316384,0.8953488372093024,0.8848895848364121,0.011112013563442515,0.8327759197324415,0.7744107744107744,0.7465034965034965,0.8050699300699301,0.8461538461538461,0.8009827933740976,0.03672055979568167,87,0.9668290043290042,0.9738547968885047,0.9727126805778492,0.9745318352059924,0.9741573033707865,0.9724171240744273,0.002859425334212541
0.060183048248291016,0.0029024466119120223,0.09669241905212403,0.011786687574105491,gini,6,4,5,"{'classifier__criterion': 'gini', 'classifier__max_depth': 6, 'classifier__min_samples_leaf': 4, 'classifier__min_samples_split': 5}",0.7346938775510204,0.7142857142857143,0.7083333333333334,0.7083333333333334,0.75,0.7231292517006803,0.016563962327293794,107,0.8808290155440415,0.8963730569948186,0.9020618556701031,0.9020618556701031,0.9072164948453608,0.8977084557448854,0.009110497030014186,0.6785714285714286,0.7222222222222222,0.7222222222222222,0.6666666666666666,0.7083333333333334,0.6996031746031746,0.02291988742570421,147,0.891566265060241,0.948051948051948,0.9069767441860465,0.8977272727272727,0.927710843373494,0.9144066146798003,0.020804307021018827,0.8260869565217391,0.5909090909090909,0.5909090909090909,0.7272727272727273,0.7727272727272727,0.7015810276679841,0.09562440390013621,81,0.8409090909090909,0.8202247191011236,0.8764044943820225,0.8876404494382022,0.8651685393258427,0.8580694586312563,0.024444698854590646,0.7450980392156863,0.65,0.65,0.6956521739130435,0.7391304347826086,0.6959761295822677,0.04123825891902925,106,0.8654970760233918,0.8795180722891566,0.8914285714285715,0.8926553672316384,0.8953488372093024,0.8848895848364121,0.011112013563442515,0.8327759197324415,0.7744107744107744,0.7465034965034965,0.8050699300699301,0.8461538461538461,0.8009827933740976,0.03672055979568167,87,0.9668290043290042,0.9738547968885047,0.9727126805778492,0.9745318352059924,0.9741573033707865,0.9724171240744273,0.002859425334212541
0.04796013832092285,0.015218245763563178,0.07063531875610352,0.01959411138194044,gini,6,4,10,"{'classifier__criterion': 'gini', 'classifier__max_depth': 6, 'classifier__min_samples_leaf': 4, 'classifier__min_samples_split': 10}",0.7346938775510204,0.7346938775510204,0.7083333333333334,0.7083333333333334,0.75,0.7272108843537415,0.016395475176863974,100,0.8808290155440415,0.8808290155440415,0.8917525773195877,0.8917525773195877,0.8917525773195877,0.8873831526093692,0.005351430504771768,0.6785714285714286,0.7368421052631579,0.7222222222222222,0.6666666666666666,0.7272727272727273,0.7063150299992405,0.028163331829639596,137,0.891566265060241,0.9024390243902439,0.9146341463414634,0.9047619047619048,0.9358974358974359,0.9098597552902576,0.014942976498722222,0.8260869565217391,0.6363636363636364,0.5909090909090909,0.7272727272727273,0.7272727272727273,0.7015810276679841,0.08163753902636446,81,0.8409090909090909,0.8314606741573034,0.8426966292134831,0.8539325842696629,0.8202247191011236,0.8378447395301329,0.011339940404072773,0.7450980392156863,0.6829268292682927,0.65,0.6956521739130435,0.7272727272727273,0.7001899539339499,0.03343007966494687,99,0.8654970760233918,0.8654970760233918,0.8771929824561403,0.8786127167630058,0.874251497005988,0.8722102696543835,0.005658962844882646,0.8327759197324415,0.8047138047138047,0.7465034965034966,0.8111888111888111,0.8225524475524475,0.8035468959382003,0.030097364628755754,84,0.9668290043290042,0.96645419187554,0.9628678437667202,0.9691278758694489,0.9673087212413054,0.9665175274164037,0.0020426025905919635
0.057970952987670896,0.0011626531954720331,0.0821162223815918,0.0040035727862877965,gini,6,8,2,"{'classifier__criterion': 'gini', 'classifier__max_depth': 6, 'classifier__min_samples_leaf': 8, 'classifier__min_samples_split': 2}",0.7551020408163265,0.6938775510204082,0.8125,0.7708333333333334,0.8541666666666666,0.7772959183673469,0.05411357782404751,36,0.8601036269430051,0.8601036269430051,0.845360824742268,0.8608247422680413,0.8505154639175257,0.855381656962769,0.006297905870588692,0.6896551724137931,0.7058823529411765,0.8823529411764706,0.72,0.8947368421052632,0.7785254617273407,0.09042721898332627,44,0.8210526315789474,0.8875,0.8831168831168831,0.8604651162790697,0.875,0.86542692619498,0.024022891106147456,0.8695652173913043,0.5454545454545454,0.6818181818181818,0.8181818181818182,0.7727272727272727,0.7375494071146245,0.11416973982262249,22,0.8863636363636364,0.797752808988764,0.7640449438202247,0.8314606741573034,0.7865168539325843,0.8132277834525026,0.04255159594952456,0.7692307692307693,0.6153846153846154,0.7692307692307693,0.7659574468085106,0.8292682926829268,0.7498143786675182,0.07127254282355774,27,0.8524590163934426,0.8402366863905325,0.8192771084337349,0.8457142857142858,0.8284023668639053,0.8372178927591802,0.01194302220456394,0.8428093645484949,0.8106060606060606,0.7456293706293706,0.8758741258741258,0.9029720279720279,0.8355781899260158,0.05464865795709933,40,0.9455627705627706,0.9419295592048401,0.9354735152487962,0.9427501337613697,0.9365971107544141,0.9404626179064381,0.003826996042544462
0.05155653953552246,0.012294239600123876,0.0668093204498291,0.012325878750972042,gini,6,8,5,"{'classifier__criterion': 'gini', 'classifier__max_depth': 6, 'classifier__min_samples_leaf': 8, 'classifier__min_samples_split': 5}",0.7551020408163265,0.6938775510204082,0.8125,0.7708333333333334,0.8541666666666666,0.7772959183673469,0.05411357782404751,36,0.8601036269430051,0.8601036269430051,0.845360824742268,0.8608247422680413,0.8505154639175257,0.855381656962769,0.006297905870588692,0.6896551724137931,0.7058823529411765,0.8823529411764706,0.72,0.8947368421052632,0.7785254617273407,0.09042721898332627,44,0.8210526315789474,0.8875,0.8831168831168831,0.8604651162790697,0.875,0.86542692619498,0.024022891106147456,0.8695652173913043,0.5454545454545454,0.6818181818181818,0.8181818181818182,0.7727272727272727,0.7375494071146245,0.11416973982262249,22,0.8863636363636364,0.797752808988764,0.7640449438202247,0.8314606741573034,0.7865168539325843,0.8132277834525026,0.04255159594952456,0.7692307692307693,0.6153846153846154,0.7692307692307693,0.7659574468085106,0.8292682926829268,0.7498143786675182,0.07127254282355774,27,0.8524590163934426,0.8402366863905325,0.8192771084337349,0.8457142857142858,0.8284023668639053,0.8372178927591802,0.01194302220456394,0.8428093645484949,0.8106060606060606,0.7456293706293706,0.8758741258741258,0.9029720279720279,0.8355781899260158,0.05464865795709933,40,0.9455627705627706,0.9419295592048401,0.9354735152487962,0.9427501337613697,0.9365971107544141,0.9404626179064381,0.003826996042544462
0.04605093002319336,0.016107700927442903,0.06842894554138183,0.022676134929455267,gini,6,8,10,"{'classifier__criterion': 'gini', 'classifier__max_depth': 6, 'classifier__min_samples_leaf': 8, 'classifier__min_samples_split': 10}",0.7551020408163265,0.6938775510204082,0.8125,0.7708333333333334,0.8541666666666666,0.7772959183673469,0.05411357782404751,36,0.8601036269430051,0.8601036269430051,0.845360824742268,0.8608247422680413,0.8505154639175257,0.855381656962769,0.006297905870588692,0.6896551724137931,0.7058823529411765,0.8823529411764706,0.72,0.8947368421052632,0.7785254617273407,0.09042721898332627,44,0.8210526315789474,0.8875,0.8831168831168831,0.8604651162790697,0.875,0.86542692619498,0.024022891106147456,0.8695652173913043,0.5454545454545454,0.6818181818181818,0.8181818181818182,0.7727272727272727,0.7375494071146245,0.11416973982262249,22,0.8863636363636364,0.797752808988764,0.7640449438202247,0.8314606741573034,0.7865168539325843,0.8132277834525026,0.04255159594952456,0.7692307692307693,0.6153846153846154,0.7692307692307693,0.7659574468085106,0.8292682926829268,0.7498143786675182,0.07127254282355774,27,0.8524590163934426,0.8402366863905325,0.8192771084337349,0.8457142857142858,0.8284023668639053,0.8372178927591802,0.01194302220456394,0.8428093645484949,0.8106060606060606,0.7456293706293706,0.8758741258741258,0.9029720279720279,0.8355781899260158,0.05464865795709933,40,0.9455627705627706,0.9419295592048401,0.9354735152487962,0.9427501337613697,0.9365971107544141,0.9404626179064381,0.003826996042544462
0.04413022994995117,0.0065621785906714546,0.07142324447631836,0.013290638655393759,gini,8,1,2,"{'classifier__criterion': 'gini', 'classifier__max_depth': 8, 'classifier__min_samples_leaf': 1, 'classifier__min_samples_split': 2}",0.7346938775510204,0.7142857142857143,0.7916666666666666,0.6458333333333334,0.7083333333333334,0.7189625850340137,0.04693846741494073,146,0.9896373056994818,1.0,0.9896907216494846,0.9896907216494846,1.0,0.9938037497996902,0.005059254701210594,0.7083333333333334,0.7222222222222222,0.8333333333333334,0.5925925925925926,0.6818181818181818,0.7076599326599327,0.07734934546500061,136,1.0,1.0,1.0,0.9887640449438202,1.0,0.997752808988764,0.004494382022471921,0.7391304347826086,0.5909090909090909,0.6818181818181818,0.7272727272727273,0.6818181818181818,0.684189723320158,0.05212897813457917,108,0.9772727272727273,1.0,0.9775280898876404,0.9887640449438202,1.0,0.9887129724208374,0.010107199393288236,0.723404255319149,0.65,0.75,0.6530612244897959,0.6818181818181818,0.6916567323254252,0.039328197895123373,120,0.9885057471264368,1.0,0.9886363636363636,0.9887640449438202,1.0,0.9931812311413241,0.0055681006242816345,0.7249163879598661,0.7028619528619529,0.7832167832167831,0.666083916083916,0.7062937062937062,0.7166745492832448,0.03835038119815018,163,0.9989177489177489,1.0,0.9996789727126806,0.9994649545211343,1.0,0.9996123352303126,0.0004022883842242279
0.046292448043823244,0.018042941131224413,0.06442484855651856,0.023007556288440322,gini,8,1,5,"{'classifier__criterion': 'gini', 'classifier__max_depth': 8, 'classifier__min_samples_leaf': 1, 'classifier__min_samples_split': 5}",0.7755102040816326,0.7142857142857143,0.7708333333333334,0.6458333333333334,0.75,0.7312925170068028,0.04787724582489383,94,0.9637305699481865,0.9740932642487047,0.9742268041237113,0.9587628865979382,0.9690721649484536,0.9679771379733989,0.006009994676950723,0.7727272727272727,0.7222222222222222,0.7894736842105263,0.5925925925925926,0.75,0.7254031543505228,0.0701403926938598,86,1.0,1.0,0.9883720930232558,0.9764705882352941,1.0,0.99296853625171,0.009398234157918323,0.7391304347826086,0.5909090909090909,0.6818181818181818,0.7272727272727273,0.6818181818181818,0.684189723320158,0.05212897813457917,108,0.9204545454545454,0.9438202247191011,0.9550561797752809,0.9325842696629213,0.9325842696629213,0.936899897854954,0.01170675365790521,0.7555555555555555,0.65,0.7317073170731707,0.6530612244897959,0.7142857142857143,0.7009219622808474,0.0424142757002377,98,0.9585798816568047,0.9710982658959537,0.9714285714285714,0.9540229885057471,0.9651162790697675,0.964049197311369,0.006866170264333901,0.7533444816053511,0.6877104377104377,0.763986013986014,0.6547202797202798,0.7491258741258742,0.7217774174295913,0.04285604291709312,157,0.9950757575757576,0.9982173725151253,0.9982878544676298,0.9948635634028892,0.9979668271803104,0.9968822750283426,0.0015667223214681895
0.033170652389526364,0.003372539037475797,0.05250768661499024,0.014358922904310643,gini,8,1,10,"{'classifier__criterion': 'gini', 'classifier__max_depth': 8, 'classifier__min_samples_leaf': 1, 'classifier__min_samples_split': 10}",0.7551020408163265,0.7346938775510204,0.6875,0.6875,0.7083333333333334,0.7146258503401361,0.026654331712625864,157,0.9015544041450777,0.917098445595855,0.9278350515463918,0.9226804123711341,0.9072164948453608,0.9152769617007639,0.009686219260121203,0.7037037037037037,0.7368421052631579,0.6666666666666666,0.64,0.6666666666666666,0.6827758284600389,0.03379325357931266,162,0.9058823529411765,0.9195402298850575,0.9518072289156626,0.9204545454545454,0.9176470588235294,0.9230662832039943,0.015296742389438078,0.8260869565217391,0.6363636363636364,0.6363636363636364,0.7272727272727273,0.7272727272727273,0.7106719367588934,0.07059071651922791,56,0.875,0.898876404494382,0.8876404494382022,0.9101123595505618,0.8764044943820225,0.8896067415730335,0.013400966788625344,0.76,0.6829268292682927,0.6511627906976745,0.6808510638297872,0.6956521739130435,0.6941185715417595,0.03602553404422891,113,0.8901734104046243,0.9090909090909091,0.9186046511627907,0.9152542372881356,0.896551724137931,0.905934986416878,0.010897720668885598,0.8160535117056856,0.7516835016835017,0.7342657342657342,0.7237762237762239,0.7788461538461539,0.7609250250554598,0.033276039047959206,140,0.9767857142857143,0.9834701815038894,0.9822364901016587,0.9845371856607812,0.9744248261102193,0.9802908795324526,0.00396538127820029
0.031587982177734376,0.0025885963491589364,0.04437580108642578,0.001815370762366588,gini,8,2,2,"{'classifier__criterion': 'gini', 'classifier__max_depth': 8, 'classifier__min_samples_leaf': 2, 'classifier__min_samples_split': 2}",0.7551020408163265,0.7346938775510204,0.7291666666666666,0.6458333333333334,0.7291666666666666,0.7187925170068027,0.037708150925393105,152,0.9637305699481865,0.9481865284974094,0.9432989690721649,0.9381443298969072,0.9587628865979382,0.9504246568025213,0.009520131024419863,0.7391304347826086,0.8461538461538461,0.7647058823529411,0.6,0.68,0.7259980326578792,0.08258268628775649,85,0.9879518072289156,0.9876543209876543,1.0,0.9753086419753086,1.0,0.9901829540383756,0.009223512816333643,0.7391304347826086,0.5,0.5909090909090909,0.6818181818181818,0.7727272727272727,0.6569169960474308,0.09977086341754822,161,0.9318181818181818,0.898876404494382,0.8764044943820225,0.8876404494382022,0.9101123595505618,0.9009703779366699,0.019082542731579145,0.7391304347826086,0.6285714285714286,0.6666666666666666,0.6382978723404256,0.723404255319149,0.6792141315360557,0.04458473492009119,159,0.9590643274853801,0.9411764705882353,0.9341317365269461,0.9294117647058824,0.9529411764705882,0.9433450951554064,0.011161591721585812,0.7441471571906354,0.7297979797979798,0.7141608391608392,0.6730769230769231,0.7395104895104896,0.7201386777473734,0.02567301929690505,161,0.997077922077922,0.9944900605012965,0.9933119315141787,0.9918138041733549,0.9965757089352596,0.9946538854404023,0.0019729723626871745
0.031850004196166994,0.0010868857363087398,0.04471883773803711,0.0019095607839622318,gini,8,2,5,"{'classifier__criterion': 'gini', 'classifier__max_depth': 8, 'classifier__min_samples_leaf': 2, 'classifier__min_samples_split': 5}",0.7551020408163265,0.7346938775510204,0.7083333333333334,0.6875,0.7083333333333334,0.7187925170068028,0.023533998611724914,149,0.9689119170984456,0.9481865284974094,0.9329896907216495,0.9381443298969072,0.9381443298969072,0.9452753592222638,0.012804706820289334,0.7391304347826086,0.8461538461538461,0.75,0.6521739130434783,0.6818181818181818,0.7338552751596229,0.0667520074561637,78,1.0,0.9876543209876543,0.9871794871794872,0.9753086419753086,1.0,0.99002849002849,0.009265953213789528,0.7391304347826086,0.5,0.5454545454545454,0.6818181818181818,0.6818181818181818,0.6296442687747035,0.09091424628791657,166,0.9318181818181818,0.898876404494382,0.8651685393258427,0.8876404494382022,0.8651685393258427,0.8897344228804902,0.02476274858965571,0.7391304347826086,0.6285714285714286,0.631578947368421,0.6666666666666666,0.6818181818181818,0.6695531318414613,0.04030211633650633,165,0.9647058823529412,0.9411764705882353,0.9221556886227545,0.9294117647058824,0.927710843373494,0.9370321299286614,0.015160982737560951,0.7391304347826086,0.723063973063973,0.6993006993006992,0.7054195804195804,0.7351398601398602,0.7204109095413443,0.015778354047797528,159,0.9975108225108225,0.9942739844425238,0.9906367041198503,0.9907437132156234,0.9921883360085608,0.9930707120594763,0.0025799360849696547
0.03426690101623535,0.00359956239137761,0.04573416709899902,0.0015030643794847589,gini,8,2,10,"{'classifier__criterion': 'gini', 'classifier__max_depth': 8, 'classifier__min_samples_leaf': 2, 'classifier__min_samples_split': 10}",0.7551020408163265,0.7346938775510204,0.6666666666666666,0.6875,0.7083333333333334,0.7104591836734694,0.03171666117871812,164,0.8860103626943006,0.8808290155440415,0.9123711340206185,0.9072164948453608,0.8969072164948454,0.8966668447198334,0.012019775713099543,0.7037037037037037,0.7368421052631579,0.65,0.6521739130434783,0.6666666666666666,0.6818772777354012,0.03354799110120132,164,0.9024390243902439,0.9024390243902439,0.95,0.9382716049382716,0.9156626506024096,0.9217624608642337,0.01925569284165159,0.8260869565217391,0.6363636363636364,0.5909090909090909,0.6818181818181818,0.7272727272727273,0.692490118577075,0.08079693360321631,102,0.8409090909090909,0.8314606741573034,0.8539325842696629,0.8539325842696629,0.8539325842696629,0.8468335035750766,0.00919362159183842,0.76,0.6829268292682927,0.6190476190476191,0.6666666666666666,0.6956521739130435,0.6848586577791244,0.04566945285907992,127,0.8705882352941177,0.8654970760233918,0.8994082840236687,0.8941176470588236,0.8837209302325582,0.8826664345265118,0.013062936288183932,0.8127090301003344,0.8005050505050505,0.7290209790209791,0.7132867132867133,0.777972027972028,0.766698760177021,0.03913913314520936,134,0.9714285714285714,0.9666702679343129,0.9767790262172285,0.9780631353665061,0.9705189941144997,0.9726919990122237,0.004198388782142175
0.032431602478027344,0.002362737751853545,0.04496502876281738,0.00169823505081849,gini,8,4,2,"{'classifier__criterion': 'gini', 'classifier__max_depth': 8, 'classifier__min_samples_leaf': 4, 'classifier__min_samples_split': 2}",0.7346938775510204,0.7142857142857143,0.7083333333333334,0.7083333333333334,0.75,0.7231292517006803,0.016563962327293794,107,0.8911917098445595,0.8963730569948186,0.9020618556701031,0.9020618556701031,0.9072164948453608,0.8997809946049891,0.005496929500581867,0.6785714285714286,0.7222222222222222,0.7222222222222222,0.6666666666666666,0.7083333333333334,0.6996031746031746,0.02291988742570421,147,0.8850574712643678,0.948051948051948,0.9069767441860465,0.8977272727272727,0.927710843373494,0.9131048559206258,0.022339712273279373,0.8260869565217391,0.5909090909090909,0.5909090909090909,0.7272727272727273,0.7727272727272727,0.7015810276679841,0.09562440390013621,81,0.875,0.8202247191011236,0.8764044943820225,0.8876404494382022,0.8651685393258427,0.8648876404494381,0.02344117533148883,0.7450980392156863,0.65,0.65,0.6956521739130435,0.7391304347826086,0.6959761295822677,0.04123825891902925,106,0.88,0.8795180722891566,0.8914285714285715,0.8926553672316384,0.8953488372093024,0.8877901696317337,0.006680657276133779,0.8277591973244147,0.7744107744107744,0.7465034965034965,0.8050699300699301,0.8461538461538461,0.7999794488924924,0.035897456686150526,91,0.9701298701298702,0.9738547968885047,0.9727126805778492,0.9745318352059924,0.9741573033707865,0.9730772972346005,0.001594168844277234
0.031358766555786136,0.0018861355146757464,0.043915081024169925,0.00028635516118327204,gini,8,4,5,"{'classifier__criterion': 'gini', 'classifier__max_depth': 8, 'classifier__min_samples_leaf': 4, 'classifier__min_samples_split': 5}",0.7346938775510204,0.7142857142857143,0.7083333333333334,0.7083333333333334,0.75,0.7231292517006803,0.016563962327293794,107,0.8911917098445595,0.8963730569948186,0.9020618556701031,0.9020618556701031,0.9072164948453608,0.8997809946049891,0.005496929500581867,0.6785714285714286,0.7222222222222222,0.7222222222222222,0.6666666666666666,0.7083333333333334,0.6996031746031746,0.02291988742570421,147,0.8850574712643678,0.948051948051948,0.9069767441860465,0.8977272727272727,0.927710843373494,0.9131048559206258,0.022339712273279373,0.8260869565217391,0.5909090909090909,0.5909090909090909,0.7272727272727273,0.7727272727272727,0.7015810276679841,0.09562440390013621,81,0.875,0.8202247191011236,0.8764044943820225,0.8876404494382022,0.8651685393258427,0.8648876404494381,0.02344117533148883,0.7450980392156863,0.65,0.65,0.6956521739130435,0.7391304347826086,0.6959761295822677,0.04123825891902925,106,0.88,0.8795180722891566,0.8914285714285715,0.8926553672316384,0.8953488372093024,0.8877901696317337,0.006680657276133779,0.8277591973244147,0.7744107744107744,0.7465034965034965,0.8050699300699301,0.8461538461538461,0.7999794488924924,0.035897456686150526,91,0.9701298701298702,0.9738547968885047,0.9727126805778492,0.9745318352059924,0.9741573033707865,0.9730772972346005,0.001594168844277234
0.03338022232055664,0.0018827880767804323,0.04549260139465332,0.0011252346276304595,gini,8,4,10,"{'classifier__criterion': 'gini', 'classifier__max_depth': 8, 'classifier__min_samples_leaf': 4, 'classifier__min_samples_split': 10}",0.7346938775510204,0.7346938775510204,0.7083333333333334,0.7083333333333334,0.75,0.7272108843537415,0.016395475176863974,100,0.8808290155440415,0.8808290155440415,0.8917525773195877,0.8917525773195877,0.8917525773195877,0.8873831526093692,0.005351430504771768,0.6785714285714286,0.7368421052631579,0.7222222222222222,0.6666666666666666,0.7272727272727273,0.7063150299992405,0.028163331829639596,137,0.891566265060241,0.9024390243902439,0.9146341463414634,0.9047619047619048,0.9358974358974359,0.9098597552902576,0.014942976498722222,0.8260869565217391,0.6363636363636364,0.5909090909090909,0.7272727272727273,0.7272727272727273,0.7015810276679841,0.08163753902636446,81,0.8409090909090909,0.8314606741573034,0.8426966292134831,0.8539325842696629,0.8202247191011236,0.8378447395301329,0.011339940404072773,0.7450980392156863,0.6829268292682927,0.65,0.6956521739130435,0.7272727272727273,0.7001899539339499,0.03343007966494687,99,0.8654970760233918,0.8654970760233918,0.8771929824561403,0.8786127167630058,0.874251497005988,0.8722102696543835,0.005658962844882646,0.8244147157190636,0.8047138047138047,0.7465034965034966,0.8111888111888111,0.8225524475524475,0.8018746551355246,0.02862308478103992,85,0.9672077922077922,0.96645419187554,0.9628678437667202,0.9691278758694489,0.9673087212413054,0.9665932849921614,0.002059702807649155
0.03408746719360352,0.004017338479352359,0.050764036178588864,0.007140817833190298,gini,8,8,2,"{'classifier__criterion': 'gini', 'classifier__max_depth': 8, 'classifier__min_samples_leaf': 8, 'classifier__min_samples_split': 2}",0.7551020408163265,0.6938775510204082,0.8125,0.7708333333333334,0.8541666666666666,0.7772959183673469,0.05411357782404751,36,0.8601036269430051,0.8601036269430051,0.845360824742268,0.8608247422680413,0.8505154639175257,0.855381656962769,0.006297905870588692,0.6896551724137931,0.7058823529411765,0.8823529411764706,0.72,0.8947368421052632,0.7785254617273407,0.09042721898332627,44,0.8210526315789474,0.8875,0.8831168831168831,0.8604651162790697,0.875,0.86542692619498,0.024022891106147456,0.8695652173913043,0.5454545454545454,0.6818181818181818,0.8181818181818182,0.7727272727272727,0.7375494071146245,0.11416973982262249,22,0.8863636363636364,0.797752808988764,0.7640449438202247,0.8314606741573034,0.7865168539325843,0.8132277834525026,0.04255159594952456,0.7692307692307693,0.6153846153846154,0.7692307692307693,0.7659574468085106,0.8292682926829268,0.7498143786675182,0.07127254282355774,27,0.8524590163934426,0.8402366863905325,0.8192771084337349,0.8457142857142858,0.8284023668639053,0.8372178927591802,0.01194302220456394,0.8428093645484949,0.8106060606060606,0.7456293706293706,0.8758741258741258,0.9029720279720279,0.8355781899260158,0.05464865795709933,40,0.9455627705627706,0.9419295592048401,0.9354735152487962,0.9427501337613697,0.9365971107544141,0.9404626179064381,0.003826996042544462
0.03169999122619629,0.001007944410311321,0.047284412384033206,0.0035147911604496863,gini,8,8,5,"{'classifier__criterion': 'gini', 'classifier__max_depth': 8, 'classifier__min_samples_leaf': 8, 'classifier__min_samples_split': 5}",0.7551020408163265,0.6938775510204082,0.8125,0.7708333333333334,0.8541666666666666,0.7772959183673469,0.05411357782404751,36,0.8601036269430051,0.8601036269430051,0.845360824742268,0.8608247422680413,0.8505154639175257,0.855381656962769,0.006297905870588692,0.6896551724137931,0.7058823529411765,0.8823529411764706,0.72,0.8947368421052632,0.7785254617273407,0.09042721898332627,44,0.8210526315789474,0.8875,0.8831168831168831,0.8604651162790697,0.875,0.86542692619498,0.024022891106147456,0.8695652173913043,0.5454545454545454,0.6818181818181818,0.8181818181818182,0.7727272727272727,0.7375494071146245,0.11416973982262249,22,0.8863636363636364,0.797752808988764,0.7640449438202247,0.8314606741573034,0.7865168539325843,0.8132277834525026,0.04255159594952456,0.7692307692307693,0.6153846153846154,0.7692307692307693,0.7659574468085106,0.8292682926829268,0.7498143786675182,0.07127254282355774,27,0.8524590163934426,0.8402366863905325,0.8192771084337349,0.8457142857142858,0.8284023668639053,0.8372178927591802,0.01194302220456394,0.8428093645484949,0.8106060606060606,0.7456293706293706,0.8758741258741258,0.9029720279720279,0.8355781899260158,0.05464865795709933,40,0.9455627705627706,0.9419295592048401,0.9354735152487962,0.9427501337613697,0.9365971107544141,0.9404626179064381,0.003826996042544462
0.03475866317749023,0.008259887519720377,0.045033931732177734,0.002042946186835574,gini,8,8,10,"{'classifier__criterion': 'gini', 'classifier__max_depth': 8, 'classifier__min_samples_leaf': 8, 'classifier__min_samples_split': 10}",0.7551020408163265,0.6938775510204082,0.8125,0.7708333333333334,0.8541666666666666,0.7772959183673469,0.05411357782404751,36,0.8601036269430051,0.8601036269430051,0.845360824742268,0.8608247422680413,0.8505154639175257,0.855381656962769,0.006297905870588692,0.6896551724137931,0.7058823529411765,0.8823529411764706,0.72,0.8947368421052632,0.7785254617273407,0.09042721898332627,44,0.8210526315789474,0.8875,0.8831168831168831,0.8604651162790697,0.875,0.86542692619498,0.024022891106147456,0.8695652173913043,0.5454545454545454,0.6818181818181818,0.8181818181818182,0.7727272727272727,0.7375494071146245,0.11416973982262249,22,0.8863636363636364,0.797752808988764,0.7640449438202247,0.8314606741573034,0.7865168539325843,0.8132277834525026,0.04255159594952456,0.7692307692307693,0.6153846153846154,0.7692307692307693,0.7659574468085106,0.8292682926829268,0.7498143786675182,0.07127254282355774,27,0.8524590163934426,0.8402366863905325,0.8192771084337349,0.8457142857142858,0.8284023668639053,0.8372178927591802,0.01194302220456394,0.8428093645484949,0.8106060606060606,0.7456293706293706,0.8758741258741258,0.9029720279720279,0.8355781899260158,0.05464865795709933,40,0.9455627705627706,0.9419295592048401,0.9354735152487962,0.9427501337613697,0.9365971107544141,0.9404626179064381,0.003826996042544462
0.031786775588989256,0.0016107985613403452,0.051480579376220706,0.00878780782244124,gini,,1,2,"{'classifier__criterion': 'gini', 'classifier__max_depth': None, 'classifier__min_samples_leaf': 1, 'classifier__min_samples_split': 2}",0.7551020408163265,0.7142857142857143,0.7291666666666666,0.5833333333333334,0.7083333333333334,0.6980442176870748,0.059585973370415636,168,1.0,1.0,1.0,1.0,1.0,1.0,0.0,0.7391304347826086,0.7222222222222222,0.7142857142857143,0.5333333333333333,0.6818181818181818,0.678157977288412,0.07476909285116375,168,1.0,1.0,1.0,1.0,1.0,1.0,0.0,0.7391304347826086,0.5909090909090909,0.6818181818181818,0.7272727272727273,0.6818181818181818,0.684189723320158,0.05212897813457917,108,1.0,1.0,1.0,1.0,1.0,1.0,0.0,0.7391304347826086,0.65,0.6976744186046512,0.6153846153846154,0.6818181818181818,0.6768015301180114,0.04203830647583434,160,1.0,1.0,1.0,1.0,1.0,1.0,0.0,0.7541806020066888,0.7028619528619529,0.7255244755244754,0.5944055944055945,0.7062937062937062,0.6966532662184836,0.054275249157449905,168,1.0,1.0,1.0,1.0,1.0,1.0,0.0
0.03116765022277832,0.0012227723588011045,0.04370107650756836,0.0007593706016836041,gini,,1,5,"{'classifier__criterion': 'gini', 'classifier__max_depth': None, 'classifier__min_samples_leaf': 1, 'classifier__min_samples_split': 5}",0.7755102040816326,0.7142857142857143,0.75,0.6458333333333334,0.75,0.7271258503401361,0.04507957752131967,104,0.9689119170984456,0.9740932642487047,0.979381443298969,0.9587628865979382,0.9690721649484536,0.9700443352385022,0.0068275029463041636,0.7727272727272727,0.7222222222222222,0.7777777777777778,0.5925925925925926,0.75,0.723063973063973,0.06813087842291884,113,1.0,1.0,0.9775280898876404,0.9764705882352941,1.0,0.9907997356245868,0.011272937853138138,0.7391304347826086,0.5909090909090909,0.6363636363636364,0.7272727272727273,0.6818181818181818,0.675098814229249,0.05559791192258658,120,0.9318181818181818,0.9438202247191011,0.9775280898876404,0.9325842696629213,0.9325842696629213,0.9436670071501532,0.017507970767326214,0.7555555555555555,0.65,0.7,0.6530612244897959,0.7142857142857143,0.6945804988662131,0.039615388599485504,112,0.9647058823529412,0.9710982658959537,0.9775280898876404,0.9540229885057471,0.9651162790697675,0.96649430114241,0.007791944699583657,0.7583612040133778,0.6877104377104377,0.7604895104895104,0.6547202797202798,0.7491258741258742,0.7220814612118961,0.04299231160428416,156,0.9971320346320347,0.9982173725151253,0.9988228999464954,0.9956661316211878,0.9979668271803104,0.9975610531790305,0.0010920118588780786
0.03135018348693848,0.0012616071654620133,0.045649051666259766,0.0032338022886686138,gini,,1,10,"{'classifier__criterion': 'gini', 'classifier__max_depth': None, 'classifier__min_samples_leaf': 1, 'classifier__min_samples_split': 10}",0.7551020408163265,0.7346938775510204,0.6875,0.6875,0.7083333333333334,0.7146258503401361,0.026654331712625864,157,0.9067357512953368,0.917098445595855,0.9278350515463918,0.9226804123711341,0.9072164948453608,0.9163132311308158,0.00834731855673511,0.7037037037037037,0.7368421052631579,0.6666666666666666,0.64,0.6666666666666666,0.6827758284600389,0.03379325357931266,162,0.9069767441860465,0.9195402298850575,0.9518072289156626,0.9204545454545454,0.9176470588235294,0.9232851614529682,0.015055217744937923,0.8260869565217391,0.6363636363636364,0.6363636363636364,0.7272727272727273,0.7272727272727273,0.7106719367588934,0.07059071651922791,56,0.8863636363636364,0.898876404494382,0.8876404494382022,0.9101123595505618,0.8764044943820225,0.891879468845761,0.011569476566258603,0.76,0.6829268292682927,0.6511627906976745,0.6808510638297872,0.6956521739130435,0.6941185715417595,0.03602553404422891,113,0.896551724137931,0.9090909090909091,0.9186046511627907,0.9152542372881356,0.896551724137931,0.9072106491635396,0.00922261713695889,0.8185618729096991,0.7516835016835017,0.7342657342657342,0.7237762237762239,0.7788461538461539,0.7614266972962624,0.03411179176956018,139,0.9798160173160173,0.9834701815038894,0.9822364901016587,0.9845371856607812,0.9744248261102193,0.9808969401385133,0.0035978884594736883
0.03113722801208496,0.0007363006213103522,0.05365066528320313,0.0142494244033158,gini,,2,2,"{'classifier__criterion': 'gini', 'classifier__max_depth': None, 'classifier__min_samples_leaf': 2, 'classifier__min_samples_split': 2}",0.7551020408163265,0.7346938775510204,0.7291666666666666,0.6666666666666666,0.7291666666666666,0.7229591836734693,0.02972130369579638,141,0.9637305699481865,0.9481865284974094,0.9432989690721649,0.9381443298969072,0.9587628865979382,0.9504246568025213,0.009520131024419863,0.7391304347826086,0.8461538461538461,0.7647058823529411,0.625,0.68,0.7309980326578792,0.07523243813624021,81,0.9879518072289156,0.9876543209876543,1.0,0.9753086419753086,1.0,0.9901829540383756,0.009223512816333643,0.7391304347826086,0.5,0.5909090909090909,0.6818181818181818,0.7727272727272727,0.6569169960474308,0.09977086341754822,161,0.9318181818181818,0.898876404494382,0.8764044943820225,0.8876404494382022,0.9101123595505618,0.9009703779366699,0.019082542731579145,0.7391304347826086,0.6285714285714286,0.6666666666666666,0.6521739130434783,0.723404255319149,0.6819893396766662,0.042326155478422035,133,0.9590643274853801,0.9411764705882353,0.9341317365269461,0.9294117647058824,0.9529411764705882,0.9433450951554064,0.011161591721585812,0.7441471571906354,0.7297979797979798,0.7141608391608392,0.7001748251748251,0.7395104895104896,0.7255582581669537,0.016324258000605073,154,0.997077922077922,0.9944900605012965,0.9933119315141787,0.9920278223649011,0.9965757089352596,0.9946966890787117,0.0019122805565842946
0.032843399047851565,0.0014033129243951347,0.046972131729125975,0.002902420049513046,gini,,2,5,"{'classifier__criterion': 'gini', 'classifier__max_depth': None, 'classifier__min_samples_leaf': 2, 'classifier__min_samples_split': 5}",0.7551020408163265,0.7346938775510204,0.7083333333333334,0.6875,0.7083333333333334,0.7187925170068028,0.023533998611724914,149,0.9689119170984456,0.9481865284974094,0.9329896907216495,0.9381443298969072,0.9381443298969072,0.9452753592222638,0.012804706820289334,0.7391304347826086,0.8461538461538461,0.75,0.6521739130434783,0.6818181818181818,0.7338552751596229,0.0667520074561637,78,1.0,0.9876543209876543,0.9871794871794872,0.9753086419753086,1.0,0.99002849002849,0.009265953213789528,0.7391304347826086,0.5,0.5454545454545454,0.6818181818181818,0.6818181818181818,0.6296442687747035,0.09091424628791657,166,0.9318181818181818,0.898876404494382,0.8651685393258427,0.8876404494382022,0.8651685393258427,0.8897344228804902,0.02476274858965571,0.7391304347826086,0.6285714285714286,0.631578947368421,0.6666666666666666,0.6818181818181818,0.6695531318414613,0.04030211633650633,165,0.9647058823529412,0.9411764705882353,0.9221556886227545,0.9294117647058824,0.927710843373494,0.9370321299286614,0.015160982737560951,0.7391304347826086,0.723063973063973,0.6993006993006992,0.7054195804195804,0.7351398601398602,0.7204109095413443,0.015778354047797528,159,0.9975108225108225,0.9942739844425238,0.9906367041198503,0.9907437132156234,0.9921883360085608,0.9930707120594763,0.0025799360849696547
0.03146839141845703,0.0016494688366754367,0.04687833786010742,0.0025569508832939806,gini,,2,10,"{'classifier__criterion': 'gini', 'classifier__max_depth': None, 'classifier__min_samples_leaf': 2, 'classifier__min_samples_split': 10}",0.7551020408163265,0.7346938775510204,0.6666666666666666,0.6875,0.7083333333333334,0.7104591836734694,0.03171666117871812,164,0.8860103626943006,0.8808290155440415,0.9123711340206185,0.9072164948453608,0.8969072164948454,0.8966668447198334,0.012019775713099543,0.7037037037037037,0.7368421052631579,0.65,0.6521739130434783,0.6666666666666666,0.6818772777354012,0.03354799110120132,164,0.9024390243902439,0.9024390243902439,0.95,0.9382716049382716,0.9156626506024096,0.9217624608642337,0.01925569284165159,0.8260869565217391,0.6363636363636364,0.5909090909090909,0.6818181818181818,0.7272727272727273,0.692490118577075,0.08079693360321631,102,0.8409090909090909,0.8314606741573034,0.8539325842696629,0.8539325842696629,0.8539325842696629,0.8468335035750766,0.00919362159183842,0.76,0.6829268292682927,0.6190476190476191,0.6666666666666666,0.6956521739130435,0.6848586577791244,0.04566945285907992,127,0.8705882352941177,0.8654970760233918,0.8994082840236687,0.8941176470588236,0.8837209302325582,0.8826664345265118,0.013062936288183932,0.8127090301003344,0.8005050505050505,0.7290209790209791,0.7132867132867133,0.777972027972028,0.766698760177021,0.03913913314520936,134,0.9714285714285714,0.9666702679343129,0.9767790262172285,0.9780631353665061,0.9705189941144997,0.9726919990122237,0.004198388782142175
0.030956411361694337,0.0012251178865829912,0.045548439025878906,0.0025955058743398663,gini,,4,2,"{'classifier__criterion': 'gini', 'classifier__max_depth': None, 'classifier__min_samples_leaf': 4, 'classifier__min_samples_split': 2}",0.7346938775510204,0.7142857142857143,0.7083333333333334,0.7083333333333334,0.75,0.7231292517006803,0.016563962327293794,107,0.8911917098445595,0.8963730569948186,0.9020618556701031,0.9020618556701031,0.9072164948453608,0.8997809946049891,0.005496929500581867,0.6785714285714286,0.7222222222222222,0.7222222222222222,0.6666666666666666,0.7083333333333334,0.6996031746031746,0.02291988742570421,147,0.8850574712643678,0.948051948051948,0.9069767441860465,0.8977272727272727,0.927710843373494,0.9131048559206258,0.022339712273279373,0.8260869565217391,0.5909090909090909,0.5909090909090909,0.7272727272727273,0.7727272727272727,0.7015810276679841,0.09562440390013621,81,0.875,0.8202247191011236,0.8764044943820225,0.8876404494382022,0.8651685393258427,0.8648876404494381,0.02344117533148883,0.7450980392156863,0.65,0.65,0.6956521739130435,0.7391304347826086,0.6959761295822677,0.04123825891902925,106,0.88,0.8795180722891566,0.8914285714285715,0.8926553672316384,0.8953488372093024,0.8877901696317337,0.006680657276133779,0.8277591973244147,0.7744107744107744,0.7465034965034965,0.8050699300699301,0.8461538461538461,0.7999794488924924,0.035897456686150526,91,0.9701298701298702,0.9738547968885047,0.9727126805778492,0.9745318352059924,0.9741573033707865,0.9730772972346005,0.001594168844277234
0.03200545310974121,0.002245887644931819,0.054773473739624025,0.011965825695434428,gini,,4,5,"{'classifier__criterion': 'gini', 'classifier__max_depth': None, 'classifier__min_samples_leaf': 4, 'classifier__min_samples_split': 5}",0.7346938775510204,0.7142857142857143,0.7083333333333334,0.7083333333333334,0.75,0.7231292517006803,0.016563962327293794,107,0.8911917098445595,0.8963730569948186,0.9020618556701031,0.9020618556701031,0.9072164948453608,0.8997809946049891,0.005496929500581867,0.6785714285714286,0.7222222222222222,0.7222222222222222,0.6666666666666666,0.7083333333333334,0.6996031746031746,0.02291988742570421,147,0.8850574712643678,0.948051948051948,0.9069767441860465,0.8977272727272727,0.927710843373494,0.9131048559206258,0.022339712273279373,0.8260869565217391,0.5909090909090909,0.5909090909090909,0.7272727272727273,0.7727272727272727,0.7015810276679841,0.09562440390013621,81,0.875,0.8202247191011236,0.8764044943820225,0.8876404494382022,0.8651685393258427,0.8648876404494381,0.02344117533148883,0.7450980392156863,0.65,0.65,0.6956521739130435,0.7391304347826086,0.6959761295822677,0.04123825891902925,106,0.88,0.8795180722891566,0.8914285714285715,0.8926553672316384,0.8953488372093024,0.8877901696317337,0.006680657276133779,0.8277591973244147,0.7744107744107744,0.7465034965034965,0.8050699300699301,0.8461538461538461,0.7999794488924924,0.035897456686150526,91,0.9701298701298702,0.9738547968885047,0.9727126805778492,0.9745318352059924,0.9741573033707865,0.9730772972346005,0.001594168844277234
0.0313751220703125,0.0012441776124394231,0.04570293426513672,0.0030840977802736188,gini,,4,10,"{'classifier__criterion': 'gini', 'classifier__max_depth': None, 'classifier__min_samples_leaf': 4, 'classifier__min_samples_split': 10}",0.7346938775510204,0.7346938775510204,0.7083333333333334,0.7083333333333334,0.75,0.7272108843537415,0.016395475176863974,100,0.8808290155440415,0.8808290155440415,0.8917525773195877,0.8917525773195877,0.8917525773195877,0.8873831526093692,0.005351430504771768,0.6785714285714286,0.7368421052631579,0.7222222222222222,0.6666666666666666,0.7272727272727273,0.7063150299992405,0.028163331829639596,137,0.891566265060241,0.9024390243902439,0.9146341463414634,0.9047619047619048,0.9358974358974359,0.9098597552902576,0.014942976498722222,0.8260869565217391,0.6363636363636364,0.5909090909090909,0.7272727272727273,0.7272727272727273,0.7015810276679841,0.08163753902636446,81,0.8409090909090909,0.8314606741573034,0.8426966292134831,0.8539325842696629,0.8202247191011236,0.8378447395301329,0.011339940404072773,0.7450980392156863,0.6829268292682927,0.65,0.6956521739130435,0.7272727272727273,0.7001899539339499,0.03343007966494687,99,0.8654970760233918,0.8654970760233918,0.8771929824561403,0.8786127167630058,0.874251497005988,0.8722102696543835,0.005658962844882646,0.8244147157190636,0.8047138047138047,0.7465034965034966,0.8111888111888111,0.8225524475524475,0.8018746551355246,0.02862308478103992,85,0.9672077922077922,0.96645419187554,0.9628678437667202,0.9691278758694489,0.9673087212413054,0.9665932849921614,0.002059702807649155
0.03310990333557129,0.002263545146208293,0.043509054183959964,0.00046770378628581226,gini,,8,2,"{'classifier__criterion': 'gini', 'classifier__max_depth': None, 'classifier__min_samples_leaf': 8, 'classifier__min_samples_split': 2}",0.7551020408163265,0.6938775510204082,0.8125,0.7708333333333334,0.8541666666666666,0.7772959183673469,0.05411357782404751,36,0.8601036269430051,0.8601036269430051,0.845360824742268,0.8608247422680413,0.8505154639175257,0.855381656962769,0.006297905870588692,0.6896551724137931,0.7058823529411765,0.8823529411764706,0.72,0.8947368421052632,0.7785254617273407,0.09042721898332627,44,0.8210526315789474,0.8875,0.8831168831168831,0.8604651162790697,0.875,0.86542692619498,0.024022891106147456,0.8695652173913043,0.5454545454545454,0.6818181818181818,0.8181818181818182,0.7727272727272727,0.7375494071146245,0.11416973982262249,22,0.8863636363636364,0.797752808988764,0.7640449438202247,0.8314606741573034,0.7865168539325843,0.8132277834525026,0.04255159594952456,0.7692307692307693,0.6153846153846154,0.7692307692307693,0.7659574468085106,0.8292682926829268,0.7498143786675182,0.07127254282355774,27,0.8524590163934426,0.8402366863905325,0.8192771084337349,0.8457142857142858,0.8284023668639053,0.8372178927591802,0.01194302220456394,0.8428093645484949,0.8106060606060606,0.7456293706293706,0.8758741258741258,0.9029720279720279,0.8355781899260158,0.05464865795709933,40,0.9455627705627706,0.9419295592048401,0.9354735152487962,0.9427501337613697,0.9365971107544141,0.9404626179064381,0.003826996042544462
0.03193001747131348,0.0028848268979316718,0.044434738159179685,0.0009563911886551712,gini,,8,5,"{'classifier__criterion': 'gini', 'classifier__max_depth': None, 'classifier__min_samples_leaf': 8, 'classifier__min_samples_split': 5}",0.7551020408163265,0.6938775510204082,0.8125,0.7708333333333334,0.8541666666666666,0.7772959183673469,0.05411357782404751,36,0.8601036269430051,0.8601036269430051,0.845360824742268,0.8608247422680413,0.8505154639175257,0.855381656962769,0.006297905870588692,0.6896551724137931,0.7058823529411765,0.8823529411764706,0.72,0.8947368421052632,0.7785254617273407,0.09042721898332627,44,0.8210526315789474,0.8875,0.8831168831168831,0.8604651162790697,0.875,0.86542692619498,0.024022891106147456,0.8695652173913043,0.5454545454545454,0.6818181818181818,0.8181818181818182,0.7727272727272727,0.7375494071146245,0.11416973982262249,22,0.8863636363636364,0.797752808988764,0.7640449438202247,0.8314606741573034,0.7865168539325843,0.8132277834525026,0.04255159594952456,0.7692307692307693,0.6153846153846154,0.7692307692307693,0.7659574468085106,0.8292682926829268,0.7498143786675182,0.07127254282355774,27,0.8524590163934426,0.8402366863905325,0.8192771084337349,0.8457142857142858,0.8284023668639053,0.8372178927591802,0.01194302220456394,0.8428093645484949,0.8106060606060606,0.7456293706293706,0.8758741258741258,0.9029720279720279,0.8355781899260158,0.05464865795709933,40,0.9455627705627706,0.9419295592048401,0.9354735152487962,0.9427501337613697,0.9365971107544141,0.9404626179064381,0.003826996042544462
0.03205165863037109,0.0022441325863295117,0.046927881240844724,0.0025307118457970727,gini,,8,10,"{'classifier__criterion': 'gini', 'classifier__max_depth': None, 'classifier__min_samples_leaf': 8, 'classifier__min_samples_split': 10}",0.7551020408163265,0.6938775510204082,0.8125,0.7708333333333334,0.8541666666666666,0.7772959183673469,0.05411357782404751,36,0.8601036269430051,0.8601036269430051,0.845360824742268,0.8608247422680413,0.8505154639175257,0.855381656962769,0.006297905870588692,0.6896551724137931,0.7058823529411765,0.8823529411764706,0.72,0.8947368421052632,0.7785254617273407,0.09042721898332627,44,0.8210526315789474,0.8875,0.8831168831168831,0.8604651162790697,0.875,0.86542692619498,0.024022891106147456,0.8695652173913043,0.5454545454545454,0.6818181818181818,0.8181818181818182,0.7727272727272727,0.7375494071146245,0.11416973982262249,22,0.8863636363636364,0.797752808988764,0.7640449438202247,0.8314606741573034,0.7865168539325843,0.8132277834525026,0.04255159594952456,0.7692307692307693,0.6153846153846154,0.7692307692307693,0.7659574468085106,0.8292682926829268,0.7498143786675182,0.07127254282355774,27,0.8524590163934426,0.8402366863905325,0.8192771084337349,0.8457142857142858,0.8284023668639053,0.8372178927591802,0.01194302220456394,0.8428093645484949,0.8106060606060606,0.7456293706293706,0.8758741258741258,0.9029720279720279,0.8355781899260158,0.05464865795709933,40,0.9455627705627706,0.9419295592048401,0.9354735152487962,0.9427501337613697,0.9365971107544141,0.9404626179064381,0.003826996042544462
0.030801105499267577,0.0014024379685659539,0.04348964691162109,0.00035737640441028636,entropy,2,1,2,"{'classifier__criterion': 'entropy', 'classifier__max_depth': 2, 'classifier__min_samples_leaf': 1, 'classifier__min_samples_split': 2}",0.7551020408163265,0.7346938775510204,0.6458333333333334,0.7291666666666666,0.75,0.7229591836734695,0.03972153493789234,115,0.7875647668393783,0.7875647668393783,0.7989690721649485,0.7835051546391752,0.7835051546391752,0.788221783024411,0.005672049559972629,0.6774193548387096,0.8,0.631578947368421,0.6956521739130435,0.8125,0.7234300952240349,0.07088248409834286,89,0.7155963302752294,0.8870967741935484,0.8205128205128205,0.7831325301204819,0.8852459016393442,0.8183168713482848,0.06481425730472333,0.9130434782608695,0.5454545454545454,0.5454545454545454,0.7272727272727273,0.5909090909090909,0.6644268774703557,0.14104858137353954,137,0.8863636363636364,0.6179775280898876,0.7191011235955056,0.7303370786516854,0.6067415730337079,0.7121041879468846,0.1007063647359112,0.7777777777777778,0.6486486486486487,0.5853658536585366,0.7111111111111111,0.6842105263157895,0.6814227835023727,0.06399145398323847,135,0.7918781725888325,0.7284768211920529,0.7664670658682635,0.7558139534883721,0.72,0.7525272026275042,0.02603866783555284,0.8102006688963211,0.8265993265993266,0.7360139860139859,0.7980769230769231,0.8277972027972028,0.799737621476752,0.033710017214596565,97,0.8517857142857141,0.853932584269663,0.8553772070626002,0.8650615302300696,0.8522739432851792,0.8556861958266453,0.00485643380234932
0.03172450065612793,0.0022778243350188242,0.04655876159667969,0.004181369642150382,entropy,2,1,5,"{'classifier__criterion': 'entropy', 'classifier__max_depth': 2, 'classifier__min_samples_leaf': 1, 'classifier__min_samples_split': 5}",0.7551020408163265,0.7346938775510204,0.6458333333333334,0.7291666666666666,0.75,0.7229591836734695,0.03972153493789234,115,0.7875647668393783,0.7875647668393783,0.7989690721649485,0.7835051546391752,0.7835051546391752,0.788221783024411,0.005672049559972629,0.6774193548387096,0.8,0.631578947368421,0.6956521739130435,0.8125,0.7234300952240349,0.07088248409834286,89,0.7155963302752294,0.8870967741935484,0.8205128205128205,0.7831325301204819,0.8852459016393442,0.8183168713482848,0.06481425730472333,0.9130434782608695,0.5454545454545454,0.5454545454545454,0.7272727272727273,0.5909090909090909,0.6644268774703557,0.14104858137353954,137,0.8863636363636364,0.6179775280898876,0.7191011235955056,0.7303370786516854,0.6067415730337079,0.7121041879468846,0.1007063647359112,0.7777777777777778,0.6486486486486487,0.5853658536585366,0.7111111111111111,0.6842105263157895,0.6814227835023727,0.06399145398323847,135,0.7918781725888325,0.7284768211920529,0.7664670658682635,0.7558139534883721,0.72,0.7525272026275042,0.02603866783555284,0.8102006688963211,0.8265993265993266,0.7360139860139859,0.7980769230769231,0.8277972027972028,0.799737621476752,0.033710017214596565,97,0.8517857142857141,0.853932584269663,0.8553772070626002,0.8650615302300696,0.8522739432851792,0.8556861958266453,0.00485643380234932
0.031868267059326175,0.0022219757260120423,0.046434211730957034,0.001180557172698325,entropy,2,1,10,"{'classifier__criterion': 'entropy', 'classifier__max_depth': 2, 'classifier__min_samples_leaf': 1, 'classifier__min_samples_split': 10}",0.7551020408163265,0.7346938775510204,0.6458333333333334,0.7291666666666666,0.75,0.7229591836734695,0.03972153493789234,115,0.7875647668393783,0.7875647668393783,0.7989690721649485,0.7835051546391752,0.7835051546391752,0.788221783024411,0.005672049559972629,0.6774193548387096,0.8,0.631578947368421,0.6956521739130435,0.8125,0.7234300952240349,0.07088248409834286,89,0.7155963302752294,0.8870967741935484,0.8205128205128205,0.7831325301204819,0.8852459016393442,0.8183168713482848,0.06481425730472333,0.9130434782608695,0.5454545454545454,0.5454545454545454,0.7272727272727273,0.5909090909090909,0.6644268774703557,0.14104858137353954,137,0.8863636363636364,0.6179775280898876,0.7191011235955056,0.7303370786516854,0.6067415730337079,0.7121041879468846,0.1007063647359112,0.7777777777777778,0.6486486486486487,0.5853658536585366,0.7111111111111111,0.6842105263157895,0.6814227835023727,0.06399145398323847,135,0.7918781725888325,0.7284768211920529,0.7664670658682635,0.7558139534883721,0.72,0.7525272026275042,0.02603866783555284,0.8102006688963211,0.8265993265993266,0.7360139860139859,0.7980769230769231,0.8277972027972028,0.799737621476752,0.033710017214596565,97,0.8517857142857141,0.853932584269663,0.8553772070626002,0.8650615302300696,0.8522739432851792,0.8556861958266453,0.00485643380234932
0.030829763412475585,0.0017080392776073698,0.04360752105712891,0.0007843373719387811,entropy,2,2,2,"{'classifier__criterion': 'entropy', 'classifier__max_depth': 2, 'classifier__min_samples_leaf': 2, 'classifier__min_samples_split': 2}",0.7551020408163265,0.7346938775510204,0.6458333333333334,0.7291666666666666,0.75,0.7229591836734695,0.03972153493789234,115,0.7875647668393783,0.7875647668393783,0.7989690721649485,0.7835051546391752,0.7835051546391752,0.788221783024411,0.005672049559972629,0.6774193548387096,0.8,0.631578947368421,0.6956521739130435,0.8125,0.7234300952240349,0.07088248409834286,89,0.7155963302752294,0.8870967741935484,0.8205128205128205,0.7831325301204819,0.8852459016393442,0.8183168713482848,0.06481425730472333,0.9130434782608695,0.5454545454545454,0.5454545454545454,0.7272727272727273,0.5909090909090909,0.6644268774703557,0.14104858137353954,137,0.8863636363636364,0.6179775280898876,0.7191011235955056,0.7303370786516854,0.6067415730337079,0.7121041879468846,0.1007063647359112,0.7777777777777778,0.6486486486486487,0.5853658536585366,0.7111111111111111,0.6842105263157895,0.6814227835023727,0.06399145398323847,135,0.7918781725888325,0.7284768211920529,0.7664670658682635,0.7558139534883721,0.72,0.7525272026275042,0.02603866783555284,0.8102006688963211,0.8265993265993266,0.7360139860139859,0.7980769230769231,0.8277972027972028,0.799737621476752,0.033710017214596565,97,0.8517857142857141,0.853932584269663,0.8553772070626002,0.8650615302300696,0.8522739432851792,0.8556861958266453,0.00485643380234932
0.03186731338500977,0.0027226298947891203,0.04428772926330567,0.0020555138098128124,entropy,2,2,5,"{'classifier__criterion': 'entropy', 'classifier__max_depth': 2, 'classifier__min_samples_leaf': 2, 'classifier__min_samples_split': 5}",0.7551020408163265,0.7346938775510204,0.6458333333333334,0.7291666666666666,0.75,0.7229591836734695,0.03972153493789234,115,0.7875647668393783,0.7875647668393783,0.7989690721649485,0.7835051546391752,0.7835051546391752,0.788221783024411,0.005672049559972629,0.6774193548387096,0.8,0.631578947368421,0.6956521739130435,0.8125,0.7234300952240349,0.07088248409834286,89,0.7155963302752294,0.8870967741935484,0.8205128205128205,0.7831325301204819,0.8852459016393442,0.8183168713482848,0.06481425730472333,0.9130434782608695,0.5454545454545454,0.5454545454545454,0.7272727272727273,0.5909090909090909,0.6644268774703557,0.14104858137353954,137,0.8863636363636364,0.6179775280898876,0.7191011235955056,0.7303370786516854,0.6067415730337079,0.7121041879468846,0.1007063647359112,0.7777777777777778,0.6486486486486487,0.5853658536585366,0.7111111111111111,0.6842105263157895,0.6814227835023727,0.06399145398323847,135,0.7918781725888325,0.7284768211920529,0.7664670658682635,0.7558139534883721,0.72,0.7525272026275042,0.02603866783555284,0.8102006688963211,0.8265993265993266,0.7360139860139859,0.7980769230769231,0.8277972027972028,0.799737621476752,0.033710017214596565,97,0.8517857142857141,0.853932584269663,0.8553772070626002,0.8650615302300696,0.8522739432851792,0.8556861958266453,0.00485643380234932
0.03575048446655273,0.010872466266001465,0.045479106903076175,0.002482003245914193,entropy,2,2,10,"{'classifier__criterion': 'entropy', 'classifier__max_depth': 2, 'classifier__min_samples_leaf': 2, 'classifier__min_samples_split': 10}",0.7551020408163265,0.7346938775510204,0.6458333333333334,0.7291666666666666,0.75,0.7229591836734695,0.03972153493789234,115,0.7875647668393783,0.7875647668393783,0.7989690721649485,0.7835051546391752,0.7835051546391752,0.788221783024411,0.005672049559972629,0.6774193548387096,0.8,0.631578947368421,0.6956521739130435,0.8125,0.7234300952240349,0.07088248409834286,89,0.7155963302752294,0.8870967741935484,0.8205128205128205,0.7831325301204819,0.8852459016393442,0.8183168713482848,0.06481425730472333,0.9130434782608695,0.5454545454545454,0.5454545454545454,0.7272727272727273,0.5909090909090909,0.6644268774703557,0.14104858137353954,137,0.8863636363636364,0.6179775280898876,0.7191011235955056,0.7303370786516854,0.6067415730337079,0.7121041879468846,0.1007063647359112,0.7777777777777778,0.6486486486486487,0.5853658536585366,0.7111111111111111,0.6842105263157895,0.6814227835023727,0.06399145398323847,135,0.7918781725888325,0.7284768211920529,0.7664670658682635,0.7558139534883721,0.72,0.7525272026275042,0.02603866783555284,0.8102006688963211,0.8265993265993266,0.7360139860139859,0.7980769230769231,0.8277972027972028,0.799737621476752,0.033710017214596565,97,0.8517857142857141,0.853932584269663,0.8553772070626002,0.8650615302300696,0.8522739432851792,0.8556861958266453,0.00485643380234932
0.03315324783325195,0.002643168044582215,0.0447197437286377,0.0014417920101847481,entropy,2,4,2,"{'classifier__criterion': 'entropy', 'classifier__max_depth': 2, 'classifier__min_samples_leaf': 4, 'classifier__min_samples_split': 2}",0.7551020408163265,0.7346938775510204,0.6458333333333334,0.7291666666666666,0.75,0.7229591836734695,0.03972153493789234,115,0.7875647668393783,0.7875647668393783,0.7989690721649485,0.7835051546391752,0.7835051546391752,0.788221783024411,0.005672049559972629,0.6774193548387096,0.8,0.631578947368421,0.6956521739130435,0.8125,0.7234300952240349,0.07088248409834286,89,0.7155963302752294,0.8870967741935484,0.8205128205128205,0.7831325301204819,0.8852459016393442,0.8183168713482848,0.06481425730472333,0.9130434782608695,0.5454545454545454,0.5454545454545454,0.7272727272727273,0.5909090909090909,0.6644268774703557,0.14104858137353954,137,0.8863636363636364,0.6179775280898876,0.7191011235955056,0.7303370786516854,0.6067415730337079,0.7121041879468846,0.1007063647359112,0.7777777777777778,0.6486486486486487,0.5853658536585366,0.7111111111111111,0.6842105263157895,0.6814227835023727,0.06399145398323847,135,0.7918781725888325,0.7284768211920529,0.7664670658682635,0.7558139534883721,0.72,0.7525272026275042,0.02603866783555284,0.8102006688963211,0.8265993265993266,0.7360139860139859,0.7980769230769231,0.8277972027972028,0.799737621476752,0.033710017214596565,97,0.8517857142857141,0.853932584269663,0.8553772070626002,0.8650615302300696,0.8522739432851792,0.8556861958266453,0.00485643380234932
0.032039213180541995,0.0032035083627544175,0.04409847259521484,0.00019703610694934385,entropy,2,4,5,"{'classifier__criterion': 'entropy', 'classifier__max_depth': 2, 'classifier__min_samples_leaf': 4, 'classifier__min_samples_split': 5}",0.7551020408163265,0.7346938775510204,0.6458333333333334,0.7291666666666666,0.75,0.7229591836734695,0.03972153493789234,115,0.7875647668393783,0.7875647668393783,0.7989690721649485,0.7835051546391752,0.7835051546391752,0.788221783024411,0.005672049559972629,0.6774193548387096,0.8,0.631578947368421,0.6956521739130435,0.8125,0.7234300952240349,0.07088248409834286,89,0.7155963302752294,0.8870967741935484,0.8205128205128205,0.7831325301204819,0.8852459016393442,0.8183168713482848,0.06481425730472333,0.9130434782608695,0.5454545454545454,0.5454545454545454,0.7272727272727273,0.5909090909090909,0.6644268774703557,0.14104858137353954,137,0.8863636363636364,0.6179775280898876,0.7191011235955056,0.7303370786516854,0.6067415730337079,0.7121041879468846,0.1007063647359112,0.7777777777777778,0.6486486486486487,0.5853658536585366,0.7111111111111111,0.6842105263157895,0.6814227835023727,0.06399145398323847,135,0.7918781725888325,0.7284768211920529,0.7664670658682635,0.7558139534883721,0.72,0.7525272026275042,0.02603866783555284,0.8102006688963211,0.8265993265993266,0.7360139860139859,0.7980769230769231,0.8277972027972028,0.799737621476752,0.033710017214596565,97,0.8517857142857141,0.853932584269663,0.8553772070626002,0.8650615302300696,0.8522739432851792,0.8556861958266453,0.00485643380234932
0.05155692100524902,0.017136139653356985,0.05849719047546387,0.01148614471142595,entropy,2,4,10,"{'classifier__criterion': 'entropy', 'classifier__max_depth': 2, 'classifier__min_samples_leaf': 4, 'classifier__min_samples_split': 10}",0.7551020408163265,0.7346938775510204,0.6458333333333334,0.7291666666666666,0.75,0.7229591836734695,0.03972153493789234,115,0.7875647668393783,0.7875647668393783,0.7989690721649485,0.7835051546391752,0.7835051546391752,0.788221783024411,0.005672049559972629,0.6774193548387096,0.8,0.631578947368421,0.6956521739130435,0.8125,0.7234300952240349,0.07088248409834286,89,0.7155963302752294,0.8870967741935484,0.8205128205128205,0.7831325301204819,0.8852459016393442,0.8183168713482848,0.06481425730472333,0.9130434782608695,0.5454545454545454,0.5454545454545454,0.7272727272727273,0.5909090909090909,0.6644268774703557,0.14104858137353954,137,0.8863636363636364,0.6179775280898876,0.7191011235955056,0.7303370786516854,0.6067415730337079,0.7121041879468846,0.1007063647359112,0.7777777777777778,0.6486486486486487,0.5853658536585366,0.7111111111111111,0.6842105263157895,0.6814227835023727,0.06399145398323847,135,0.7918781725888325,0.7284768211920529,0.7664670658682635,0.7558139534883721,0.72,0.7525272026275042,0.02603866783555284,0.8102006688963211,0.8265993265993266,0.7360139860139859,0.7980769230769231,0.8277972027972028,0.799737621476752,0.033710017214596565,97,0.8517857142857141,0.853932584269663,0.8553772070626002,0.8650615302300696,0.8522739432851792,0.8556861958266453,0.00485643380234932
0.04697914123535156,0.01953764023576673,0.0764167308807373,0.008877491968885418,entropy,2,8,2,"{'classifier__criterion': 'entropy', 'classifier__max_depth': 2, 'classifier__min_samples_leaf': 8, 'classifier__min_samples_split': 2}",0.7551020408163265,0.7346938775510204,0.6458333333333334,0.7291666666666666,0.75,0.7229591836734695,0.03972153493789234,115,0.7875647668393783,0.7875647668393783,0.7989690721649485,0.7835051546391752,0.7835051546391752,0.788221783024411,0.005672049559972629,0.6774193548387096,0.8,0.631578947368421,0.6956521739130435,0.8125,0.7234300952240349,0.07088248409834286,89,0.7155963302752294,0.8870967741935484,0.8205128205128205,0.7831325301204819,0.8852459016393442,0.8183168713482848,0.06481425730472333,0.9130434782608695,0.5454545454545454,0.5454545454545454,0.7272727272727273,0.5909090909090909,0.6644268774703557,0.14104858137353954,137,0.8863636363636364,0.6179775280898876,0.7191011235955056,0.7303370786516854,0.6067415730337079,0.7121041879468846,0.1007063647359112,0.7777777777777778,0.6486486486486487,0.5853658536585366,0.7111111111111111,0.6842105263157895,0.6814227835023727,0.06399145398323847,135,0.7918781725888325,0.7284768211920529,0.7664670658682635,0.7558139534883721,0.72,0.7525272026275042,0.02603866783555284,0.8102006688963211,0.8265993265993266,0.7360139860139859,0.7980769230769231,0.8277972027972028,0.799737621476752,0.033710017214596565,97,0.8517857142857141,0.853932584269663,0.8553772070626002,0.8650615302300696,0.8522739432851792,0.8556861958266453,0.00485643380234932
0.06154465675354004,0.019971068406411344,0.0801051139831543,0.011863294450665852,entropy,2,8,5,"{'classifier__criterion': 'entropy', 'classifier__max_depth': 2, 'classifier__min_samples_leaf': 8, 'classifier__min_samples_split': 5}",0.7551020408163265,0.7346938775510204,0.6458333333333334,0.7291666666666666,0.75,0.7229591836734695,0.03972153493789234,115,0.7875647668393783,0.7875647668393783,0.7989690721649485,0.7835051546391752,0.7835051546391752,0.788221783024411,0.005672049559972629,0.6774193548387096,0.8,0.631578947368421,0.6956521739130435,0.8125,0.7234300952240349,0.07088248409834286,89,0.7155963302752294,0.8870967741935484,0.8205128205128205,0.7831325301204819,0.8852459016393442,0.8183168713482848,0.06481425730472333,0.9130434782608695,0.5454545454545454,0.5454545454545454,0.7272727272727273,0.5909090909090909,0.6644268774703557,0.14104858137353954,137,0.8863636363636364,0.6179775280898876,0.7191011235955056,0.7303370786516854,0.6067415730337079,0.7121041879468846,0.1007063647359112,0.7777777777777778,0.6486486486486487,0.5853658536585366,0.7111111111111111,0.6842105263157895,0.6814227835023727,0.06399145398323847,135,0.7918781725888325,0.7284768211920529,0.7664670658682635,0.7558139534883721,0.72,0.7525272026275042,0.02603866783555284,0.8102006688963211,0.8265993265993266,0.7360139860139859,0.7980769230769231,0.8277972027972028,0.799737621476752,0.033710017214596565,97,0.8517857142857141,0.853932584269663,0.8553772070626002,0.8650615302300696,0.8522739432851792,0.8556861958266453,0.00485643380234932
0.05699577331542969,0.016607066740459014,0.06625223159790039,0.020640701367148864,entropy,2,8,10,"{'classifier__criterion': 'entropy', 'classifier__max_depth': 2, 'classifier__min_samples_leaf': 8, 'classifier__min_samples_split': 10}",0.7551020408163265,0.7346938775510204,0.6458333333333334,0.7291666666666666,0.75,0.7229591836734695,0.03972153493789234,115,0.7875647668393783,0.7875647668393783,0.7989690721649485,0.7835051546391752,0.7835051546391752,0.788221783024411,0.005672049559972629,0.6774193548387096,0.8,0.631578947368421,0.6956521739130435,0.8125,0.7234300952240349,0.07088248409834286,89,0.7155963302752294,0.8870967741935484,0.8205128205128205,0.7831325301204819,0.8852459016393442,0.8183168713482848,0.06481425730472333,0.9130434782608695,0.5454545454545454,0.5454545454545454,0.7272727272727273,0.5909090909090909,0.6644268774703557,0.14104858137353954,137,0.8863636363636364,0.6179775280898876,0.7191011235955056,0.7303370786516854,0.6067415730337079,0.7121041879468846,0.1007063647359112,0.7777777777777778,0.6486486486486487,0.5853658536585366,0.7111111111111111,0.6842105263157895,0.6814227835023727,0.06399145398323847,135,0.7918781725888325,0.7284768211920529,0.7664670658682635,0.7558139534883721,0.72,0.7525272026275042,0.02603866783555284,0.8102006688963211,0.8265993265993266,0.7360139860139859,0.7980769230769231,0.8277972027972028,0.799737621476752,0.033710017214596565,97,0.8517857142857141,0.853932584269663,0.8553772070626002,0.8650615302300696,0.8522739432851792,0.8556861958266453,0.00485643380234932
0.05981731414794922,0.0075182860493527,0.08099398612976075,0.013449843048572585,entropy,3,1,2,"{'classifier__criterion': 'entropy', 'classifier__max_depth': 3, 'classifier__min_samples_leaf': 1, 'classifier__min_samples_split': 2}",0.8163265306122449,0.7346938775510204,0.75,0.7916666666666666,0.7916666666666666,0.7768707482993197,0.02998507194880634,49,0.844559585492228,0.8652849740932642,0.845360824742268,0.8556701030927835,0.845360824742268,0.8512472624325623,0.008131963949703972,0.85,0.7647058823529411,0.8125,0.7727272727272727,0.75,0.7899866310160428,0.036453775116804046,19,0.9393939393939394,0.92,0.8641975308641975,0.8961038961038961,0.8314606741573034,0.8902312081038672,0.03865067035430123,0.7391304347826086,0.5909090909090909,0.5909090909090909,0.7727272727272727,0.8181818181818182,0.7023715415019763,0.0944043654927752,72,0.7045454545454546,0.7752808988764045,0.7865168539325843,0.7752808988764045,0.8314606741573034,0.7746169560776301,0.04070310263636787,0.7906976744186046,0.6666666666666666,0.6842105263157895,0.7727272727272727,0.782608695652174,0.7393821671561014,0.052811294400769454,57,0.8051948051948052,0.8414634146341463,0.8235294117647058,0.8313253012048193,0.8314606741573034,0.8265947213911561,0.012120119279667222,0.8603678929765887,0.8223905723905724,0.7937062937062938,0.8706293706293706,0.8767482517482519,0.8447684762902155,0.03175830841999583,19,0.9092532467532467,0.9272904062229904,0.913697164258962,0.9204387372926698,0.9146067415730337,0.9170572592201806,0.006234574195681461
0.053139257431030276,0.002956688079150505,0.07163047790527344,0.01878390281212822,entropy,3,1,5,"{'classifier__criterion': 'entropy', 'classifier__max_depth': 3, 'classifier__min_samples_leaf': 1, 'classifier__min_samples_split': 5}",0.8163265306122449,0.7346938775510204,0.75,0.7916666666666666,0.7916666666666666,0.7768707482993197,0.02998507194880634,49,0.844559585492228,0.8652849740932642,0.845360824742268,0.8556701030927835,0.845360824742268,0.8512472624325623,0.008131963949703972,0.85,0.7647058823529411,0.8125,0.7727272727272727,0.75,0.7899866310160428,0.036453775116804046,19,0.9393939393939394,0.92,0.8641975308641975,0.8961038961038961,0.8314606741573034,0.8902312081038672,0.03865067035430123,0.7391304347826086,0.5909090909090909,0.5909090909090909,0.7727272727272727,0.8181818181818182,0.7023715415019763,0.0944043654927752,72,0.7045454545454546,0.7752808988764045,0.7865168539325843,0.7752808988764045,0.8314606741573034,0.7746169560776301,0.04070310263636787,0.7906976744186046,0.6666666666666666,0.6842105263157895,0.7727272727272727,0.782608695652174,0.7393821671561014,0.052811294400769454,57,0.8051948051948052,0.8414634146341463,0.8235294117647058,0.8313253012048193,0.8314606741573034,0.8265947213911561,0.012120119279667222,0.8603678929765887,0.8223905723905724,0.7937062937062938,0.8706293706293706,0.8767482517482519,0.8447684762902155,0.03175830841999583,19,0.9092532467532467,0.9272904062229904,0.913697164258962,0.9204387372926698,0.9146067415730337,0.9170572592201806,0.006234574195681461
0.05903992652893066,0.006389046228155805,0.07277102470397949,0.007040579526700225,entropy,3,1,10,"{'classifier__criterion': 'entropy', 'classifier__max_depth': 3, 'classifier__min_samples_leaf': 1, 'classifier__min_samples_split': 10}",0.8163265306122449,0.7346938775510204,0.75,0.7916666666666666,0.7916666666666666,0.7768707482993197,0.02998507194880634,49,0.844559585492228,0.8652849740932642,0.845360824742268,0.8556701030927835,0.845360824742268,0.8512472624325623,0.008131963949703972,0.85,0.7647058823529411,0.8125,0.7727272727272727,0.75,0.7899866310160428,0.036453775116804046,19,0.9393939393939394,0.92,0.8641975308641975,0.8961038961038961,0.8314606741573034,0.8902312081038672,0.03865067035430123,0.7391304347826086,0.5909090909090909,0.5909090909090909,0.7727272727272727,0.8181818181818182,0.7023715415019763,0.0944043654927752,72,0.7045454545454546,0.7752808988764045,0.7865168539325843,0.7752808988764045,0.8314606741573034,0.7746169560776301,0.04070310263636787,0.7906976744186046,0.6666666666666666,0.6842105263157895,0.7727272727272727,0.782608695652174,0.7393821671561014,0.052811294400769454,57,0.8051948051948052,0.8414634146341463,0.8235294117647058,0.8313253012048193,0.8314606741573034,0.8265947213911561,0.012120119279667222,0.8603678929765887,0.8223905723905724,0.7937062937062938,0.8706293706293706,0.8767482517482519,0.8447684762902155,0.03175830841999583,19,0.9092532467532467,0.9272904062229904,0.913697164258962,0.9204387372926698,0.9146067415730337,0.9170572592201806,0.006234574195681461
0.04489245414733887,0.015759860634495457,0.0748927116394043,0.022938441102596602,entropy,3,2,2,"{'classifier__criterion': 'entropy', 'classifier__max_depth': 3, 'classifier__min_samples_leaf': 2, 'classifier__min_samples_split': 2}",0.8163265306122449,0.7346938775510204,0.75,0.7916666666666666,0.7916666666666666,0.7768707482993197,0.02998507194880634,49,0.844559585492228,0.8652849740932642,0.845360824742268,0.8556701030927835,0.845360824742268,0.8512472624325623,0.008131963949703972,0.85,0.7647058823529411,0.8125,0.7727272727272727,0.75,0.7899866310160428,0.036453775116804046,19,0.9393939393939394,0.92,0.8641975308641975,0.8961038961038961,0.8314606741573034,0.8902312081038672,0.03865067035430123,0.7391304347826086,0.5909090909090909,0.5909090909090909,0.7727272727272727,0.8181818181818182,0.7023715415019763,0.0944043654927752,72,0.7045454545454546,0.7752808988764045,0.7865168539325843,0.7752808988764045,0.8314606741573034,0.7746169560776301,0.04070310263636787,0.7906976744186046,0.6666666666666666,0.6842105263157895,0.7727272727272727,0.782608695652174,0.7393821671561014,0.052811294400769454,57,0.8051948051948052,0.8414634146341463,0.8235294117647058,0.8313253012048193,0.8314606741573034,0.8265947213911561,0.012120119279667222,0.8603678929765887,0.8223905723905724,0.7937062937062938,0.8706293706293706,0.8767482517482519,0.8447684762902155,0.03175830841999583,19,0.9092532467532467,0.9272904062229904,0.913697164258962,0.9204387372926698,0.9146067415730337,0.9170572592201806,0.006234574195681461
0.031330299377441403,0.001428802537572829,0.044079017639160153,0.0006980549824579188,entropy,3,2,5,"{'classifier__criterion': 'entropy', 'classifier__max_depth': 3, 'classifier__min_samples_leaf': 2, 'classifier__min_samples_split': 5}",0.8163265306122449,0.7346938775510204,0.75,0.7916666666666666,0.7916666666666666,0.7768707482993197,0.02998507194880634,49,0.844559585492228,0.8652849740932642,0.845360824742268,0.8556701030927835,0.845360824742268,0.8512472624325623,0.008131963949703972,0.85,0.7647058823529411,0.8125,0.7727272727272727,0.75,0.7899866310160428,0.036453775116804046,19,0.9393939393939394,0.92,0.8641975308641975,0.8961038961038961,0.8314606741573034,0.8902312081038672,0.03865067035430123,0.7391304347826086,0.5909090909090909,0.5909090909090909,0.7727272727272727,0.8181818181818182,0.7023715415019763,0.0944043654927752,72,0.7045454545454546,0.7752808988764045,0.7865168539325843,0.7752808988764045,0.8314606741573034,0.7746169560776301,0.04070310263636787,0.7906976744186046,0.6666666666666666,0.6842105263157895,0.7727272727272727,0.782608695652174,0.7393821671561014,0.052811294400769454,57,0.8051948051948052,0.8414634146341463,0.8235294117647058,0.8313253012048193,0.8314606741573034,0.8265947213911561,0.012120119279667222,0.8603678929765887,0.8223905723905724,0.7937062937062938,0.8706293706293706,0.8767482517482519,0.8447684762902155,0.03175830841999583,19,0.9092532467532467,0.9272904062229904,0.913697164258962,0.9204387372926698,0.9146067415730337,0.9170572592201806,0.006234574195681461
0.039955759048461915,0.01422822132250783,0.04696207046508789,0.004062837210901738,entropy,3,2,10,"{'classifier__criterion': 'entropy', 'classifier__max_depth': 3, 'classifier__min_samples_leaf': 2, 'classifier__min_samples_split': 10}",0.8163265306122449,0.7346938775510204,0.75,0.7916666666666666,0.7916666666666666,0.7768707482993197,0.02998507194880634,49,0.844559585492228,0.8652849740932642,0.845360824742268,0.8556701030927835,0.845360824742268,0.8512472624325623,0.008131963949703972,0.85,0.7647058823529411,0.8125,0.7727272727272727,0.75,0.7899866310160428,0.036453775116804046,19,0.9393939393939394,0.92,0.8641975308641975,0.8961038961038961,0.8314606741573034,0.8902312081038672,0.03865067035430123,0.7391304347826086,0.5909090909090909,0.5909090909090909,0.7727272727272727,0.8181818181818182,0.7023715415019763,0.0944043654927752,72,0.7045454545454546,0.7752808988764045,0.7865168539325843,0.7752808988764045,0.8314606741573034,0.7746169560776301,0.04070310263636787,0.7906976744186046,0.6666666666666666,0.6842105263157895,0.7727272727272727,0.782608695652174,0.7393821671561014,0.052811294400769454,57,0.8051948051948052,0.8414634146341463,0.8235294117647058,0.8313253012048193,0.8314606741573034,0.8265947213911561,0.012120119279667222,0.8603678929765887,0.8223905723905724,0.7937062937062938,0.8706293706293706,0.8767482517482519,0.8447684762902155,0.03175830841999583,19,0.9092532467532467,0.9272904062229904,0.913697164258962,0.9204387372926698,0.9146067415730337,0.9170572592201806,0.006234574195681461
0.0332334041595459,0.0030034869505797136,0.04582490921020508,0.002132749406641136,entropy,3,4,2,"{'classifier__criterion': 'entropy', 'classifier__max_depth': 3, 'classifier__min_samples_leaf': 4, 'classifier__min_samples_split': 2}",0.8367346938775511,0.7346938775510204,0.75,0.7916666666666666,0.7916666666666666,0.780952380952381,0.03588636870894376,33,0.8393782383419689,0.8704663212435233,0.845360824742268,0.8556701030927835,0.845360824742268,0.8512472624325623,0.010946303223567337,0.8947368421052632,0.7368421052631579,0.8125,0.7727272727272727,0.75,0.7933612440191388,0.056821959078674954,13,0.9384615384615385,0.8902439024390244,0.8641975308641975,0.8961038961038961,0.8314606741573034,0.884093508405192,0.03550781495651302,0.7391304347826086,0.6363636363636364,0.5909090909090909,0.7727272727272727,0.8181818181818182,0.7114624505928854,0.08494805898730381,47,0.6931818181818182,0.8202247191011236,0.7865168539325843,0.7752808988764045,0.8314606741573034,0.7813329928498469,0.04870211629202157,0.8095238095238095,0.6829268292682927,0.6842105263157895,0.7727272727272727,0.782608695652174,0.7463994266974676,0.05269759823198461,42,0.7973856209150327,0.8538011695906432,0.8235294117647058,0.8313253012048193,0.8314606741573034,0.827500435526501,0.018136773630294076,0.8871237458193981,0.7996632996632997,0.7937062937062938,0.8706293706293706,0.8767482517482519,0.8455741923133229,0.04030890300786328,16,0.9081709956709956,0.9300993949870354,0.913697164258962,0.9204387372926698,0.9146067415730337,0.9174026067565393,0.0074457548907335604
0.03575572967529297,0.0025883960562420667,0.048405694961547854,0.00042522351346242277,entropy,3,4,5,"{'classifier__criterion': 'entropy', 'classifier__max_depth': 3, 'classifier__min_samples_leaf': 4, 'classifier__min_samples_split': 5}",0.8367346938775511,0.7346938775510204,0.75,0.7916666666666666,0.7916666666666666,0.780952380952381,0.03588636870894376,33,0.8393782383419689,0.8704663212435233,0.845360824742268,0.8556701030927835,0.845360824742268,0.8512472624325623,0.010946303223567337,0.8947368421052632,0.7368421052631579,0.8125,0.7727272727272727,0.75,0.7933612440191388,0.056821959078674954,13,0.9384615384615385,0.8902439024390244,0.8641975308641975,0.8961038961038961,0.8314606741573034,0.884093508405192,0.03550781495651302,0.7391304347826086,0.6363636363636364,0.5909090909090909,0.7727272727272727,0.8181818181818182,0.7114624505928854,0.08494805898730381,47,0.6931818181818182,0.8202247191011236,0.7865168539325843,0.7752808988764045,0.8314606741573034,0.7813329928498469,0.04870211629202157,0.8095238095238095,0.6829268292682927,0.6842105263157895,0.7727272727272727,0.782608695652174,0.7463994266974676,0.05269759823198461,42,0.7973856209150327,0.8538011695906432,0.8235294117647058,0.8313253012048193,0.8314606741573034,0.827500435526501,0.018136773630294076,0.8871237458193981,0.7996632996632997,0.7937062937062938,0.8706293706293706,0.8767482517482519,0.8455741923133229,0.04030890300786328,16,0.9081709956709956,0.9300993949870354,0.913697164258962,0.9204387372926698,0.9146067415730337,0.9174026067565393,0.0074457548907335604
0.041800403594970705,0.010923197751571988,0.04883441925048828,0.0005537299416864851,entropy,3,4,10,"{'classifier__criterion': 'entropy', 'classifier__max_depth': 3, 'classifier__min_samples_leaf': 4, 'classifier__min_samples_split': 10}",0.8367346938775511,0.7346938775510204,0.75,0.7916666666666666,0.7916666666666666,0.780952380952381,0.03588636870894376,33,0.8393782383419689,0.8704663212435233,0.845360824742268,0.8556701030927835,0.845360824742268,0.8512472624325623,0.010946303223567337,0.8947368421052632,0.7368421052631579,0.8125,0.7727272727272727,0.75,0.7933612440191388,0.056821959078674954,13,0.9384615384615385,0.8902439024390244,0.8641975308641975,0.8961038961038961,0.8314606741573034,0.884093508405192,0.03550781495651302,0.7391304347826086,0.6363636363636364,0.5909090909090909,0.7727272727272727,0.8181818181818182,0.7114624505928854,0.08494805898730381,47,0.6931818181818182,0.8202247191011236,0.7865168539325843,0.7752808988764045,0.8314606741573034,0.7813329928498469,0.04870211629202157,0.8095238095238095,0.6829268292682927,0.6842105263157895,0.7727272727272727,0.782608695652174,0.7463994266974676,0.05269759823198461,42,0.7973856209150327,0.8538011695906432,0.8235294117647058,0.8313253012048193,0.8314606741573034,0.827500435526501,0.018136773630294076,0.8871237458193981,0.7996632996632997,0.7937062937062938,0.8706293706293706,0.8767482517482519,0.8455741923133229,0.04030890300786328,16,0.9081709956709956,0.9300993949870354,0.913697164258962,0.9204387372926698,0.9146067415730337,0.9174026067565393,0.0074457548907335604
0.030956554412841796,0.002177515340219225,0.04525017738342285,0.001328823318754324,entropy,3,8,2,"{'classifier__criterion': 'entropy', 'classifier__max_depth': 3, 'classifier__min_samples_leaf': 8, 'classifier__min_samples_split': 2}",0.8163265306122449,0.7346938775510204,0.7916666666666666,0.7916666666666666,0.8333333333333334,0.7935374149659864,0.03338448802825768,16,0.8393782383419689,0.8497409326424871,0.8402061855670103,0.8556701030927835,0.8402061855670103,0.8450403290422519,0.006540411729372559,0.8181818181818182,0.7142857142857143,0.8333333333333334,0.7727272727272727,0.8181818181818182,0.7913419913419913,0.04356191684188497,16,0.9130434782608695,0.8409090909090909,0.8372093023255814,0.8961038961038961,0.8295454545454546,0.8633622444289785,0.034269334721112835,0.782608695652174,0.6818181818181818,0.6818181818181818,0.7727272727272727,0.8181818181818182,0.7474308300395258,0.05566531016362431,19,0.7159090909090909,0.8314606741573034,0.8089887640449438,0.7752808988764045,0.8202247191011236,0.7903728294177732,0.041709744773145416,0.8,0.6976744186046512,0.75,0.7727272727272727,0.8181818181818182,0.7677167019027484,0.04203295871814256,19,0.802547770700637,0.8361581920903954,0.8228571428571428,0.8313253012048193,0.8248587570621468,0.8235494327830283,0.011512674290680236,0.8821070234113713,0.7971380471380473,0.7604895104895104,0.8706293706293706,0.8898601398601398,0.8400448183056879,0.051684133376743636,25,0.9060064935064934,0.9179991356957649,0.9063670411985018,0.9204387372926698,0.910700909577314,0.9123024634541489,0.005934382467600388
0.031772184371948245,0.0018723901636151208,0.0480039119720459,0.0028534891277004755,entropy,3,8,5,"{'classifier__criterion': 'entropy', 'classifier__max_depth': 3, 'classifier__min_samples_leaf': 8, 'classifier__min_samples_split': 5}",0.8163265306122449,0.7346938775510204,0.7916666666666666,0.7916666666666666,0.8333333333333334,0.7935374149659864,0.03338448802825768,16,0.8393782383419689,0.8497409326424871,0.8402061855670103,0.8556701030927835,0.8402061855670103,0.8450403290422519,0.006540411729372559,0.8181818181818182,0.7142857142857143,0.8333333333333334,0.7727272727272727,0.8181818181818182,0.7913419913419913,0.04356191684188497,16,0.9130434782608695,0.8409090909090909,0.8372093023255814,0.8961038961038961,0.8295454545454546,0.8633622444289785,0.034269334721112835,0.782608695652174,0.6818181818181818,0.6818181818181818,0.7727272727272727,0.8181818181818182,0.7474308300395258,0.05566531016362431,19,0.7159090909090909,0.8314606741573034,0.8089887640449438,0.7752808988764045,0.8202247191011236,0.7903728294177732,0.041709744773145416,0.8,0.6976744186046512,0.75,0.7727272727272727,0.8181818181818182,0.7677167019027484,0.04203295871814256,19,0.802547770700637,0.8361581920903954,0.8228571428571428,0.8313253012048193,0.8248587570621468,0.8235494327830283,0.011512674290680236,0.8821070234113713,0.7971380471380473,0.7604895104895104,0.8706293706293706,0.8898601398601398,0.8400448183056879,0.051684133376743636,25,0.9060064935064934,0.9179991356957649,0.9063670411985018,0.9204387372926698,0.910700909577314,0.9123024634541489,0.005934382467600388
0.03463172912597656,0.004515253133346975,0.05662355422973633,0.007810118599713054,entropy,3,8,10,"{'classifier__criterion': 'entropy', 'classifier__max_depth': 3, 'classifier__min_samples_leaf': 8, 'classifier__min_samples_split': 10}",0.8163265306122449,0.7346938775510204,0.7916666666666666,0.7916666666666666,0.8333333333333334,0.7935374149659864,0.03338448802825768,16,0.8393782383419689,0.8497409326424871,0.8402061855670103,0.8556701030927835,0.8402061855670103,0.8450403290422519,0.006540411729372559,0.8181818181818182,0.7142857142857143,0.8333333333333334,0.7727272727272727,0.8181818181818182,0.7913419913419913,0.04356191684188497,16,0.9130434782608695,0.8409090909090909,0.8372093023255814,0.8961038961038961,0.8295454545454546,0.8633622444289785,0.034269334721112835,0.782608695652174,0.6818181818181818,0.6818181818181818,0.7727272727272727,0.8181818181818182,0.7474308300395258,0.05566531016362431,19,0.7159090909090909,0.8314606741573034,0.8089887640449438,0.7752808988764045,0.8202247191011236,0.7903728294177732,0.041709744773145416,0.8,0.6976744186046512,0.75,0.7727272727272727,0.8181818181818182,0.7677167019027484,0.04203295871814256,19,0.802547770700637,0.8361581920903954,0.8228571428571428,0.8313253012048193,0.8248587570621468,0.8235494327830283,0.011512674290680236,0.8821070234113713,0.7971380471380473,0.7604895104895104,0.8706293706293706,0.8898601398601398,0.8400448183056879,0.051684133376743636,25,0.9060064935064934,0.9179991356957649,0.9063670411985018,0.9204387372926698,0.910700909577314,0.9123024634541489,0.005934382467600388
0.03139481544494629,0.0009248929824091092,0.04747915267944336,0.0008912098988156355,entropy,4,1,2,"{'classifier__criterion': 'entropy', 'classifier__max_depth': 4, 'classifier__min_samples_leaf': 1, 'classifier__min_samples_split': 2}",0.7959183673469388,0.7755102040816326,0.7708333333333334,0.7916666666666666,0.7916666666666666,0.7851190476190475,0.009987786979609524,29,0.8601036269430051,0.8860103626943006,0.8917525773195877,0.8814432989690721,0.8762886597938144,0.8791197051439561,0.010789770683988835,0.782608695652174,0.8235294117647058,0.8235294117647058,0.8,0.8,0.8059335038363171,0.015707906060496525,8,0.8860759493670886,0.935064935064935,0.925,0.9583333333333334,0.9452054794520548,0.9299359394434823,0.024551739879628533,0.782608695652174,0.6363636363636364,0.6363636363636364,0.7272727272727273,0.7272727272727273,0.7019762845849803,0.05725634454460656,78,0.7954545454545454,0.8089887640449438,0.8314606741573034,0.7752808988764045,0.7752808988764045,0.7972931562819203,0.021338537722435574,0.782608695652174,0.717948717948718,0.717948717948718,0.7619047619047619,0.7619047619047619,0.7484631310718267,0.026036640627792186,39,0.8383233532934131,0.8674698795180723,0.8757396449704142,0.8571428571428571,0.8518518518518519,0.8581055173553217,0.012884275667236733,0.8076923076923077,0.7777777777777778,0.8094405594405595,0.8522727272727273,0.7893356643356644,0.8073038073038074,0.02538330548495409,80,0.946482683982684,0.9662921348314605,0.9457998929909043,0.9548421615837346,0.9583199571963616,0.9543473661170289,0.007663110647704845
0.031722211837768556,0.0013286350735047477,0.04818153381347656,0.00195460474757738,entropy,4,1,5,"{'classifier__criterion': 'entropy', 'classifier__max_depth': 4, 'classifier__min_samples_leaf': 1, 'classifier__min_samples_split': 5}",0.8163265306122449,0.7755102040816326,0.7708333333333334,0.7916666666666666,0.7916666666666666,0.7892006802721088,0.0159547015413206,25,0.8549222797927462,0.8860103626943006,0.8917525773195877,0.8814432989690721,0.8762886597938144,0.8780834357139042,0.01265409537572496,0.8181818181818182,0.8235294117647058,0.8235294117647058,0.8,0.8,0.8130481283422458,0.010831220450200749,4,0.8846153846153846,0.935064935064935,0.925,0.9583333333333334,0.9452054794520548,0.9296438264931416,0.025074955497991137,0.782608695652174,0.6363636363636364,0.6363636363636364,0.7272727272727273,0.7272727272727273,0.7019762845849803,0.05725634454460656,78,0.7840909090909091,0.8089887640449438,0.8314606741573034,0.7752808988764045,0.7752808988764045,0.795020429009193,0.02200799107368077,0.8,0.717948717948718,0.717948717948718,0.7619047619047619,0.7619047619047619,0.751941391941392,0.031045679444744984,25,0.8313253012048193,0.8674698795180723,0.8757396449704142,0.8571428571428571,0.8518518518518519,0.8567059069376028,0.015139842884489729,0.8453177257525084,0.7777777777777778,0.8094405594405595,0.8522727272727273,0.7893356643356644,0.8148288909158474,0.029608558334184923,65,0.94258658008658,0.9662921348314605,0.9457998929909043,0.9548421615837346,0.9583199571963616,0.9535681453378082,0.00856788494157931
0.03328185081481934,0.0028170429250158548,0.04713950157165527,0.0030542199276013178,entropy,4,1,10,"{'classifier__criterion': 'entropy', 'classifier__max_depth': 4, 'classifier__min_samples_leaf': 1, 'classifier__min_samples_split': 10}",0.8163265306122449,0.7346938775510204,0.7708333333333334,0.7916666666666666,0.7708333333333334,0.7768707482993198,0.026934985217445022,48,0.8549222797927462,0.8808290155440415,0.8865979381443299,0.8814432989690721,0.8762886597938144,0.8760162384488008,0.011041897326801066,0.8181818181818182,0.7368421052631579,0.8235294117647058,0.8,0.7894736842105263,0.7936054038840418,0.03091756919503337,12,0.8846153846153846,0.9342105263157895,0.9135802469135802,0.9459459459459459,0.9452054794520548,0.9247115166485511,0.023206635488883534,0.782608695652174,0.6363636363636364,0.6363636363636364,0.7272727272727273,0.6818181818181818,0.6928853754940711,0.056115347111213625,97,0.7840909090909091,0.797752808988764,0.8314606741573034,0.7865168539325843,0.7752808988764045,0.795020429009193,0.019579436209442268,0.8,0.6829268292682927,0.717948717948718,0.7619047619047619,0.7317073170731707,0.7388975252389887,0.03971426894382346,63,0.8313253012048193,0.8606060606060606,0.8705882352941177,0.8588957055214724,0.8518518518518519,0.8546534308956643,0.013110294929546401,0.8453177257525084,0.75,0.8059440559440559,0.8636363636363635,0.7692307692307693,0.8068257829127393,0.043249055123958643,81,0.94258658008658,0.9621326707000863,0.9418405564472979,0.9543606206527555,0.956554307116105,0.9514949470005648,0.007994205824172014
0.03097248077392578,0.0012280574188426904,0.04434146881103516,0.001157679965447941,entropy,4,2,2,"{'classifier__criterion': 'entropy', 'classifier__max_depth': 4, 'classifier__min_samples_leaf': 2, 'classifier__min_samples_split': 2}",0.8163265306122449,0.7755102040816326,0.75,0.7916666666666666,0.7916666666666666,0.7850340136054421,0.021841661342646496,31,0.8549222797927462,0.8756476683937824,0.8865979381443299,0.8814432989690721,0.8711340206185567,0.8739490411836975,0.010853440176124305,0.8181818181818182,0.8235294117647058,0.8125,0.8,0.8,0.8108422459893048,0.009515148342793087,6,0.8846153846153846,0.9333333333333333,0.9240506329113924,0.9583333333333334,0.9444444444444444,0.9289554257275776,0.024948881616252767,0.782608695652174,0.6363636363636364,0.5909090909090909,0.7272727272727273,0.7272727272727273,0.6928853754940713,0.06929520000256484,95,0.7840909090909091,0.7865168539325843,0.8202247191011236,0.7752808988764045,0.7640449438202247,0.7860316649642493,0.018826373899626915,0.8,0.717948717948718,0.6842105263157895,0.7619047619047619,0.7619047619047619,0.7451937536148062,0.04005867251724267,46,0.8313253012048193,0.8536585365853658,0.8690476190476191,0.8571428571428571,0.84472049689441,0.8511789621750143,0.012624459264261836,0.8453177257525084,0.8240740740740742,0.8041958041958042,0.8522727272727273,0.8111888111888113,0.8274098284967852,0.018718953517678525,55,0.94258658008658,0.9621326707000865,0.9434991974317816,0.9548421615837346,0.9568753344034243,0.9519871888411215,0.007686261531731816
0.032082319259643555,0.0019134857387347398,0.046295690536499026,0.0017656291717164944,entropy,4,2,5,"{'classifier__criterion': 'entropy', 'classifier__max_depth': 4, 'classifier__min_samples_leaf': 2, 'classifier__min_samples_split': 5}",0.8163265306122449,0.7755102040816326,0.75,0.7916666666666666,0.7916666666666666,0.7850340136054421,0.021841661342646496,31,0.8549222797927462,0.8756476683937824,0.8865979381443299,0.8814432989690721,0.8711340206185567,0.8739490411836975,0.010853440176124305,0.8181818181818182,0.8235294117647058,0.8125,0.8,0.8,0.8108422459893048,0.009515148342793087,6,0.8846153846153846,0.9333333333333333,0.9240506329113924,0.9583333333333334,0.9444444444444444,0.9289554257275776,0.024948881616252767,0.782608695652174,0.6363636363636364,0.5909090909090909,0.7272727272727273,0.7272727272727273,0.6928853754940713,0.06929520000256484,95,0.7840909090909091,0.7865168539325843,0.8202247191011236,0.7752808988764045,0.7640449438202247,0.7860316649642493,0.018826373899626915,0.8,0.717948717948718,0.6842105263157895,0.7619047619047619,0.7619047619047619,0.7451937536148062,0.04005867251724267,46,0.8313253012048193,0.8536585365853658,0.8690476190476191,0.8571428571428571,0.84472049689441,0.8511789621750143,0.012624459264261836,0.8453177257525084,0.8240740740740742,0.8041958041958042,0.8522727272727273,0.8111888111888113,0.8274098284967852,0.018718953517678525,55,0.94258658008658,0.9621326707000865,0.9434991974317816,0.9548421615837346,0.9568753344034243,0.9519871888411215,0.007686261531731816
0.03135027885437012,0.001232223884807315,0.044152688980102536,0.0014205569206669256,entropy,4,2,10,"{'classifier__criterion': 'entropy', 'classifier__max_depth': 4, 'classifier__min_samples_leaf': 2, 'classifier__min_samples_split': 10}",0.8163265306122449,0.7755102040816326,0.7708333333333334,0.7916666666666666,0.7708333333333334,0.7850340136054422,0.017419731889318703,30,0.8549222797927462,0.8756476683937824,0.8865979381443299,0.8814432989690721,0.8711340206185567,0.8739490411836975,0.010853440176124305,0.8181818181818182,0.8235294117647058,0.8235294117647058,0.8,0.7894736842105263,0.8109428651843512,0.013783444999477742,5,0.8846153846153846,0.9333333333333333,0.9135802469135802,0.9459459459459459,0.9444444444444444,0.9243838710505378,0.02300301441843787,0.782608695652174,0.6363636363636364,0.6363636363636364,0.7272727272727273,0.6818181818181818,0.6928853754940711,0.056115347111213625,97,0.7840909090909091,0.7865168539325843,0.8314606741573034,0.7865168539325843,0.7640449438202247,0.7905260469867212,0.022137979962670463,0.8,0.717948717948718,0.717948717948718,0.7619047619047619,0.7317073170731707,0.7459019029750736,0.031454548067978046,45,0.8313253012048193,0.8536585365853658,0.8705882352941177,0.8588957055214724,0.84472049689441,0.8518376551000371,0.013237269703351711,0.8453177257525084,0.8114478114478114,0.8059440559440559,0.8636363636363635,0.7884615384615385,0.8229614990484555,0.027446861875861827,57,0.94258658008658,0.9599719101123596,0.9418405564472979,0.9543606206527555,0.9550026752273942,0.9507524685052775,0.007241340108602172
0.03245325088500976,0.0014010778704762331,0.049099302291870116,0.007020812144651808,entropy,4,4,2,"{'classifier__criterion': 'entropy', 'classifier__max_depth': 4, 'classifier__min_samples_leaf': 4, 'classifier__min_samples_split': 2}",0.8163265306122449,0.7755102040816326,0.7916666666666666,0.7916666666666666,0.7916666666666666,0.7933673469387754,0.013074238839307887,22,0.8497409326424871,0.8756476683937824,0.8556701030927835,0.8711340206185567,0.8711340206185567,0.8646653490732333,0.010079200532067872,0.8181818181818182,0.8666666666666667,0.9285714285714286,0.8,0.8333333333333334,0.8493506493506493,0.045253316687722395,1,0.8734177215189873,0.9710144927536232,0.9552238805970149,0.9444444444444444,0.9705882352941176,0.9429377549216376,0.03616381150777629,0.782608695652174,0.5909090909090909,0.5909090909090909,0.7272727272727273,0.6818181818181818,0.674703557312253,0.07549924448884555,122,0.7840909090909091,0.7528089887640449,0.7191011235955056,0.7640449438202247,0.7415730337078652,0.75232379979571,0.021753597605594872,0.8,0.7027027027027027,0.7222222222222222,0.7619047619047619,0.75,0.7473659373659374,0.033513195001696805,40,0.8263473053892215,0.8481012658227848,0.8205128205128205,0.84472049689441,0.8407643312101911,0.8360892439658855,0.010753362002363214,0.8670568561872909,0.7836700336700337,0.7832167832167831,0.8662587412587412,0.8085664335664335,0.8217537695798566,0.03779533899894743,58,0.9399891774891775,0.9620246326707,0.9399143927233815,0.9540930979133225,0.953290529695024,0.9498623660983212,0.00864886296681893
0.031619691848754884,0.0020884921587162094,0.04483828544616699,0.0019509648984848411,entropy,4,4,5,"{'classifier__criterion': 'entropy', 'classifier__max_depth': 4, 'classifier__min_samples_leaf': 4, 'classifier__min_samples_split': 5}",0.8163265306122449,0.7755102040816326,0.7916666666666666,0.7916666666666666,0.7916666666666666,0.7933673469387754,0.013074238839307887,22,0.8497409326424871,0.8756476683937824,0.8556701030927835,0.8711340206185567,0.8711340206185567,0.8646653490732333,0.010079200532067872,0.8181818181818182,0.8666666666666667,0.9285714285714286,0.8,0.8333333333333334,0.8493506493506493,0.045253316687722395,1,0.8734177215189873,0.9710144927536232,0.9552238805970149,0.9444444444444444,0.9705882352941176,0.9429377549216376,0.03616381150777629,0.782608695652174,0.5909090909090909,0.5909090909090909,0.7272727272727273,0.6818181818181818,0.674703557312253,0.07549924448884555,122,0.7840909090909091,0.7528089887640449,0.7191011235955056,0.7640449438202247,0.7415730337078652,0.75232379979571,0.021753597605594872,0.8,0.7027027027027027,0.7222222222222222,0.7619047619047619,0.75,0.7473659373659374,0.033513195001696805,40,0.8263473053892215,0.8481012658227848,0.8205128205128205,0.84472049689441,0.8407643312101911,0.8360892439658855,0.010753362002363214,0.8670568561872909,0.7836700336700337,0.7832167832167831,0.8662587412587412,0.8085664335664335,0.8217537695798566,0.03779533899894743,58,0.9399891774891775,0.9620246326707,0.9399143927233815,0.9540930979133225,0.953290529695024,0.9498623660983212,0.00864886296681893
0.030230331420898437,0.0009936574344788715,0.0440065860748291,0.0005081163646563663,entropy,4,4,10,"{'classifier__criterion': 'entropy', 'classifier__max_depth': 4, 'classifier__min_samples_leaf': 4, 'classifier__min_samples_split': 10}",0.8163265306122449,0.7755102040816326,0.7916666666666666,0.7916666666666666,0.7916666666666666,0.7933673469387754,0.013074238839307887,22,0.8497409326424871,0.8704663212435233,0.8556701030927835,0.8711340206185567,0.8711340206185567,0.8636290796431816,0.009117259299064163,0.8181818181818182,0.8235294117647058,0.9285714285714286,0.8,0.8333333333333334,0.8407231983702571,0.045241663671625194,3,0.8734177215189873,0.9324324324324325,0.9552238805970149,0.9444444444444444,0.9705882352941176,0.9352213428573993,0.03335700775381511,0.782608695652174,0.6363636363636364,0.5909090909090909,0.7272727272727273,0.6818181818181818,0.6837944664031621,0.06713552470934005,112,0.7840909090909091,0.7752808988764045,0.7191011235955056,0.7640449438202247,0.7415730337078652,0.7568181818181818,0.02363002617424262,0.8,0.717948717948718,0.7222222222222222,0.7619047619047619,0.75,0.7504151404151405,0.02979849414849716,26,0.8263473053892215,0.8466257668711656,0.8205128205128205,0.84472049689441,0.8407643312101911,0.8357941441755617,0.010435211528100105,0.8670568561872909,0.7693602693602694,0.7832167832167831,0.8636363636363635,0.8085664335664335,0.8183673411934279,0.04038134685549585,63,0.9399891774891775,0.9595397579948141,0.9399143927233815,0.9538255751738897,0.953290529695024,0.9493118866152574,0.007950322446474664
0.02992691993713379,0.0009645676454888116,0.04540362358093262,0.0029400936368901317,entropy,4,8,2,"{'classifier__criterion': 'entropy', 'classifier__max_depth': 4, 'classifier__min_samples_leaf': 8, 'classifier__min_samples_split': 2}",0.8163265306122449,0.7346938775510204,0.8125,0.7708333333333334,0.8541666666666666,0.797704081632653,0.041100027366483084,1,0.8497409326424871,0.8704663212435233,0.845360824742268,0.8608247422680413,0.8505154639175257,0.855381656962769,0.009089432964777945,0.75,0.7647058823529411,0.8823529411764706,0.72,0.8947368421052632,0.802359133126935,0.07193736632296767,9,0.8314606741573034,0.9102564102564102,0.8831168831168831,0.8604651162790697,0.875,0.8720598167619332,0.02597156371091999,0.9130434782608695,0.5909090909090909,0.6818181818181818,0.8181818181818182,0.7727272727272727,0.7553359683794467,0.1109637598072624,16,0.8409090909090909,0.797752808988764,0.7640449438202247,0.8314606741573034,0.7865168539325843,0.8041368743615933,0.028486383590162104,0.8235294117647058,0.6666666666666666,0.7692307692307693,0.7659574468085106,0.8292682926829268,0.7709305174307157,0.05842689596074792,13,0.8361581920903954,0.8502994011976048,0.8192771084337349,0.8457142857142858,0.8284023668639053,0.8359702708599853,0.011280425158523202,0.8946488294314382,0.8097643097643098,0.8111888111888111,0.8758741258741258,0.9029720279720279,0.8588896208461426,0.040494731653775366,7,0.9307359307359307,0.9465211754537597,0.9278758694489032,0.9427501337613697,0.9365971107544141,0.9368960440308756,0.007018738175485115
0.03151578903198242,0.0012763589151539815,0.04638853073120117,0.00271567043784344,entropy,4,8,5,"{'classifier__criterion': 'entropy', 'classifier__max_depth': 4, 'classifier__min_samples_leaf': 8, 'classifier__min_samples_split': 5}",0.8163265306122449,0.7346938775510204,0.8125,0.7708333333333334,0.8541666666666666,0.797704081632653,0.041100027366483084,1,0.8497409326424871,0.8704663212435233,0.845360824742268,0.8608247422680413,0.8505154639175257,0.855381656962769,0.009089432964777945,0.75,0.7647058823529411,0.8823529411764706,0.72,0.8947368421052632,0.802359133126935,0.07193736632296767,9,0.8314606741573034,0.9102564102564102,0.8831168831168831,0.8604651162790697,0.875,0.8720598167619332,0.02597156371091999,0.9130434782608695,0.5909090909090909,0.6818181818181818,0.8181818181818182,0.7727272727272727,0.7553359683794467,0.1109637598072624,16,0.8409090909090909,0.797752808988764,0.7640449438202247,0.8314606741573034,0.7865168539325843,0.8041368743615933,0.028486383590162104,0.8235294117647058,0.6666666666666666,0.7692307692307693,0.7659574468085106,0.8292682926829268,0.7709305174307157,0.05842689596074792,13,0.8361581920903954,0.8502994011976048,0.8192771084337349,0.8457142857142858,0.8284023668639053,0.8359702708599853,0.011280425158523202,0.8946488294314382,0.8097643097643098,0.8111888111888111,0.8758741258741258,0.9029720279720279,0.8588896208461426,0.040494731653775366,7,0.9307359307359307,0.9465211754537597,0.9278758694489032,0.9427501337613697,0.9365971107544141,0.9368960440308756,0.007018738175485115
0.0309326171875,0.0017802827303932448,0.04409070014953613,0.00034644703405167424,entropy,4,8,10,"{'classifier__criterion': 'entropy', 'classifier__max_depth': 4, 'classifier__min_samples_leaf': 8, 'classifier__min_samples_split': 10}",0.8163265306122449,0.7346938775510204,0.8125,0.7708333333333334,0.8541666666666666,0.797704081632653,0.041100027366483084,1,0.8497409326424871,0.8704663212435233,0.845360824742268,0.8608247422680413,0.8505154639175257,0.855381656962769,0.009089432964777945,0.75,0.7647058823529411,0.8823529411764706,0.72,0.8947368421052632,0.802359133126935,0.07193736632296767,9,0.8314606741573034,0.9102564102564102,0.8831168831168831,0.8604651162790697,0.875,0.8720598167619332,0.02597156371091999,0.9130434782608695,0.5909090909090909,0.6818181818181818,0.8181818181818182,0.7727272727272727,0.7553359683794467,0.1109637598072624,16,0.8409090909090909,0.797752808988764,0.7640449438202247,0.8314606741573034,0.7865168539325843,0.8041368743615933,0.028486383590162104,0.8235294117647058,0.6666666666666666,0.7692307692307693,0.7659574468085106,0.8292682926829268,0.7709305174307157,0.05842689596074792,13,0.8361581920903954,0.8502994011976048,0.8192771084337349,0.8457142857142858,0.8284023668639053,0.8359702708599853,0.011280425158523202,0.8946488294314382,0.8097643097643098,0.8111888111888111,0.8758741258741258,0.9029720279720279,0.8588896208461426,0.040494731653775366,7,0.9307359307359307,0.9465211754537597,0.9278758694489032,0.9427501337613697,0.9365971107544141,0.9368960440308756,0.007018738175485115
0.038731718063354494,0.014598100422849827,0.04427084922790527,0.0008308009712889706,entropy,5,1,2,"{'classifier__criterion': 'entropy', 'classifier__max_depth': 5, 'classifier__min_samples_leaf': 1, 'classifier__min_samples_split': 2}",0.8163265306122449,0.673469387755102,0.7708333333333334,0.7708333333333334,0.6875,0.7437925170068028,0.05447528724777389,72,0.917098445595855,0.9378238341968912,0.9072164948453608,0.9329896907216495,0.9329896907216495,0.9256236312162812,0.011566019862353,0.7916666666666666,0.6875,0.8666666666666667,0.7391304347826086,0.64,0.7449927536231884,0.07917860454547918,73,0.9615384615384616,0.9529411764705882,1.0,0.975,0.9523809523809523,0.9683721180780005,0.01780326899524979,0.8260869565217391,0.5,0.5909090909090909,0.7727272727272727,0.7272727272727273,0.6833992094861661,0.12037763386444725,115,0.8522727272727273,0.9101123595505618,0.797752808988764,0.8764044943820225,0.898876404494382,0.8670837589376916,0.0399380925213504,0.8085106382978723,0.5789473684210527,0.7027027027027027,0.7555555555555555,0.6808510638297872,0.7053134657613941,0.07713305355740688,87,0.9036144578313253,0.9310344827586207,0.8875,0.9230769230769231,0.9248554913294798,0.9140162709992697,0.016127702811081127,0.8637123745819397,0.7609427609427609,0.7937062937062938,0.7718531468531469,0.708041958041958,0.7796513068252199,0.05060143395157091,129,0.9735930735930736,0.9858470181503889,0.9714285714285714,0.9850722311396468,0.9861958266452648,0.9804273441913891,0.006510121293070615
0.03188028335571289,0.0019917057467411167,0.044939088821411136,0.0026003548459672134,entropy,5,1,5,"{'classifier__criterion': 'entropy', 'classifier__max_depth': 5, 'classifier__min_samples_leaf': 1, 'classifier__min_samples_split': 5}",0.8367346938775511,0.673469387755102,0.7708333333333334,0.75,0.6875,0.7437074829931973,0.05919821054556412,73,0.9067357512953368,0.9378238341968912,0.9072164948453608,0.9278350515463918,0.9226804123711341,0.920458308851023,0.012038021194660102,0.8571428571428571,0.6875,0.8666666666666667,0.7083333333333334,0.64,0.7519285714285715,0.09253590343232339,69,0.9605263157894737,0.9529411764705882,1.0,0.9746835443037974,0.9512195121951219,0.9678741097517962,0.01807096796204431,0.782608695652174,0.5,0.5909090909090909,0.7727272727272727,0.7272727272727273,0.674703557312253,0.11095812798673363,122,0.8295454545454546,0.9101123595505618,0.797752808988764,0.8651685393258427,0.8764044943820225,0.8557967313585293,0.03878382293092774,0.8181818181818182,0.5789473684210527,0.7027027027027027,0.7391304347826086,0.6808510638297872,0.703962677583594,0.07803504978843441,89,0.8902439024390244,0.9310344827586207,0.8875,0.9166666666666666,0.9122807017543859,0.9075451507237394,0.016483430928375425,0.8754180602006689,0.7609427609427609,0.7937062937062938,0.7543706293706294,0.7386363636363636,0.7846148215713433,0.048820035275510675,126,0.9687770562770563,0.9858470181503889,0.9714285714285714,0.9836276083467095,0.9822364901016587,0.9783833488608771,0.006909487688363505
0.03293628692626953,0.001589301405742449,0.04358439445495606,0.0010377598405229404,entropy,5,1,10,"{'classifier__criterion': 'entropy', 'classifier__max_depth': 5, 'classifier__min_samples_leaf': 1, 'classifier__min_samples_split': 10}",0.8571428571428571,0.6938775510204082,0.7916666666666666,0.7708333333333334,0.6875,0.7602040816326531,0.06353753787370302,66,0.9015544041450777,0.9015544041450777,0.9020618556701031,0.8865979381443299,0.9226804123711341,0.9028898028951445,0.011500827420153549,0.8636363636363636,0.6666666666666666,0.875,0.7619047619047619,0.64,0.7614415584415585,0.09702560965342233,66,0.9259259259259259,0.9069767441860465,0.972972972972973,0.9466666666666667,0.9404761904761905,0.9386037000455605,0.021957936452558426,0.8260869565217391,0.6363636363636364,0.6363636363636364,0.7272727272727273,0.7272727272727273,0.7106719367588934,0.07059071651922791,56,0.8522727272727273,0.8764044943820225,0.8089887640449438,0.797752808988764,0.8876404494382022,0.844611848825332,0.03573708332938435,0.8444444444444444,0.6511627906976745,0.7368421052631579,0.7441860465116279,0.6808510638297872,0.7314972901493384,0.06628016791249934,66,0.8875739644970414,0.8914285714285715,0.8834355828220859,0.8658536585365854,0.9132947976878613,0.8883173149944291,0.015248306782854135,0.8754180602006689,0.7693602693602694,0.791958041958042,0.7867132867132868,0.7316433566433567,0.7910186029751247,0.04719574126044435,119,0.9676948051948053,0.9725583405358686,0.9686998394863563,0.9678437667201713,0.9790797217763509,0.9711752947427105,0.004329747049894979
0.03200287818908691,0.0007470023900656689,0.04533371925354004,0.0012757777820188645,entropy,5,2,2,"{'classifier__criterion': 'entropy', 'classifier__max_depth': 5, 'classifier__min_samples_leaf': 2, 'classifier__min_samples_split': 2}",0.8367346938775511,0.673469387755102,0.75,0.7708333333333334,0.6875,0.7437074829931973,0.05919821054556412,73,0.9067357512953368,0.9222797927461139,0.8969072164948454,0.9226804123711341,0.9123711340206185,0.9121948613856098,0.00974882209645655,0.8571428571428571,0.6875,0.8571428571428571,0.7391304347826086,0.64,0.7561832298136646,0.08819571357706851,67,0.9605263157894737,0.9512195121951219,1.0,0.9743589743589743,0.95,0.967220960468714,0.018562557844165203,0.782608695652174,0.5,0.5454545454545454,0.7727272727272727,0.7272727272727273,0.6656126482213439,0.11902025219054874,132,0.8295454545454546,0.8764044943820225,0.7752808988764045,0.8539325842696629,0.8539325842696629,0.8378192032686413,0.034605205443872286,0.8181818181818182,0.5789473684210527,0.6666666666666666,0.7555555555555555,0.6808510638297872,0.700040494530976,0.08146764533550963,102,0.8902439024390244,0.9122807017543859,0.8734177215189873,0.9101796407185628,0.8994082840236687,0.8971060500909258,0.014245807011300389,0.8754180602006689,0.7819865319865321,0.778846153846154,0.7701048951048952,0.7333916083916084,0.7879494499059717,0.04704077036551864,121,0.9687770562770563,0.9820656871218669,0.9673622257891921,0.9820759764579989,0.9812199036918138,0.9763001698675856,0.006742239899692514
0.03209567070007324,0.0014145473997136694,0.053775453567504884,0.008847638207477589,entropy,5,2,5,"{'classifier__criterion': 'entropy', 'classifier__max_depth': 5, 'classifier__min_samples_leaf': 2, 'classifier__min_samples_split': 5}",0.8367346938775511,0.673469387755102,0.75,0.7708333333333334,0.6875,0.7437074829931973,0.05919821054556412,73,0.9067357512953368,0.9222797927461139,0.8969072164948454,0.9226804123711341,0.9123711340206185,0.9121948613856098,0.00974882209645655,0.8571428571428571,0.6875,0.8571428571428571,0.7391304347826086,0.64,0.7561832298136646,0.08819571357706851,67,0.9605263157894737,0.9512195121951219,1.0,0.9743589743589743,0.95,0.967220960468714,0.018562557844165203,0.782608695652174,0.5,0.5454545454545454,0.7727272727272727,0.7272727272727273,0.6656126482213439,0.11902025219054874,132,0.8295454545454546,0.8764044943820225,0.7752808988764045,0.8539325842696629,0.8539325842696629,0.8378192032686413,0.034605205443872286,0.8181818181818182,0.5789473684210527,0.6666666666666666,0.7555555555555555,0.6808510638297872,0.700040494530976,0.08146764533550963,102,0.8902439024390244,0.9122807017543859,0.8734177215189873,0.9101796407185628,0.8994082840236687,0.8971060500909258,0.014245807011300389,0.8754180602006689,0.7819865319865321,0.778846153846154,0.7701048951048952,0.7281468531468531,0.7869004988570207,0.04828759965005335,123,0.9687770562770563,0.9820656871218669,0.9673622257891921,0.9820759764579989,0.9803638309256286,0.9761289553143486,0.006624982754728171
0.032668256759643556,0.0012810127583413006,0.046036911010742185,0.0017561314143049371,entropy,5,2,10,"{'classifier__criterion': 'entropy', 'classifier__max_depth': 5, 'classifier__min_samples_leaf': 2, 'classifier__min_samples_split': 10}",0.8571428571428571,0.6938775510204082,0.7916666666666666,0.7916666666666666,0.6875,0.7643707482993196,0.06476913046353454,65,0.9015544041450777,0.8911917098445595,0.8969072164948454,0.8814432989690721,0.9175257731958762,0.8977244805298863,0.011959777527099901,0.8636363636363636,0.6666666666666666,0.875,0.8,0.64,0.769060606060606,0.09825083619791972,56,0.9259259259259259,0.9047619047619048,0.9726027397260274,0.9459459459459459,0.9397590361445783,0.9377991105008764,0.022422909349723772,0.8260869565217391,0.6363636363636364,0.6363636363636364,0.7272727272727273,0.7272727272727273,0.7106719367588934,0.07059071651922791,56,0.8522727272727273,0.8539325842696629,0.797752808988764,0.7865168539325843,0.8764044943820225,0.8333758937691522,0.03491676415469598,0.8444444444444444,0.6511627906976745,0.7368421052631579,0.7619047619047619,0.6808510638297872,0.7350410332279652,0.06732922473643121,64,0.8875739644970414,0.8786127167630058,0.8765432098765432,0.8588957055214724,0.9069767441860465,0.8817204681688219,0.01568167599241785,0.8754180602006689,0.765993265993266,0.7805944055944056,0.8015734265734267,0.7220279720279721,0.7891214260779479,0.050420858423544955,120,0.9676948051948053,0.9692631806395852,0.9666131621187801,0.9654360620652755,0.9796147672552167,0.9697243954547327,0.005103351569519545
0.03243036270141601,0.00370456259532201,0.045513582229614255,0.00277113118556597,entropy,5,4,2,"{'classifier__criterion': 'entropy', 'classifier__max_depth': 5, 'classifier__min_samples_leaf': 4, 'classifier__min_samples_split': 2}",0.8571428571428571,0.6938775510204082,0.7083333333333334,0.7708333333333334,0.7291666666666666,0.7518707482993198,0.05867876836960913,67,0.8963730569948186,0.9119170984455959,0.8762886597938144,0.8969072164948454,0.9020618556701031,0.8967095774798354,0.011636853200985169,0.8636363636363636,0.6666666666666666,0.7222222222222222,0.7391304347826086,0.6956521739130435,0.7374615722441809,0.06769792510655796,75,0.9146341463414634,0.9186046511627907,0.8823529411764706,0.9156626506024096,0.8888888888888888,0.9040286556344046,0.015227179988869396,0.8260869565217391,0.6363636363636364,0.5909090909090909,0.7727272727272727,0.7272727272727273,0.7106719367588934,0.08638511504694081,56,0.8522727272727273,0.8876404494382022,0.8426966292134831,0.8539325842696629,0.898876404494382,0.8670837589376916,0.022001827133863575,0.8444444444444444,0.6511627906976745,0.65,0.7555555555555555,0.7111111111111111,0.7224547803617571,0.0727159697467337,67,0.8823529411764706,0.9028571428571428,0.8620689655172413,0.8837209302325582,0.8938547486033519,0.884970945677353,0.013651045274376043,0.8938127090301002,0.7752525252525253,0.7368881118881119,0.833916083916084,0.8155594405594406,0.8110857741292525,0.05324339827902092,66,0.9657467532467533,0.9760155574762317,0.9547886570358479,0.9697164258962012,0.9724451578384163,0.9677425102986901,0.007297121443917765
0.03249835968017578,0.003562547335571763,0.05046048164367676,0.009932252806201131,entropy,5,4,5,"{'classifier__criterion': 'entropy', 'classifier__max_depth': 5, 'classifier__min_samples_leaf': 4, 'classifier__min_samples_split': 5}",0.8571428571428571,0.6938775510204082,0.7083333333333334,0.7708333333333334,0.7291666666666666,0.7518707482993198,0.05867876836960913,67,0.8963730569948186,0.9119170984455959,0.8762886597938144,0.8969072164948454,0.9020618556701031,0.8967095774798354,0.011636853200985169,0.8636363636363636,0.6666666666666666,0.7222222222222222,0.7391304347826086,0.6956521739130435,0.7374615722441809,0.06769792510655796,75,0.9146341463414634,0.9186046511627907,0.8823529411764706,0.9156626506024096,0.8888888888888888,0.9040286556344046,0.015227179988869396,0.8260869565217391,0.6363636363636364,0.5909090909090909,0.7727272727272727,0.7272727272727273,0.7106719367588934,0.08638511504694081,56,0.8522727272727273,0.8876404494382022,0.8426966292134831,0.8539325842696629,0.898876404494382,0.8670837589376916,0.022001827133863575,0.8444444444444444,0.6511627906976745,0.65,0.7555555555555555,0.7111111111111111,0.7224547803617571,0.0727159697467337,67,0.8823529411764706,0.9028571428571428,0.8620689655172413,0.8837209302325582,0.8938547486033519,0.884970945677353,0.013651045274376043,0.8938127090301002,0.7752525252525253,0.7368881118881119,0.833916083916084,0.8155594405594406,0.8110857741292525,0.05324339827902092,66,0.9657467532467533,0.9760155574762317,0.9547886570358479,0.9697164258962012,0.9724451578384163,0.9677425102986901,0.007297121443917765
0.030433845520019532,0.0002764811633700962,0.04602756500244141,0.0017268871979922334,entropy,5,4,10,"{'classifier__criterion': 'entropy', 'classifier__max_depth': 5, 'classifier__min_samples_leaf': 4, 'classifier__min_samples_split': 10}",0.8571428571428571,0.6938775510204082,0.7916666666666666,0.7708333333333334,0.7291666666666666,0.7685374149659864,0.055705132644599926,64,0.8963730569948186,0.8911917098445595,0.865979381443299,0.8814432989690721,0.9020618556701031,0.8874098605843704,0.012682172743157596,0.8636363636363636,0.6666666666666666,0.9285714285714286,0.7619047619047619,0.6956521739130435,0.7832862789384529,0.0992984898329535,43,0.9146341463414634,0.8863636363636364,0.9090909090909091,0.9125,0.8888888888888888,0.9022955161369796,0.012133532864862335,0.8260869565217391,0.6363636363636364,0.5909090909090909,0.7272727272727273,0.7272727272727273,0.7015810276679841,0.08163753902636446,81,0.8522727272727273,0.8764044943820225,0.7865168539325843,0.8202247191011236,0.898876404494382,0.8468590398365681,0.039896402250346824,0.8444444444444444,0.6511627906976745,0.7222222222222222,0.7441860465116279,0.7111111111111111,0.734625322997416,0.06296728712096693,65,0.8823529411764706,0.8813559322033898,0.8433734939759037,0.863905325443787,0.8938547486033519,0.8729684882805806,0.01762190483735578,0.8938127090301002,0.755050505050505,0.8024475524475525,0.8190559440559441,0.8103146853146854,0.8161362791797575,0.04470994563390419,64,0.9657467532467533,0.9685609334485739,0.9578384162653826,0.9649010165864098,0.9719101123595506,0.965791446381334,0.004672337374158503
0.030039310455322266,0.00046606094090260867,0.04774255752563476,0.0025443325254561997,entropy,5,8,2,"{'classifier__criterion': 'entropy', 'classifier__max_depth': 5, 'classifier__min_samples_leaf': 8, 'classifier__min_samples_split': 2}",0.8163265306122449,0.7346938775510204,0.8125,0.7708333333333334,0.8541666666666666,0.797704081632653,0.041100027366483084,1,0.8497409326424871,0.8704663212435233,0.8556701030927835,0.8608247422680413,0.8505154639175257,0.8574435126328721,0.00763542843411903,0.75,0.7647058823529411,0.8095238095238095,0.72,0.8947368421052632,0.7877933067964027,0.06077241174344502,28,0.8314606741573034,0.9102564102564102,0.8426966292134831,0.8604651162790697,0.875,0.8639757659812533,0.027516501556180843,0.9130434782608695,0.5909090909090909,0.7727272727272727,0.8181818181818182,0.7727272727272727,0.7735177865612648,0.10469907345997544,1,0.8409090909090909,0.797752808988764,0.8426966292134831,0.8314606741573034,0.7865168539325843,0.819867211440245,0.0232363703141999,0.8235294117647058,0.6666666666666666,0.7906976744186046,0.7659574468085106,0.8292682926829268,0.775223898468283,0.05893080112439033,1,0.8361581920903954,0.8502994011976048,0.8426966292134831,0.8457142857142858,0.8284023668639053,0.8406541750159349,0.0076567276689862565,0.8979933110367894,0.8106060606060607,0.8094405594405595,0.8758741258741258,0.9029720279720279,0.8593772169859125,0.04131864888632525,4,0.9369588744588745,0.9469533275713051,0.9425361155698233,0.9427501337613697,0.9365971107544141,0.9411591124231574,0.003910352258552149
0.04088358879089356,0.01201910290735611,0.07539010047912598,0.02121507880204941,entropy,5,8,5,"{'classifier__criterion': 'entropy', 'classifier__max_depth': 5, 'classifier__min_samples_leaf': 8, 'classifier__min_samples_split': 5}",0.8163265306122449,0.7346938775510204,0.8125,0.7708333333333334,0.8541666666666666,0.797704081632653,0.041100027366483084,1,0.8497409326424871,0.8704663212435233,0.8556701030927835,0.8608247422680413,0.8505154639175257,0.8574435126328721,0.00763542843411903,0.75,0.7647058823529411,0.8095238095238095,0.72,0.8947368421052632,0.7877933067964027,0.06077241174344502,28,0.8314606741573034,0.9102564102564102,0.8426966292134831,0.8604651162790697,0.875,0.8639757659812533,0.027516501556180843,0.9130434782608695,0.5909090909090909,0.7727272727272727,0.8181818181818182,0.7727272727272727,0.7735177865612648,0.10469907345997544,1,0.8409090909090909,0.797752808988764,0.8426966292134831,0.8314606741573034,0.7865168539325843,0.819867211440245,0.0232363703141999,0.8235294117647058,0.6666666666666666,0.7906976744186046,0.7659574468085106,0.8292682926829268,0.775223898468283,0.05893080112439033,1,0.8361581920903954,0.8502994011976048,0.8426966292134831,0.8457142857142858,0.8284023668639053,0.8406541750159349,0.0076567276689862565,0.8979933110367894,0.8106060606060607,0.8094405594405595,0.8758741258741258,0.9029720279720279,0.8593772169859125,0.04131864888632525,4,0.9369588744588745,0.9469533275713051,0.9425361155698233,0.9427501337613697,0.9365971107544141,0.9411591124231574,0.003910352258552149
0.05602045059204101,0.01812916592127509,0.07287759780883789,0.03134852018484885,entropy,5,8,10,"{'classifier__criterion': 'entropy', 'classifier__max_depth': 5, 'classifier__min_samples_leaf': 8, 'classifier__min_samples_split': 10}",0.8163265306122449,0.7346938775510204,0.8125,0.7708333333333334,0.8541666666666666,0.797704081632653,0.041100027366483084,1,0.8497409326424871,0.8704663212435233,0.8556701030927835,0.8608247422680413,0.8505154639175257,0.8574435126328721,0.00763542843411903,0.75,0.7647058823529411,0.8095238095238095,0.72,0.8947368421052632,0.7877933067964027,0.06077241174344502,28,0.8314606741573034,0.9102564102564102,0.8426966292134831,0.8604651162790697,0.875,0.8639757659812533,0.027516501556180843,0.9130434782608695,0.5909090909090909,0.7727272727272727,0.8181818181818182,0.7727272727272727,0.7735177865612648,0.10469907345997544,1,0.8409090909090909,0.797752808988764,0.8426966292134831,0.8314606741573034,0.7865168539325843,0.819867211440245,0.0232363703141999,0.8235294117647058,0.6666666666666666,0.7906976744186046,0.7659574468085106,0.8292682926829268,0.775223898468283,0.05893080112439033,1,0.8361581920903954,0.8502994011976048,0.8426966292134831,0.8457142857142858,0.8284023668639053,0.8406541750159349,0.0076567276689862565,0.8979933110367894,0.8106060606060607,0.8094405594405595,0.8758741258741258,0.9029720279720279,0.8593772169859125,0.04131864888632525,4,0.9369588744588745,0.9469533275713051,0.9425361155698233,0.9427501337613697,0.9365971107544141,0.9411591124231574,0.003910352258552149
0.058614063262939456,0.003649201547498104,0.08995590209960938,0.00776993266476129,entropy,6,1,2,"{'classifier__criterion': 'entropy', 'classifier__max_depth': 6, 'classifier__min_samples_leaf': 1, 'classifier__min_samples_split': 2}",0.8163265306122449,0.6530612244897959,0.6666666666666666,0.7083333333333334,0.7083333333333334,0.7105442176870749,0.05732226048842942,163,0.9585492227979274,0.9792746113989638,0.9484536082474226,0.9690721649484536,0.9639175257731959,0.9638534266331927,0.01029894424223877,0.8181818181818182,0.6470588235294118,0.65,0.6666666666666666,0.6666666666666666,0.6897147950089126,0.06475029780399329,158,0.9761904761904762,1.0,0.9876543209876543,0.9770114942528736,1.0,0.9881712582862008,0.010470768435401049,0.782608695652174,0.5,0.5909090909090909,0.7272727272727273,0.7272727272727273,0.6656126482213439,0.10421149316430928,132,0.9318181818181818,0.9550561797752809,0.898876404494382,0.9550561797752809,0.9213483146067416,0.9324310520939735,0.021320928032848574,0.8,0.5641025641025641,0.6190476190476191,0.6956521739130435,0.6956521739130435,0.674890906195254,0.07988350929978515,163,0.9534883720930233,0.9770114942528736,0.9411764705882353,0.9659090909090909,0.9590643274853801,0.9593299510657205,0.011997212216051796,0.8244147157190636,0.6565656565656566,0.729020979020979,0.7465034965034966,0.6993006993006994,0.731161109421979,0.05570596270928276,153,0.9941017316017317,0.9990276577355228,0.9886570358480471,0.9968967362225789,0.995773140716961,0.9948912604249683,0.0035042357390215498
0.056421327590942386,0.014592603129423462,0.08646235466003419,0.011631687728367078,entropy,6,1,5,"{'classifier__criterion': 'entropy', 'classifier__max_depth': 6, 'classifier__min_samples_leaf': 1, 'classifier__min_samples_split': 5}",0.8367346938775511,0.673469387755102,0.6666666666666666,0.7291666666666666,0.7083333333333334,0.7228741496598639,0.06134389339219913,142,0.9481865284974094,0.9637305699481865,0.9432989690721649,0.9536082474226805,0.9484536082474226,0.9514555846375728,0.006950369619215702,0.8571428571428571,0.6875,0.65,0.68,0.6538461538461539,0.7056978021978022,0.07709472137103407,141,0.975609756097561,0.9880952380952381,0.9875,0.9545454545454546,0.9876543209876543,0.9786809539451816,0.012952839248191123,0.782608695652174,0.5,0.5909090909090909,0.7727272727272727,0.7727272727272727,0.6837944664031619,0.11661083898552269,113,0.9090909090909091,0.9325842696629213,0.8876404494382022,0.9438202247191011,0.898876404494382,0.9144024514811031,0.020887600463528107,0.8181818181818182,0.5789473684210527,0.6190476190476191,0.723404255319149,0.7083333333333334,0.6895828788605944,0.0839626003529324,122,0.9411764705882353,0.9595375722543352,0.9349112426035503,0.9491525423728814,0.9411764705882353,0.9451908596814474,0.008478493477596829,0.8545150501672241,0.707070707070707,0.729020979020979,0.778846153846154,0.7246503496503496,0.7588206479510828,0.05346424120341639,143,0.9914502164502164,0.9967048401037165,0.9875334403424291,0.9930444087747459,0.9922418405564473,0.9921949492455111,0.0029443908717992724
0.05666341781616211,0.01492684973437657,0.08544111251831055,0.010063636579147574,entropy,6,1,10,"{'classifier__criterion': 'entropy', 'classifier__max_depth': 6, 'classifier__min_samples_leaf': 1, 'classifier__min_samples_split': 10}",0.8571428571428571,0.6938775510204082,0.6875,0.7708333333333334,0.6666666666666666,0.735204081632653,0.07045487539802739,90,0.9119170984455959,0.9015544041450777,0.9381443298969072,0.8865979381443299,0.9278350515463918,0.9132097644356605,0.01833760772422423,0.8636363636363636,0.6666666666666666,0.6666666666666666,0.7619047619047619,0.6153846153846154,0.7148518148518148,0.08819088679051394,119,0.9080459770114943,0.9069767441860465,0.963855421686747,0.9466666666666667,0.9411764705882353,0.933344256027838,0.02238307414959284,0.8260869565217391,0.6363636363636364,0.6363636363636364,0.7272727272727273,0.7272727272727273,0.7106719367588934,0.07059071651922791,56,0.8977272727272727,0.8764044943820225,0.898876404494382,0.797752808988764,0.898876404494382,0.8739274770173647,0.03903855505684766,0.8444444444444444,0.6511627906976745,0.6511627906976745,0.7441860465116279,0.6666666666666666,0.7115245478036176,0.07487828171478299,72,0.9028571428571428,0.8914285714285715,0.9302325581395349,0.8658536585365854,0.9195402298850575,0.9019824321693785,0.02246678996869669,0.8938127090301003,0.7508417508417509,0.7465034965034965,0.7937062937062938,0.7167832167832169,0.7803294933729716,0.06182108590968437,128,0.9770562770562772,0.9759075194468453,0.9830925628678437,0.9701444622792937,0.9800963081861959,0.9772594259672912,0.004348908272799461
0.0481473445892334,0.011776568846417609,0.0689849853515625,0.016445951989127374,entropy,6,2,2,"{'classifier__criterion': 'entropy', 'classifier__max_depth': 6, 'classifier__min_samples_leaf': 2, 'classifier__min_samples_split': 2}",0.8367346938775511,0.6122448979591837,0.6458333333333334,0.7916666666666666,0.7083333333333334,0.7189625850340137,0.08485951483259928,146,0.9326424870466321,0.9481865284974094,0.9329896907216495,0.9432989690721649,0.9381443298969072,0.9390524010469526,0.006002227444333141,0.8571428571428571,0.5714285714285714,0.631578947368421,0.8,0.6538461538461539,0.7027993059572005,0.10770044306753289,142,0.9746835443037974,0.9647058823529412,0.9871794871794872,0.9642857142857143,0.963855421686747,0.9709420099617375,0.009067194038828386,0.782608695652174,0.5454545454545454,0.5454545454545454,0.7272727272727273,0.7727272727272727,0.674703557312253,0.1071693047720691,122,0.875,0.9213483146067416,0.8651685393258427,0.9101123595505618,0.898876404494382,0.8941011235955056,0.021088004920363442,0.8181818181818182,0.5581395348837209,0.5853658536585366,0.7619047619047619,0.7083333333333334,0.6863850603924342,0.10020691823177161,124,0.9221556886227545,0.9425287356321839,0.9221556886227545,0.9364161849710982,0.9302325581395349,0.9306977711976652,0.007985270792624052,0.8586956521739131,0.6986531986531986,0.7395104895104895,0.8041958041958042,0.7281468531468531,0.7658403995360518,0.05782978916246564,137,0.9877164502164503,0.993409680207433,0.9849652220438738,0.9920813269127876,0.9911717495987158,0.9898688857958522,0.003092198957562162
0.06149191856384277,0.013380475018318403,0.07737994194030762,0.015094772261405149,entropy,6,2,5,"{'classifier__criterion': 'entropy', 'classifier__max_depth': 6, 'classifier__min_samples_leaf': 2, 'classifier__min_samples_split': 5}",0.8367346938775511,0.6122448979591837,0.6458333333333334,0.75,0.7083333333333334,0.7106292517006804,0.07916552495578087,161,0.9326424870466321,0.9481865284974094,0.9329896907216495,0.9432989690721649,0.9278350515463918,0.9369905453768496,0.007535008481083962,0.8571428571428571,0.5714285714285714,0.631578947368421,0.7083333333333334,0.6538461538461539,0.6844659726238673,0.09684939046349937,161,0.9746835443037974,0.9647058823529412,0.9871794871794872,0.9534883720930233,0.9629629629629629,0.9686040497784424,0.01146741827919824,0.782608695652174,0.5454545454545454,0.5454545454545454,0.7727272727272727,0.7727272727272727,0.6837944664031619,0.11301168739522371,113,0.875,0.9213483146067416,0.8651685393258427,0.9213483146067416,0.8764044943820225,0.8918539325842698,0.02439134083830609,0.8181818181818182,0.5581395348837209,0.5853658536585366,0.7391304347826086,0.7083333333333334,0.6818301949680035,0.09714138923797626,134,0.9221556886227545,0.9425287356321839,0.9221556886227545,0.9371428571428572,0.9176470588235294,0.9283260057688159,0.009691645257126775,0.8586956521739131,0.6986531986531986,0.7395104895104895,0.7945804195804196,0.7159090909090909,0.7614697701654223,0.05840050409841092,138,0.9877164502164503,0.993409680207433,0.9849652220438738,0.990904226859283,0.9877474585339754,0.9889486075722032,0.0029173257233799125
0.04237785339355469,0.012961747449599163,0.05088620185852051,0.00931049915046383,entropy,6,2,10,"{'classifier__criterion': 'entropy', 'classifier__max_depth': 6, 'classifier__min_samples_leaf': 2, 'classifier__min_samples_split': 10}",0.8571428571428571,0.6938775510204082,0.6875,0.7916666666666666,0.6875,0.7435374149659864,0.06923742802950351,77,0.9119170984455959,0.8911917098445595,0.9329896907216495,0.8814432989690721,0.9226804123711341,0.9080444420704022,0.019199530838487616,0.8636363636363636,0.6666666666666666,0.6666666666666666,0.8,0.64,0.7273939393939395,0.08814413440355558,84,0.9080459770114943,0.9047619047619048,0.9634146341463414,0.9459459459459459,0.9204545454545454,0.9285246014640464,0.022671494181688817,0.8260869565217391,0.6363636363636364,0.6363636363636364,0.7272727272727273,0.7272727272727273,0.7106719367588934,0.07059071651922791,56,0.8977272727272727,0.8539325842696629,0.8876404494382022,0.7865168539325843,0.9101123595505618,0.8671859039836569,0.04444545047945139,0.8444444444444444,0.6511627906976745,0.6511627906976745,0.7619047619047619,0.6808510638297872,0.7179051703148686,0.07514020127555741,69,0.9028571428571428,0.8786127167630058,0.9239766081871345,0.8588957055214724,0.9152542372881356,0.8959192821233781,0.023997709797404645,0.8938127090301003,0.765993265993266,0.7465034965034965,0.8085664335664335,0.7237762237762237,0.7877304257739041,0.05991643148107953,122,0.9770562770562772,0.9692631806395852,0.9817549491706796,0.967736757624398,0.980952380952381,0.9753527090886642,0.005836646645250071
0.031261777877807616,0.000750429491626906,0.045241785049438474,0.0008881606643925921,entropy,6,4,2,"{'classifier__criterion': 'entropy', 'classifier__max_depth': 6, 'classifier__min_samples_leaf': 4, 'classifier__min_samples_split': 2}",0.8367346938775511,0.6938775510204082,0.6666666666666666,0.7708333333333334,0.7291666666666666,0.7394557823129252,0.05988194012945353,78,0.9067357512953368,0.917098445595855,0.8969072164948454,0.8969072164948454,0.9072164948453608,0.9049730249452488,0.007553551737419258,0.8571428571428571,0.6666666666666666,0.6363636363636364,0.7391304347826086,0.6956521739130435,0.7189911537737624,0.07694329125876533,114,0.9166666666666666,0.9506172839506173,0.9058823529411765,0.9156626506024096,0.927710843373494,0.9233079595068727,0.015306167847852253,0.782608695652174,0.6363636363636364,0.6363636363636364,0.7727272727272727,0.7272727272727273,0.7110671936758894,0.06378716818140456,50,0.875,0.8651685393258427,0.8651685393258427,0.8539325842696629,0.8651685393258427,0.8648876404494382,0.006670978700583107,0.8181818181818182,0.6511627906976745,0.6363636363636364,0.7555555555555555,0.7111111111111111,0.7144749823819592,0.06717715818115372,70,0.8953488372093024,0.9058823529411765,0.8850574712643678,0.8837209302325582,0.8953488372093024,0.8930716857713413,0.00807648802375112,0.9038461538461539,0.7247474747474748,0.715034965034965,0.8234265734265735,0.8138111888111889,0.7961732711732712,0.0697600994888238,111,0.9772727272727273,0.9783923941227313,0.9723916532905297,0.9735687533440343,0.9741573033707865,0.9751565662801618,0.0022853069507454385
0.03279099464416504,0.002673041616776588,0.04869685173034668,0.004427265197437057,entropy,6,4,5,"{'classifier__criterion': 'entropy', 'classifier__max_depth': 6, 'classifier__min_samples_leaf': 4, 'classifier__min_samples_split': 5}",0.8367346938775511,0.6938775510204082,0.6666666666666666,0.7708333333333334,0.7291666666666666,0.7394557823129252,0.05988194012945353,78,0.9067357512953368,0.917098445595855,0.8969072164948454,0.8969072164948454,0.9072164948453608,0.9049730249452488,0.007553551737419258,0.8571428571428571,0.6666666666666666,0.6363636363636364,0.7391304347826086,0.6956521739130435,0.7189911537737624,0.07694329125876533,114,0.9166666666666666,0.9506172839506173,0.9058823529411765,0.9156626506024096,0.927710843373494,0.9233079595068727,0.015306167847852253,0.782608695652174,0.6363636363636364,0.6363636363636364,0.7727272727272727,0.7272727272727273,0.7110671936758894,0.06378716818140456,50,0.875,0.8651685393258427,0.8651685393258427,0.8539325842696629,0.8651685393258427,0.8648876404494382,0.006670978700583107,0.8181818181818182,0.6511627906976745,0.6363636363636364,0.7555555555555555,0.7111111111111111,0.7144749823819592,0.06717715818115372,70,0.8953488372093024,0.9058823529411765,0.8850574712643678,0.8837209302325582,0.8953488372093024,0.8930716857713413,0.00807648802375112,0.9038461538461539,0.7247474747474748,0.715034965034965,0.8234265734265735,0.8138111888111889,0.7961732711732712,0.0697600994888238,111,0.9772727272727273,0.9783923941227313,0.9723916532905297,0.9735687533440343,0.9741573033707865,0.9751565662801618,0.0022853069507454385
0.03264350891113281,0.0019273351899088266,0.0441525936126709,0.0005759567501528784,entropy,6,4,10,"{'classifier__criterion': 'entropy', 'classifier__max_depth': 6, 'classifier__min_samples_leaf': 4, 'classifier__min_samples_split': 10}",0.8571428571428571,0.6938775510204082,0.6041666666666666,0.7708333333333334,0.7291666666666666,0.7310374149659864,0.0836263590347054,97,0.9067357512953368,0.8911917098445595,0.8969072164948454,0.8814432989690721,0.9072164948453608,0.8966988942898351,0.009741294444176847,0.8636363636363636,0.6666666666666666,0.56,0.7619047619047619,0.6956521739130435,0.7095719932241671,0.10087711185595423,133,0.8977272727272727,0.8863636363636364,0.8876404494382022,0.9125,0.927710843373494,0.9023884403805212,0.015744788317298978,0.8260869565217391,0.6363636363636364,0.6363636363636364,0.7272727272727273,0.7272727272727273,0.7106719367588934,0.07059071651922791,56,0.8977272727272727,0.8764044943820225,0.8876404494382022,0.8202247191011236,0.8651685393258427,0.8694330949948927,0.026908434930138864,0.8444444444444444,0.6511627906976745,0.5957446808510638,0.7441860465116279,0.7111111111111111,0.7093298147231843,0.08456840828200134,80,0.8977272727272727,0.8813559322033898,0.8876404494382022,0.863905325443787,0.8953488372093024,0.8851955634043909,0.012117154578595355,0.9088628762541806,0.755050505050505,0.7325174825174825,0.8190559440559441,0.8085664335664335,0.8048106482889091,0.06123115904739917,83,0.9748917748917749,0.9685609334485739,0.9703584804708401,0.9649010165864098,0.9728196896736223,0.9703063790142442,0.0034528198211016088
0.030800867080688476,0.002635994796526733,0.04480290412902832,0.0012833550398468133,entropy,6,8,2,"{'classifier__criterion': 'entropy', 'classifier__max_depth': 6, 'classifier__min_samples_leaf': 8, 'classifier__min_samples_split': 2}",0.8163265306122449,0.7346938775510204,0.8125,0.7708333333333334,0.8541666666666666,0.797704081632653,0.041100027366483084,1,0.8497409326424871,0.8704663212435233,0.8556701030927835,0.8608247422680413,0.8505154639175257,0.8574435126328721,0.00763542843411903,0.75,0.7647058823529411,0.8095238095238095,0.72,0.8947368421052632,0.7877933067964027,0.06077241174344502,28,0.8314606741573034,0.9102564102564102,0.8426966292134831,0.8604651162790697,0.875,0.8639757659812533,0.027516501556180843,0.9130434782608695,0.5909090909090909,0.7727272727272727,0.8181818181818182,0.7727272727272727,0.7735177865612648,0.10469907345997544,1,0.8409090909090909,0.797752808988764,0.8426966292134831,0.8314606741573034,0.7865168539325843,0.819867211440245,0.0232363703141999,0.8235294117647058,0.6666666666666666,0.7906976744186046,0.7659574468085106,0.8292682926829268,0.775223898468283,0.05893080112439033,1,0.8361581920903954,0.8502994011976048,0.8426966292134831,0.8457142857142858,0.8284023668639053,0.8406541750159349,0.0076567276689862565,0.9030100334448161,0.8106060606060607,0.8094405594405595,0.8758741258741258,0.9029720279720279,0.8603805614675182,0.04229359332240167,1,0.9422077922077923,0.9469533275713051,0.9425361155698233,0.9427501337613697,0.9365971107544141,0.9422088959729409,0.0032985383659111063
0.03493895530700684,0.008072067608955865,0.04789237976074219,0.004493864736736233,entropy,6,8,5,"{'classifier__criterion': 'entropy', 'classifier__max_depth': 6, 'classifier__min_samples_leaf': 8, 'classifier__min_samples_split': 5}",0.8163265306122449,0.7346938775510204,0.8125,0.7708333333333334,0.8541666666666666,0.797704081632653,0.041100027366483084,1,0.8497409326424871,0.8704663212435233,0.8556701030927835,0.8608247422680413,0.8505154639175257,0.8574435126328721,0.00763542843411903,0.75,0.7647058823529411,0.8095238095238095,0.72,0.8947368421052632,0.7877933067964027,0.06077241174344502,28,0.8314606741573034,0.9102564102564102,0.8426966292134831,0.8604651162790697,0.875,0.8639757659812533,0.027516501556180843,0.9130434782608695,0.5909090909090909,0.7727272727272727,0.8181818181818182,0.7727272727272727,0.7735177865612648,0.10469907345997544,1,0.8409090909090909,0.797752808988764,0.8426966292134831,0.8314606741573034,0.7865168539325843,0.819867211440245,0.0232363703141999,0.8235294117647058,0.6666666666666666,0.7906976744186046,0.7659574468085106,0.8292682926829268,0.775223898468283,0.05893080112439033,1,0.8361581920903954,0.8502994011976048,0.8426966292134831,0.8457142857142858,0.8284023668639053,0.8406541750159349,0.0076567276689862565,0.9030100334448161,0.8106060606060607,0.8094405594405595,0.8758741258741258,0.9029720279720279,0.8603805614675182,0.04229359332240167,1,0.9422077922077923,0.9469533275713051,0.9425361155698233,0.9427501337613697,0.9365971107544141,0.9422088959729409,0.0032985383659111063
0.03424601554870606,0.0034782611164815526,0.04420733451843262,0.00043424018247325896,entropy,6,8,10,"{'classifier__criterion': 'entropy', 'classifier__max_depth': 6, 'classifier__min_samples_leaf': 8, 'classifier__min_samples_split': 10}",0.8163265306122449,0.7346938775510204,0.8125,0.7708333333333334,0.8541666666666666,0.797704081632653,0.041100027366483084,1,0.8497409326424871,0.8704663212435233,0.8556701030927835,0.8608247422680413,0.8505154639175257,0.8574435126328721,0.00763542843411903,0.75,0.7647058823529411,0.8095238095238095,0.72,0.8947368421052632,0.7877933067964027,0.06077241174344502,28,0.8314606741573034,0.9102564102564102,0.8426966292134831,0.8604651162790697,0.875,0.8639757659812533,0.027516501556180843,0.9130434782608695,0.5909090909090909,0.7727272727272727,0.8181818181818182,0.7727272727272727,0.7735177865612648,0.10469907345997544,1,0.8409090909090909,0.797752808988764,0.8426966292134831,0.8314606741573034,0.7865168539325843,0.819867211440245,0.0232363703141999,0.8235294117647058,0.6666666666666666,0.7906976744186046,0.7659574468085106,0.8292682926829268,0.775223898468283,0.05893080112439033,1,0.8361581920903954,0.8502994011976048,0.8426966292134831,0.8457142857142858,0.8284023668639053,0.8406541750159349,0.0076567276689862565,0.9030100334448161,0.8106060606060607,0.8094405594405595,0.8758741258741258,0.9029720279720279,0.8603805614675182,0.04229359332240167,1,0.9422077922077923,0.9469533275713051,0.9425361155698233,0.9427501337613697,0.9365971107544141,0.9422088959729409,0.0032985383659111063
0.03315730094909668,0.0009807364685895214,0.045447254180908205,0.002591910689591464,entropy,8,1,2,"{'classifier__criterion': 'entropy', 'classifier__max_depth': 8, 'classifier__min_samples_leaf': 1, 'classifier__min_samples_split': 2}",0.7959183673469388,0.6530612244897959,0.8125,0.7083333333333334,0.6875,0.7314625850340136,0.062186903766358055,91,0.9792746113989638,1.0,0.9845360824742269,0.9896907216494846,0.9896907216494846,0.988638427434432,0.006867463320780769,0.76,0.6470588235294118,0.8421052631578947,0.6538461538461539,0.64,0.7086020481066921,0.07994607600114985,135,0.9565217391304348,1.0,0.9886363636363636,1.0,1.0,0.9890316205533598,0.01684021770179658,0.8260869565217391,0.5,0.7272727272727273,0.7727272727272727,0.7272727272727273,0.7106719367588934,0.11144983529652978,56,1.0,1.0,0.9775280898876404,0.9775280898876404,0.9775280898876404,0.9865168539325844,0.011008942664194086,0.7916666666666666,0.5641025641025641,0.7804878048780488,0.7083333333333334,0.6808510638297872,0.70508828656208,0.08204370846758262,88,0.9777777777777777,1.0,0.9830508474576272,0.9886363636363636,0.9886363636363636,0.9876202705016265,0.00739022168739026,0.8135451505016722,0.638888888888889,0.8059440559440559,0.7132867132867133,0.6853146853146853,0.7313958987872031,0.06828600882706168,152,0.998917748917749,1.0,0.9993044408774746,0.9995719636169075,0.9995719636169075,0.9994732234058077,0.0003560989434186801
0.03250455856323242,0.0022892418906631028,0.04478330612182617,0.0011446898275212203,entropy,8,1,5,"{'classifier__criterion': 'entropy', 'classifier__max_depth': 8, 'classifier__min_samples_leaf': 1, 'classifier__min_samples_split': 5}",0.8163265306122449,0.673469387755102,0.7291666666666666,0.7291666666666666,0.7083333333333334,0.7312925170068028,0.04713907156616225,94,0.9585492227979274,0.9689119170984456,0.9690721649484536,0.9587628865979382,0.9690721649484536,0.9648736712782437,0.005077449467817378,0.8181818181818182,0.6875,0.7142857142857143,0.68,0.6538461538461539,0.7107627372627373,0.05705833633970191,131,0.9545454545454546,0.9770114942528736,1.0,0.9550561797752809,0.9662921348314607,0.970581052681014,0.01687235575010741,0.782608695652174,0.5,0.6818181818181818,0.7727272727272727,0.7727272727272727,0.7019762845849801,0.10743719933304316,80,0.9545454545454546,0.9550561797752809,0.9325842696629213,0.9550561797752809,0.9662921348314607,0.9527068437180797,0.010989971527119754,0.8,0.5789473684210527,0.6976744186046512,0.723404255319149,0.7083333333333334,0.7016718751356372,0.07108076493701697,95,0.9545454545454546,0.9659090909090909,0.9651162790697675,0.9550561797752809,0.9662921348314607,0.9613838278262108,0.005390791312896252,0.8386287625418061,0.707070707070707,0.7255244755244754,0.7674825174825175,0.729895104895105,0.7537203135029221,0.04677109064659094,144,0.9958333333333333,0.9975691443388073,0.997752808988764,0.995131086142322,0.9974852862493313,0.9967543318105117,0.0010656768006904746
0.04144554138183594,0.012413864034109767,0.04573044776916504,0.0013005554563373717,entropy,8,1,10,"{'classifier__criterion': 'entropy', 'classifier__max_depth': 8, 'classifier__min_samples_leaf': 1, 'classifier__min_samples_split': 10}",0.8367346938775511,0.6938775510204082,0.6875,0.7291666666666666,0.6666666666666666,0.7227891156462585,0.06042383219749992,144,0.917098445595855,0.9015544041450777,0.9432989690721649,0.9020618556701031,0.9278350515463918,0.9183697452059185,0.01588318220946758,0.8260869565217391,0.6666666666666666,0.6666666666666666,0.6956521739130435,0.6153846153846154,0.6940914158305462,0.07088618045570158,155,0.875,0.9069767441860465,0.9642857142857143,0.9487179487179487,0.9411764705882353,0.927231375555589,0.03214818565581228,0.8260869565217391,0.6363636363636364,0.6363636363636364,0.7272727272727273,0.7272727272727273,0.7106719367588934,0.07059071651922791,56,0.9545454545454546,0.8764044943820225,0.9101123595505618,0.8314606741573034,0.898876404494382,0.8942798774259447,0.04042157086294051,0.8260869565217391,0.6511627906976745,0.6511627906976745,0.7111111111111111,0.6666666666666666,0.7012380631389731,0.06617396849116333,96,0.9130434782608695,0.8914285714285715,0.9364161849710982,0.8862275449101796,0.9195402298850575,0.9093312018911552,0.018470975611702987,0.8729096989966556,0.7508417508417509,0.6993006993006993,0.7552447552447552,0.7167832167832169,0.7590160242334155,0.06066686150327319,141,0.9812229437229437,0.9759075194468453,0.9903691813804174,0.9760299625468165,0.9838416265382559,0.9814742467270559,0.005392887644024684
0.03322381973266601,0.0034619465047662718,0.044196557998657224,0.0016082317267041401,entropy,8,2,2,"{'classifier__criterion': 'entropy', 'classifier__max_depth': 8, 'classifier__min_samples_leaf': 2, 'classifier__min_samples_split': 2}",0.8163265306122449,0.6122448979591837,0.6666666666666666,0.7083333333333334,0.7291666666666666,0.7065476190476191,0.06789655820807403,167,0.9430051813471503,0.9533678756476683,0.9587628865979382,0.9484536082474226,0.9690721649484536,0.9545323433577266,0.00894970812490056,0.8181818181818182,0.5714285714285714,0.6666666666666666,0.6666666666666666,0.68,0.6805887445887445,0.0790389681520142,167,0.9529411764705882,0.9545454545454546,1.0,0.9540229885057471,0.9882352941176471,0.9699489827278874,0.020087928063633347,0.782608695652174,0.5454545454545454,0.5454545454545454,0.7272727272727273,0.7727272727272727,0.674703557312253,0.1071693047720691,122,0.9204545454545454,0.9438202247191011,0.9101123595505618,0.9325842696629213,0.9438202247191011,0.9301583248212462,0.013230149535390432,0.8,0.5581395348837209,0.6,0.6956521739130435,0.723404255319149,0.6754391928231827,0.08680424883132089,162,0.9364161849710982,0.9491525423728814,0.9529411764705882,0.9431818181818182,0.9655172413793104,0.9494417926751393,0.009793907702671559,0.842809364548495,0.6574074074074073,0.6923076923076923,0.7770979020979022,0.736013986013986,0.7411272704750965,0.06488705103021895,150,0.9927489177489177,0.9947061365600691,0.9965757089352596,0.9936864633493847,0.9980203317281968,0.9951475116643657,0.0019170586582765339
0.030824995040893553,0.0009687995443129498,0.04600839614868164,0.0032523934532528603,entropy,8,2,5,"{'classifier__criterion': 'entropy', 'classifier__max_depth': 8, 'classifier__min_samples_leaf': 2, 'classifier__min_samples_split': 5}",0.8163265306122449,0.6122448979591837,0.6875,0.7291666666666666,0.7291666666666666,0.7148809523809524,0.06630723162452745,155,0.9430051813471503,0.9533678756476683,0.9432989690721649,0.9484536082474226,0.9484536082474226,0.9473158485123658,0.00384534000375122,0.8181818181818182,0.5714285714285714,0.6842105263157895,0.68,0.68,0.6867641831852358,0.07832104141175947,160,0.9529411764705882,0.9545454545454546,0.9875,0.9438202247191011,0.9876543209876543,0.9652922353445597,0.018559832318491745,0.782608695652174,0.5454545454545454,0.5909090909090909,0.7727272727272727,0.7727272727272727,0.6928853754940711,0.10289289922214075,97,0.9204545454545454,0.9438202247191011,0.8876404494382022,0.9438202247191011,0.898876404494382,0.9189223697650665,0.022902197221827847,0.8,0.5581395348837209,0.6341463414634146,0.723404255319149,0.723404255319149,0.6878188773970867,0.08344425145018923,123,0.9364161849710982,0.9491525423728814,0.9349112426035503,0.9438202247191011,0.9411764705882353,0.9410953330509733,0.005147574989746815,0.842809364548495,0.6574074074074073,0.7167832167832169,0.7980769230769231,0.7403846153846154,0.7510923054401316,0.06432449228117934,147,0.9927489177489177,0.9947061365600691,0.9933119315141787,0.9928303905831997,0.9944890315676832,0.9936172815948096,0.0008260805112483129
0.030427932739257812,0.0003852861647519352,0.053003692626953126,0.009964911167577147,entropy,8,2,10,"{'classifier__criterion': 'entropy', 'classifier__max_depth': 8, 'classifier__min_samples_leaf': 2, 'classifier__min_samples_split': 10}",0.8367346938775511,0.6938775510204082,0.7083333333333334,0.75,0.6875,0.7352891156462585,0.05519591818289593,88,0.917098445595855,0.8911917098445595,0.9329896907216495,0.8969072164948454,0.9226804123711341,0.9121734950056087,0.015756008524010625,0.8260869565217391,0.6666666666666666,0.7,0.7272727272727273,0.64,0.7120052700922266,0.06423737357486226,123,0.875,0.9047619047619048,0.9634146341463414,0.948051948051948,0.9204545454545454,0.9223366064829479,0.03131085995735219,0.8260869565217391,0.6363636363636364,0.6363636363636364,0.7272727272727273,0.7272727272727273,0.7106719367588934,0.07059071651922791,56,0.9545454545454546,0.8539325842696629,0.8876404494382022,0.8202247191011236,0.9101123595505618,0.8852911133810011,0.046118912441759155,0.8260869565217391,0.6511627906976745,0.6666666666666666,0.7272727272727273,0.6808510638297872,0.7104080409977189,0.06318694730837636,78,0.9130434782608695,0.8786127167630058,0.9239766081871345,0.8795180722891566,0.9152542372881356,0.9020810225576603,0.019146664425575843,0.8729096989966556,0.765993265993266,0.7604895104895105,0.7701048951048952,0.7237762237762237,0.7786547188721102,0.049918007118282634,131,0.9812229437229437,0.9692631806395852,0.9856607811663991,0.9739432851792402,0.980952380952381,0.97820851433211,0.005837174730102144
0.03360872268676758,0.002865264769624537,0.04554109573364258,0.001964869114040004,entropy,8,4,2,"{'classifier__criterion': 'entropy', 'classifier__max_depth': 8, 'classifier__min_samples_leaf': 4, 'classifier__min_samples_split': 2}",0.8163265306122449,0.6938775510204082,0.6666666666666666,0.7708333333333334,0.7291666666666666,0.7353741496598639,0.05346374556961693,84,0.917098445595855,0.917098445595855,0.8969072164948454,0.8969072164948454,0.9072164948453608,0.9070455638053524,0.00903019661341882,0.8181818181818182,0.6666666666666666,0.6363636363636364,0.7391304347826086,0.6956521739130435,0.7111989459815546,0.06332559135010185,127,0.9,0.9506172839506173,0.9058823529411765,0.9156626506024096,0.927710843373494,0.9199746261735395,0.0179721591421967,0.782608695652174,0.6363636363636364,0.6363636363636364,0.7727272727272727,0.7272727272727273,0.7110671936758894,0.06378716818140456,50,0.9204545454545454,0.8651685393258427,0.8651685393258427,0.8539325842696629,0.8651685393258427,0.8739785495403473,0.023641944758369907,0.8,0.6511627906976745,0.6363636363636364,0.7555555555555555,0.7111111111111111,0.7108386187455955,0.061736793002142035,74,0.9101123595505618,0.9058823529411765,0.8850574712643678,0.8837209302325582,0.8953488372093024,0.8960243902395932,0.010656032280198891,0.8787625418060201,0.7247474747474748,0.715034965034965,0.8234265734265735,0.8138111888111889,0.7911565487652445,0.062344298609284365,115,0.9818722943722944,0.9783923941227313,0.9723916532905297,0.9735687533440343,0.9741573033707865,0.9760764797000752,0.0035356697316334886
0.034362077713012695,0.004279225666569105,0.04681649208068848,0.0015346287004947606,entropy,8,4,5,"{'classifier__criterion': 'entropy', 'classifier__max_depth': 8, 'classifier__min_samples_leaf': 4, 'classifier__min_samples_split': 5}",0.8163265306122449,0.6938775510204082,0.6666666666666666,0.7708333333333334,0.7291666666666666,0.7353741496598639,0.05346374556961693,84,0.917098445595855,0.917098445595855,0.8969072164948454,0.8969072164948454,0.9072164948453608,0.9070455638053524,0.00903019661341882,0.8181818181818182,0.6666666666666666,0.6363636363636364,0.7391304347826086,0.6956521739130435,0.7111989459815546,0.06332559135010185,127,0.9,0.9506172839506173,0.9058823529411765,0.9156626506024096,0.927710843373494,0.9199746261735395,0.0179721591421967,0.782608695652174,0.6363636363636364,0.6363636363636364,0.7727272727272727,0.7272727272727273,0.7110671936758894,0.06378716818140456,50,0.9204545454545454,0.8651685393258427,0.8651685393258427,0.8539325842696629,0.8651685393258427,0.8739785495403473,0.023641944758369907,0.8,0.6511627906976745,0.6363636363636364,0.7555555555555555,0.7111111111111111,0.7108386187455955,0.061736793002142035,74,0.9101123595505618,0.9058823529411765,0.8850574712643678,0.8837209302325582,0.8953488372093024,0.8960243902395932,0.010656032280198891,0.8787625418060201,0.7247474747474748,0.715034965034965,0.8234265734265735,0.8138111888111889,0.7911565487652445,0.062344298609284365,115,0.9818722943722944,0.9783923941227313,0.9723916532905297,0.9735687533440343,0.9741573033707865,0.9760764797000752,0.0035356697316334886
0.033112287521362305,0.0015500699750215113,0.044910621643066403,0.0013576350391391323,entropy,8,4,10,"{'classifier__criterion': 'entropy', 'classifier__max_depth': 8, 'classifier__min_samples_leaf': 4, 'classifier__min_samples_split': 10}",0.8367346938775511,0.6938775510204082,0.6041666666666666,0.7708333333333334,0.7291666666666666,0.7269557823129251,0.07765677462284871,105,0.917098445595855,0.8911917098445595,0.8969072164948454,0.8814432989690721,0.9072164948453608,0.8987714331499387,0.012396694684839235,0.8260869565217391,0.6666666666666666,0.56,0.7619047619047619,0.6956521739130435,0.7020621118012422,0.08993205582970912,143,0.8829787234042553,0.8863636363636364,0.8876404494382022,0.9125,0.927710843373494,0.8994387305159176,0.017612486954221573,0.8260869565217391,0.6363636363636364,0.6363636363636364,0.7272727272727273,0.7272727272727273,0.7106719367588934,0.07059071651922791,56,0.9431818181818182,0.8764044943820225,0.8876404494382022,0.8202247191011236,0.8651685393258427,0.8785240040858019,0.03961163942480032,0.8260869565217391,0.6511627906976745,0.5957446808510638,0.7441860465116279,0.7111111111111111,0.7056583171386432,0.07882632291366191,85,0.9120879120879121,0.8813559322033898,0.8876404494382022,0.863905325443787,0.8953488372093024,0.8880676912765187,0.015868435726318367,0.8846153846153846,0.755050505050505,0.7325174825174825,0.8190559440559441,0.8085664335664335,0.7999611499611499,0.053236483386651705,95,0.9789502164502164,0.9685609334485739,0.9703584804708401,0.9649010165864098,0.9728196896736223,0.9711180673259324,0.004690537373780165
0.031800699234008786,0.001020710000247873,0.04571242332458496,0.0013210580950389118,entropy,8,8,2,"{'classifier__criterion': 'entropy', 'classifier__max_depth': 8, 'classifier__min_samples_leaf': 8, 'classifier__min_samples_split': 2}",0.8163265306122449,0.7346938775510204,0.8125,0.7708333333333334,0.8541666666666666,0.797704081632653,0.041100027366483084,1,0.8497409326424871,0.8704663212435233,0.8556701030927835,0.8608247422680413,0.8505154639175257,0.8574435126328721,0.00763542843411903,0.75,0.7647058823529411,0.8095238095238095,0.72,0.8947368421052632,0.7877933067964027,0.06077241174344502,28,0.8314606741573034,0.9102564102564102,0.8426966292134831,0.8604651162790697,0.875,0.8639757659812533,0.027516501556180843,0.9130434782608695,0.5909090909090909,0.7727272727272727,0.8181818181818182,0.7727272727272727,0.7735177865612648,0.10469907345997544,1,0.8409090909090909,0.797752808988764,0.8426966292134831,0.8314606741573034,0.7865168539325843,0.819867211440245,0.0232363703141999,0.8235294117647058,0.6666666666666666,0.7906976744186046,0.7659574468085106,0.8292682926829268,0.775223898468283,0.05893080112439033,1,0.8361581920903954,0.8502994011976048,0.8426966292134831,0.8457142857142858,0.8284023668639053,0.8406541750159349,0.0076567276689862565,0.8954849498327759,0.8106060606060607,0.8094405594405595,0.8758741258741258,0.9029720279720279,0.85887554474511,0.04085941997964599,10,0.9452380952380953,0.9469533275713051,0.9425361155698233,0.9427501337613697,0.9365971107544141,0.9428149565790015,0.0035140084358339075
0.03506765365600586,0.004294123013538374,0.04417362213134766,0.0009872849002914867,entropy,8,8,5,"{'classifier__criterion': 'entropy', 'classifier__max_depth': 8, 'classifier__min_samples_leaf': 8, 'classifier__min_samples_split': 5}",0.8163265306122449,0.7346938775510204,0.8125,0.7708333333333334,0.8541666666666666,0.797704081632653,0.041100027366483084,1,0.8497409326424871,0.8704663212435233,0.8556701030927835,0.8608247422680413,0.8505154639175257,0.8574435126328721,0.00763542843411903,0.75,0.7647058823529411,0.8095238095238095,0.72,0.8947368421052632,0.7877933067964027,0.06077241174344502,28,0.8314606741573034,0.9102564102564102,0.8426966292134831,0.8604651162790697,0.875,0.8639757659812533,0.027516501556180843,0.9130434782608695,0.5909090909090909,0.7727272727272727,0.8181818181818182,0.7727272727272727,0.7735177865612648,0.10469907345997544,1,0.8409090909090909,0.797752808988764,0.8426966292134831,0.8314606741573034,0.7865168539325843,0.819867211440245,0.0232363703141999,0.8235294117647058,0.6666666666666666,0.7906976744186046,0.7659574468085106,0.8292682926829268,0.775223898468283,0.05893080112439033,1,0.8361581920903954,0.8502994011976048,0.8426966292134831,0.8457142857142858,0.8284023668639053,0.8406541750159349,0.0076567276689862565,0.8954849498327759,0.8106060606060607,0.8094405594405595,0.8758741258741258,0.9029720279720279,0.85887554474511,0.04085941997964599,10,0.9452380952380953,0.9469533275713051,0.9425361155698233,0.9427501337613697,0.9365971107544141,0.9428149565790015,0.0035140084358339075
0.03197808265686035,0.0012543814667150478,0.04874763488769531,0.008185551099882104,entropy,8,8,10,"{'classifier__criterion': 'entropy', 'classifier__max_depth': 8, 'classifier__min_samples_leaf': 8, 'classifier__min_samples_split': 10}",0.8163265306122449,0.7346938775510204,0.8125,0.7708333333333334,0.8541666666666666,0.797704081632653,0.041100027366483084,1,0.8497409326424871,0.8704663212435233,0.8556701030927835,0.8608247422680413,0.8505154639175257,0.8574435126328721,0.00763542843411903,0.75,0.7647058823529411,0.8095238095238095,0.72,0.8947368421052632,0.7877933067964027,0.06077241174344502,28,0.8314606741573034,0.9102564102564102,0.8426966292134831,0.8604651162790697,0.875,0.8639757659812533,0.027516501556180843,0.9130434782608695,0.5909090909090909,0.7727272727272727,0.8181818181818182,0.7727272727272727,0.7735177865612648,0.10469907345997544,1,0.8409090909090909,0.797752808988764,0.8426966292134831,0.8314606741573034,0.7865168539325843,0.819867211440245,0.0232363703141999,0.8235294117647058,0.6666666666666666,0.7906976744186046,0.7659574468085106,0.8292682926829268,0.775223898468283,0.05893080112439033,1,0.8361581920903954,0.8502994011976048,0.8426966292134831,0.8457142857142858,0.8284023668639053,0.8406541750159349,0.0076567276689862565,0.8954849498327759,0.8106060606060607,0.8094405594405595,0.8758741258741258,0.9029720279720279,0.85887554474511,0.04085941997964599,10,0.9452380952380953,0.9469533275713051,0.9425361155698233,0.9427501337613697,0.9365971107544141,0.9428149565790015,0.0035140084358339075
0.03108382225036621,0.001168209143296149,0.048158121109008786,0.0029234954354501134,entropy,,1,2,"{'classifier__criterion': 'entropy', 'classifier__max_depth': None, 'classifier__min_samples_leaf': 1, 'classifier__min_samples_split': 2}",0.8163265306122449,0.6530612244897959,0.7708333333333334,0.7083333333333334,0.6875,0.7272108843537415,0.05878095744315668,100,1.0,1.0,1.0,1.0,1.0,1.0,0.0,0.8181818181818182,0.6470588235294118,0.7894736842105263,0.6538461538461539,0.64,0.709712095953582,0.07750329535805592,132,1.0,1.0,1.0,1.0,1.0,1.0,0.0,0.782608695652174,0.5,0.6818181818181818,0.7727272727272727,0.7272727272727273,0.6928853754940711,0.10289289922214075,97,1.0,1.0,1.0,1.0,1.0,1.0,0.0,0.8,0.5641025641025641,0.7317073170731707,0.7083333333333334,0.6808510638297872,0.6969988556677712,0.07728461542099731,105,1.0,1.0,1.0,1.0,1.0,1.0,0.0,0.8143812709030099,0.638888888888889,0.763986013986014,0.7132867132867133,0.6905594405594406,0.7242204655248135,0.06040589239761528,155,1.0,1.0,1.0,1.0,1.0,1.0,0.0
0.033290672302246097,0.0017280570481784752,0.04806199073791504,0.004173060920687495,entropy,,1,5,"{'classifier__criterion': 'entropy', 'classifier__max_depth': None, 'classifier__min_samples_leaf': 1, 'classifier__min_samples_split': 5}",0.8163265306122449,0.673469387755102,0.75,0.7083333333333334,0.7083333333333334,0.7312925170068028,0.0489459209662141,94,0.9792746113989638,0.9689119170984456,0.979381443298969,0.9639175257731959,0.9742268041237113,0.9731424603386571,0.0060116703218657756,0.8181818181818182,0.6875,0.7272727272727273,0.6428571428571429,0.6538461538461539,0.7059315684315685,0.06338226868549733,140,1.0,0.9770114942528736,0.9775280898876404,0.9456521739130435,0.9883720930232558,0.9777127702153627,0.01810386425189602,0.782608695652174,0.5,0.7272727272727273,0.8181818181818182,0.7727272727272727,0.7201581027667985,0.11383536450643929,46,0.9545454545454546,0.9550561797752809,0.9775280898876404,0.9775280898876404,0.9550561797752809,0.9639427987742595,0.011093911323706167,0.8,0.5789473684210527,0.7272727272727273,0.72,0.7083333333333334,0.7069106858054227,0.07159357208300061,83,0.9767441860465116,0.9659090909090909,0.9775280898876404,0.9613259668508287,0.9714285714285714,0.9705871810245286,0.006236144315168758,0.8235785953177257,0.707070707070707,0.7482517482517482,0.7473776223776225,0.729895104895105,0.7512347555825817,0.039149076181548795,146,0.9986471861471862,0.9975691443388073,0.9988228999464954,0.9958801498127341,0.9983413590155163,0.9978521478521479,0.0010754199493813387
0.03367857933044434,0.0011011965399986205,0.04483561515808106,0.0005794533975342082,entropy,,1,10,"{'classifier__criterion': 'entropy', 'classifier__max_depth': None, 'classifier__min_samples_leaf': 1, 'classifier__min_samples_split': 10}",0.8367346938775511,0.6938775510204082,0.6875,0.7291666666666666,0.6666666666666666,0.7227891156462585,0.06042383219749992,144,0.917098445595855,0.9015544041450777,0.9432989690721649,0.9020618556701031,0.9278350515463918,0.9183697452059185,0.01588318220946758,0.8260869565217391,0.6666666666666666,0.6666666666666666,0.6956521739130435,0.6153846153846154,0.6940914158305462,0.07088618045570158,155,0.875,0.9069767441860465,0.9642857142857143,0.9487179487179487,0.9411764705882353,0.927231375555589,0.03214818565581228,0.8260869565217391,0.6363636363636364,0.6363636363636364,0.7272727272727273,0.7272727272727273,0.7106719367588934,0.07059071651922791,56,0.9545454545454546,0.8764044943820225,0.9101123595505618,0.8314606741573034,0.898876404494382,0.8942798774259447,0.04042157086294051,0.8260869565217391,0.6511627906976745,0.6511627906976745,0.7111111111111111,0.6666666666666666,0.7012380631389731,0.06617396849116333,96,0.9130434782608695,0.8914285714285715,0.9364161849710982,0.8862275449101796,0.9195402298850575,0.9093312018911552,0.018470975611702987,0.8729096989966556,0.7508417508417509,0.6993006993006993,0.7552447552447552,0.7167832167832169,0.7590160242334155,0.06066686150327319,141,0.9812229437229437,0.9759075194468453,0.9903691813804174,0.9760299625468165,0.9838416265382559,0.9814742467270559,0.005392887644024684
0.037577056884765626,0.008228675469770888,0.04447979927062988,0.0014022530338162861,entropy,,2,2,"{'classifier__criterion': 'entropy', 'classifier__max_depth': None, 'classifier__min_samples_leaf': 2, 'classifier__min_samples_split': 2}",0.8367346938775511,0.6122448979591837,0.6875,0.7083333333333334,0.7291666666666666,0.7147959183673469,0.07263487775332812,156,0.9585492227979274,0.9533678756476683,0.9536082474226805,0.9484536082474226,0.9690721649484536,0.9566102238128306,0.007001639169293783,0.8571428571428571,0.5714285714285714,0.7058823529411765,0.6666666666666666,0.68,0.6962240896358544,0.09241094684913008,153,1.0,0.9545454545454546,0.9761904761904762,0.9540229885057471,0.9882352941176471,0.974598842671865,0.0182165257330437,0.782608695652174,0.5454545454545454,0.5454545454545454,0.7272727272727273,0.7727272727272727,0.674703557312253,0.1071693047720691,122,0.9090909090909091,0.9438202247191011,0.9213483146067416,0.9325842696629213,0.9438202247191011,0.9301327885597548,0.01342109720584828,0.8181818181818182,0.5581395348837209,0.6153846153846154,0.6956521739130435,0.723404255319149,0.6821524795364694,0.08969402416061223,132,0.9523809523809523,0.9491525423728814,0.9479768786127167,0.9431818181818182,0.9655172413793104,0.9516418865855358,0.0075402064208954095,0.8436454849498327,0.6574074074074073,0.7290209790209791,0.7482517482517483,0.736013986013986,0.7428679211287907,0.05954379329873414,149,0.9960497835497836,0.9947061365600691,0.9953986088817549,0.9937934724451578,0.9980203317281968,0.9955936666329925,0.0014257070103384512
0.033933067321777345,0.0018725303927015274,0.044524860382080075,0.0004915836906068818,entropy,,2,5,"{'classifier__criterion': 'entropy', 'classifier__max_depth': None, 'classifier__min_samples_leaf': 2, 'classifier__min_samples_split': 5}",0.8367346938775511,0.6122448979591837,0.6875,0.7291666666666666,0.7291666666666666,0.7189625850340136,0.07274211321787342,148,0.9585492227979274,0.9533678756476683,0.9587628865979382,0.9484536082474226,0.9484536082474226,0.9535174403076759,0.004563785745839715,0.8571428571428571,0.5714285714285714,0.6842105263157895,0.68,0.68,0.6945563909774436,0.09178848825336479,154,1.0,0.9545454545454546,0.9764705882352941,0.9438202247191011,0.9876543209876543,0.9724981176975008,0.020719865880154717,0.782608695652174,0.5454545454545454,0.5909090909090909,0.7727272727272727,0.7727272727272727,0.6928853754940711,0.10289289922214075,97,0.9090909090909091,0.9438202247191011,0.9325842696629213,0.9438202247191011,0.898876404494382,0.9256384065372829,0.018435978218882088,0.8181818181818182,0.5581395348837209,0.6341463414634146,0.723404255319149,0.723404255319149,0.6914552410334502,0.08849688340221505,121,0.9523809523809523,0.9491525423728814,0.9540229885057471,0.9438202247191011,0.9411764705882353,0.9481106357133834,0.004914618234460794,0.8436454849498327,0.6574074074074073,0.7054195804195804,0.7980769230769231,0.7403846153846154,0.7489868022476718,0.06592267010656197,148,0.9960497835497836,0.9947061365600691,0.9960941680042804,0.9928303905831997,0.9944890315676832,0.9948339020530031,0.0012013289278649216
0.032808685302734376,0.0014601447891216424,0.04489946365356445,0.0016571639695303704,entropy,,2,10,"{'classifier__criterion': 'entropy', 'classifier__max_depth': None, 'classifier__min_samples_leaf': 2, 'classifier__min_samples_split': 10}",0.8367346938775511,0.6938775510204082,0.7083333333333334,0.75,0.6875,0.7352891156462585,0.05519591818289593,88,0.917098445595855,0.8911917098445595,0.9329896907216495,0.8969072164948454,0.9226804123711341,0.9121734950056087,0.015756008524010625,0.8260869565217391,0.6666666666666666,0.7,0.7272727272727273,0.64,0.7120052700922266,0.06423737357486226,123,0.875,0.9047619047619048,0.9634146341463414,0.948051948051948,0.9204545454545454,0.9223366064829479,0.03131085995735219,0.8260869565217391,0.6363636363636364,0.6363636363636364,0.7272727272727273,0.7272727272727273,0.7106719367588934,0.07059071651922791,56,0.9545454545454546,0.8539325842696629,0.8876404494382022,0.8202247191011236,0.9101123595505618,0.8852911133810011,0.046118912441759155,0.8260869565217391,0.6511627906976745,0.6666666666666666,0.7272727272727273,0.6808510638297872,0.7104080409977189,0.06318694730837636,78,0.9130434782608695,0.8786127167630058,0.9239766081871345,0.8795180722891566,0.9152542372881356,0.9020810225576603,0.019146664425575843,0.8729096989966556,0.765993265993266,0.7604895104895105,0.7701048951048952,0.7237762237762237,0.7786547188721102,0.049918007118282634,131,0.9812229437229437,0.9692631806395852,0.9856607811663991,0.9739432851792402,0.980952380952381,0.97820851433211,0.005837174730102144
0.03518962860107422,0.0024882216281739127,0.05108318328857422,0.005468360313266985,entropy,,4,2,"{'classifier__criterion': 'entropy', 'classifier__max_depth': None, 'classifier__min_samples_leaf': 4, 'classifier__min_samples_split': 2}",0.8163265306122449,0.6938775510204082,0.6666666666666666,0.7708333333333334,0.7291666666666666,0.7353741496598639,0.05346374556961693,84,0.917098445595855,0.917098445595855,0.8969072164948454,0.8969072164948454,0.9072164948453608,0.9070455638053524,0.00903019661341882,0.8181818181818182,0.6666666666666666,0.6363636363636364,0.7391304347826086,0.6956521739130435,0.7111989459815546,0.06332559135010185,127,0.9,0.9506172839506173,0.9058823529411765,0.9156626506024096,0.927710843373494,0.9199746261735395,0.0179721591421967,0.782608695652174,0.6363636363636364,0.6363636363636364,0.7727272727272727,0.7272727272727273,0.7110671936758894,0.06378716818140456,50,0.9204545454545454,0.8651685393258427,0.8651685393258427,0.8539325842696629,0.8651685393258427,0.8739785495403473,0.023641944758369907,0.8,0.6511627906976745,0.6363636363636364,0.7555555555555555,0.7111111111111111,0.7108386187455955,0.061736793002142035,74,0.9101123595505618,0.9058823529411765,0.8850574712643678,0.8837209302325582,0.8953488372093024,0.8960243902395932,0.010656032280198891,0.8787625418060201,0.7247474747474748,0.715034965034965,0.8234265734265735,0.8138111888111889,0.7911565487652445,0.062344298609284365,115,0.9818722943722944,0.9783923941227313,0.9723916532905297,0.9735687533440343,0.9741573033707865,0.9760764797000752,0.0035356697316334886
0.0326176643371582,0.001100941211823049,0.04504227638244629,0.0020960110756870934,entropy,,4,5,"{'classifier__criterion': 'entropy', 'classifier__max_depth': None, 'classifier__min_samples_leaf': 4, 'classifier__min_samples_split': 5}",0.8163265306122449,0.6938775510204082,0.6666666666666666,0.7708333333333334,0.7291666666666666,0.7353741496598639,0.05346374556961693,84,0.917098445595855,0.917098445595855,0.8969072164948454,0.8969072164948454,0.9072164948453608,0.9070455638053524,0.00903019661341882,0.8181818181818182,0.6666666666666666,0.6363636363636364,0.7391304347826086,0.6956521739130435,0.7111989459815546,0.06332559135010185,127,0.9,0.9506172839506173,0.9058823529411765,0.9156626506024096,0.927710843373494,0.9199746261735395,0.0179721591421967,0.782608695652174,0.6363636363636364,0.6363636363636364,0.7727272727272727,0.7272727272727273,0.7110671936758894,0.06378716818140456,50,0.9204545454545454,0.8651685393258427,0.8651685393258427,0.8539325842696629,0.8651685393258427,0.8739785495403473,0.023641944758369907,0.8,0.6511627906976745,0.6363636363636364,0.7555555555555555,0.7111111111111111,0.7108386187455955,0.061736793002142035,74,0.9101123595505618,0.9058823529411765,0.8850574712643678,0.8837209302325582,0.8953488372093024,0.8960243902395932,0.010656032280198891,0.8787625418060201,0.7247474747474748,0.715034965034965,0.8234265734265735,0.8138111888111889,0.7911565487652445,0.062344298609284365,115,0.9818722943722944,0.9783923941227313,0.9723916532905297,0.9735687533440343,0.9741573033707865,0.9760764797000752,0.0035356697316334886
0.032458925247192384,0.0014650092102893167,0.04598278999328613,0.0018961563413261238,entropy,,4,10,"{'classifier__criterion': 'entropy', 'classifier__max_depth': None, 'classifier__min_samples_leaf': 4, 'classifier__min_samples_split': 10}",0.8367346938775511,0.6938775510204082,0.6041666666666666,0.7708333333333334,0.7291666666666666,0.7269557823129251,0.07765677462284871,105,0.917098445595855,0.8911917098445595,0.8969072164948454,0.8814432989690721,0.9072164948453608,0.8987714331499387,0.012396694684839235,0.8260869565217391,0.6666666666666666,0.56,0.7619047619047619,0.6956521739130435,0.7020621118012422,0.08993205582970912,143,0.8829787234042553,0.8863636363636364,0.8876404494382022,0.9125,0.927710843373494,0.8994387305159176,0.017612486954221573,0.8260869565217391,0.6363636363636364,0.6363636363636364,0.7272727272727273,0.7272727272727273,0.7106719367588934,0.07059071651922791,56,0.9431818181818182,0.8764044943820225,0.8876404494382022,0.8202247191011236,0.8651685393258427,0.8785240040858019,0.03961163942480032,0.8260869565217391,0.6511627906976745,0.5957446808510638,0.7441860465116279,0.7111111111111111,0.7056583171386432,0.07882632291366191,85,0.9120879120879121,0.8813559322033898,0.8876404494382022,0.863905325443787,0.8953488372093024,0.8880676912765187,0.015868435726318367,0.8846153846153846,0.755050505050505,0.7325174825174825,0.8190559440559441,0.8085664335664335,0.7999611499611499,0.053236483386651705,95,0.9789502164502164,0.9685609334485739,0.9703584804708401,0.9649010165864098,0.9728196896736223,0.9711180673259324,0.004690537373780165
0.03421144485473633,0.0013016902758657134,0.055013275146484374,0.010190744233672224,entropy,,8,2,"{'classifier__criterion': 'entropy', 'classifier__max_depth': None, 'classifier__min_samples_leaf': 8, 'classifier__min_samples_split': 2}",0.8163265306122449,0.7346938775510204,0.8125,0.7708333333333334,0.8541666666666666,0.797704081632653,0.041100027366483084,1,0.8497409326424871,0.8704663212435233,0.8556701030927835,0.8608247422680413,0.8505154639175257,0.8574435126328721,0.00763542843411903,0.75,0.7647058823529411,0.8095238095238095,0.72,0.8947368421052632,0.7877933067964027,0.06077241174344502,28,0.8314606741573034,0.9102564102564102,0.8426966292134831,0.8604651162790697,0.875,0.8639757659812533,0.027516501556180843,0.9130434782608695,0.5909090909090909,0.7727272727272727,0.8181818181818182,0.7727272727272727,0.7735177865612648,0.10469907345997544,1,0.8409090909090909,0.797752808988764,0.8426966292134831,0.8314606741573034,0.7865168539325843,0.819867211440245,0.0232363703141999,0.8235294117647058,0.6666666666666666,0.7906976744186046,0.7659574468085106,0.8292682926829268,0.775223898468283,0.05893080112439033,1,0.8361581920903954,0.8502994011976048,0.8426966292134831,0.8457142857142858,0.8284023668639053,0.8406541750159349,0.0076567276689862565,0.8954849498327759,0.8106060606060607,0.8094405594405595,0.8758741258741258,0.9029720279720279,0.85887554474511,0.04085941997964599,10,0.9452380952380953,0.9469533275713051,0.9425361155698233,0.9427501337613697,0.9365971107544141,0.9428149565790015,0.0035140084358339075
0.031184291839599608,0.0013979525700317087,0.04583001136779785,0.0026134235642602615,entropy,,8,5,"{'classifier__criterion': 'entropy', 'classifier__max_depth': None, 'classifier__min_samples_leaf': 8, 'classifier__min_samples_split': 5}",0.8163265306122449,0.7346938775510204,0.8125,0.7708333333333334,0.8541666666666666,0.797704081632653,0.041100027366483084,1,0.8497409326424871,0.8704663212435233,0.8556701030927835,0.8608247422680413,0.8505154639175257,0.8574435126328721,0.00763542843411903,0.75,0.7647058823529411,0.8095238095238095,0.72,0.8947368421052632,0.7877933067964027,0.06077241174344502,28,0.8314606741573034,0.9102564102564102,0.8426966292134831,0.8604651162790697,0.875,0.8639757659812533,0.027516501556180843,0.9130434782608695,0.5909090909090909,0.7727272727272727,0.8181818181818182,0.7727272727272727,0.7735177865612648,0.10469907345997544,1,0.8409090909090909,0.797752808988764,0.8426966292134831,0.8314606741573034,0.7865168539325843,0.819867211440245,0.0232363703141999,0.8235294117647058,0.6666666666666666,0.7906976744186046,0.7659574468085106,0.8292682926829268,0.775223898468283,0.05893080112439033,1,0.8361581920903954,0.8502994011976048,0.8426966292134831,0.8457142857142858,0.8284023668639053,0.8406541750159349,0.0076567276689862565,0.8954849498327759,0.8106060606060607,0.8094405594405595,0.8758741258741258,0.9029720279720279,0.85887554474511,0.04085941997964599,10,0.9452380952380953,0.9469533275713051,0.9425361155698233,0.9427501337613697,0.9365971107544141,0.9428149565790015,0.0035140084358339075
0.030521631240844727,0.0006390491824384451,0.04535188674926758,0.002344769790756475,entropy,,8,10,"{'classifier__criterion': 'entropy', 'classifier__max_depth': None, 'classifier__min_samples_leaf': 8, 'classifier__min_samples_split': 10}",0.8163265306122449,0.7346938775510204,0.8125,0.7708333333333334,0.8541666666666666,0.797704081632653,0.041100027366483084,1,0.8497409326424871,0.8704663212435233,0.8556701030927835,0.8608247422680413,0.8505154639175257,0.8574435126328721,0.00763542843411903,0.75,0.7647058823529411,0.8095238095238095,0.72,0.8947368421052632,0.7877933067964027,0.06077241174344502,28,0.8314606741573034,0.9102564102564102,0.8426966292134831,0.8604651162790697,0.875,0.8639757659812533,0.027516501556180843,0.9130434782608695,0.5909090909090909,0.7727272727272727,0.8181818181818182,0.7727272727272727,0.7735177865612648,0.10469907345997544,1,0.8409090909090909,0.797752808988764,0.8426966292134831,0.8314606741573034,0.7865168539325843,0.819867211440245,0.0232363703141999,0.8235294117647058,0.6666666666666666,0.7906976744186046,0.7659574468085106,0.8292682926829268,0.775223898468283,0.05893080112439033,1,0.8361581920903954,0.8502994011976048,0.8426966292134831,0.8457142857142858,0.8284023668639053,0.8406541750159349,0.0076567276689862565,0.8954849498327759,0.8106060606060607,0.8094405594405595,0.8758741258741258,0.9029720279720279,0.85887554474511,0.04085941997964599,10,0.9452380952380953,0.9469533275713051,0.9425361155698233,0.9427501337613697,0.9365971107544141,0.9428149565790015,0.0035140084358339075
