mean_fit_time,std_fit_time,mean_score_time,std_score_time,param_classifier__max_depth,param_classifier__max_features,param_classifier__min_samples_leaf,param_classifier__min_samples_split,param_classifier__n_estimators,params,split0_test_accuracy,split1_test_accuracy,split2_test_accuracy,split3_test_accuracy,split4_test_accuracy,mean_test_accuracy,std_test_accuracy,rank_test_accuracy,split0_train_accuracy,split1_train_accuracy,split2_train_accuracy,split3_train_accuracy,split4_train_accuracy,mean_train_accuracy,std_train_accuracy,split0_test_precision,split1_test_precision,split2_test_precision,split3_test_precision,split4_test_precision,mean_test_precision,std_test_precision,rank_test_precision,split0_train_precision,split1_train_precision,split2_train_precision,split3_train_precision,split4_train_precision,mean_train_precision,std_train_precision,split0_test_recall,split1_test_recall,split2_test_recall,split3_test_recall,split4_test_recall,mean_test_recall,std_test_recall,rank_test_recall,split0_train_recall,split1_train_recall,split2_train_recall,split3_train_recall,split4_train_recall,mean_train_recall,std_train_recall,split0_test_f1,split1_test_f1,split2_test_f1,split3_test_f1,split4_test_f1,mean_test_f1,std_test_f1,rank_test_f1,split0_train_f1,split1_train_f1,split2_train_f1,split3_train_f1,split4_train_f1,mean_train_f1,std_train_f1,split0_test_roc_auc,split1_test_roc_auc,split2_test_roc_auc,split3_test_roc_auc,split4_test_roc_auc,mean_test_roc_auc,std_test_roc_auc,rank_test_roc_auc,split0_train_roc_auc,split1_train_roc_auc,split2_train_roc_auc,split3_train_roc_auc,split4_train_roc_auc,mean_train_roc_auc,std_train_roc_auc
0.6537867069244385,0.035247369525735185,0.18798470497131348,0.023482322360268315,,sqrt,1,2,100,"{'classifier__max_depth': None, 'classifier__max_features': 'sqrt', 'classifier__min_samples_leaf': 1, 'classifier__min_samples_split': 2, 'classifier__n_estimators': 100}",0.8571428571428571,0.7959183673469388,0.8333333333333334,0.8333333333333334,0.7708333333333334,0.8181122448979592,0.030707052733897906,20,1.0,1.0,1.0,1.0,1.0,1.0,0.0,0.8076923076923077,0.875,0.85,0.7916666666666666,0.7619047619047619,0.8172527472527472,0.04053782620904721,50,1.0,1.0,1.0,1.0,1.0,1.0,0.0,0.9130434782608695,0.6363636363636364,0.7727272727272727,0.8636363636363636,0.7272727272727273,0.7826086956521738,0.09810814927920464,45,1.0,1.0,1.0,1.0,1.0,1.0,0.0,0.8571428571428571,0.7368421052631579,0.8095238095238095,0.8260869565217391,0.7441860465116279,0.7947563549926383,0.04691092916930539,37,1.0,1.0,1.0,1.0,1.0,1.0,0.0,0.9464882943143812,0.8585858585858586,0.8968531468531469,0.9055944055944056,0.8784965034965035,0.8972036417688593,0.029464537807694004,144,1.0,0.9999999999999999,1.0,1.0,1.0,1.0,4.965068306494546e-17
0.767123794555664,0.20309111032634955,0.16806502342224122,0.012280152389779293,,sqrt,1,2,200,"{'classifier__max_depth': None, 'classifier__max_features': 'sqrt', 'classifier__min_samples_leaf': 1, 'classifier__min_samples_split': 2, 'classifier__n_estimators': 200}",0.8571428571428571,0.7959183673469388,0.7916666666666666,0.8333333333333334,0.7916666666666666,0.8139455782312925,0.026681716910791246,50,1.0,1.0,1.0,1.0,1.0,1.0,0.0,0.8333333333333334,0.8333333333333334,0.8333333333333334,0.7916666666666666,0.7727272727272727,0.8128787878787879,0.025757575757575788,84,1.0,1.0,1.0,1.0,1.0,1.0,0.0,0.8695652173913043,0.6818181818181818,0.6818181818181818,0.8636363636363636,0.7727272727272727,0.773913043478261,0.08266068678052056,64,1.0,1.0,1.0,1.0,1.0,1.0,0.0,0.851063829787234,0.75,0.75,0.8260869565217391,0.7727272727272727,0.7899756118072492,0.04130230955480449,90,1.0,1.0,1.0,1.0,1.0,1.0,0.0,0.9464882943143812,0.8535353535353535,0.881118881118881,0.9117132867132867,0.8706293706293706,0.8926970372622547,0.03289313047144679,205,1.0,1.0,1.0,1.0,0.9999999999999999,1.0,4.965068306494546e-17
0.9589223861694336,0.027860313391266763,0.2083813190460205,0.007934296363677193,,sqrt,1,2,300,"{'classifier__max_depth': None, 'classifier__max_features': 'sqrt', 'classifier__min_samples_leaf': 1, 'classifier__min_samples_split': 2, 'classifier__n_estimators': 300}",0.8571428571428571,0.7959183673469388,0.8125,0.8125,0.7916666666666666,0.8139455782312925,0.023201355697383113,50,1.0,1.0,1.0,1.0,1.0,1.0,0.0,0.8076923076923077,0.8333333333333334,0.8095238095238095,0.76,0.7727272727272727,0.7966553446553446,0.0266415229017035,199,1.0,1.0,1.0,1.0,1.0,1.0,0.0,0.9130434782608695,0.6818181818181818,0.7727272727272727,0.8636363636363636,0.7727272727272727,0.8007905138339921,0.080349033159226,1,1.0,1.0,1.0,1.0,1.0,1.0,0.0,0.8571428571428571,0.75,0.7906976744186046,0.8085106382978723,0.7727272727272727,0.7958156885173213,0.03627817439695842,30,1.0,1.0,1.0,1.0,1.0,1.0,0.0,0.9498327759197325,0.8493265993265994,0.8846153846153846,0.9047202797202798,0.8793706293706294,0.893573133790525,0.0332539152853765,194,1.0,0.9999999999999999,0.9999999999999999,1.0,1.0,1.0,7.021666937153402e-17
0.3363361358642578,0.020758896145694664,0.12166118621826172,0.011886865181615807,,sqrt,1,5,100,"{'classifier__max_depth': None, 'classifier__max_features': 'sqrt', 'classifier__min_samples_leaf': 1, 'classifier__min_samples_split': 5, 'classifier__n_estimators': 100}",0.8367346938775511,0.7959183673469388,0.8333333333333334,0.8125,0.7916666666666666,0.8140306122448979,0.01853975520396145,44,0.9792746113989638,0.9844559585492227,0.9845360824742269,0.9845360824742269,0.9690721649484536,0.9803749799690188,0.006004138117479645,0.7777777777777778,0.8333333333333334,0.85,0.76,0.7727272727272727,0.7987676767676767,0.03589191224148661,183,0.9883720930232558,0.9886363636363636,1.0,1.0,0.9770114942528736,0.9908039901824987,0.008602079582665215,0.9130434782608695,0.6818181818181818,0.7727272727272727,0.8636363636363636,0.7727272727272727,0.8007905138339921,0.080349033159226,1,0.9659090909090909,0.9775280898876404,0.9662921348314607,0.9662921348314607,0.9550561797752809,0.9662155260469868,0.007107893501821111,0.84,0.75,0.8095238095238095,0.8085106382978723,0.7727272727272727,0.7961523441097909,0.031409913357818335,28,0.9770114942528736,0.9830508474576272,0.9828571428571429,0.9828571428571429,0.9659090909090909,0.9783371436667755,0.006622592098356988,0.9414715719063546,0.8720538720538721,0.8933566433566433,0.8968531468531469,0.8881118881118881,0.8983694244563811,0.023164401727784827,92,0.9991341991341991,0.9984874675885912,0.9995719636169074,0.9994649545211343,0.9978598180845372,0.998903680589074,0.0006446164164673326
0.6294102191925048,0.01020221634853768,0.17212252616882323,0.009140562651939903,,sqrt,1,5,200,"{'classifier__max_depth': None, 'classifier__max_features': 'sqrt', 'classifier__min_samples_leaf': 1, 'classifier__min_samples_split': 5, 'classifier__n_estimators': 200}",0.8571428571428571,0.7755102040816326,0.7916666666666666,0.8125,0.7708333333333334,0.801530612244898,0.0313997810382174,182,0.9844559585492227,0.9896373056994818,0.9896907216494846,0.979381443298969,0.9845360824742269,0.985540302334277,0.003850382335686867,0.8076923076923077,0.8235294117647058,0.8333333333333334,0.76,0.7619047619047619,0.7972919629390217,0.030784722732719396,196,0.9885057471264368,0.9887640449438202,0.9887640449438202,1.0,0.9886363636363636,0.9909340401300881,0.004533989650652073,0.9130434782608695,0.6363636363636364,0.6818181818181818,0.8636363636363636,0.7272727272727273,0.7644268774703556,0.10633366106070968,169,0.9772727272727273,0.9887640449438202,0.9887640449438202,0.9550561797752809,0.9775280898876404,0.9774770173646576,0.012308795913484195,0.8571428571428571,0.717948717948718,0.75,0.8085106382978723,0.7441860465116279,0.775557651980215,0.05039485190641195,200,0.9828571428571429,0.9887640449438202,0.9887640449438202,0.9770114942528736,0.9830508474576272,0.9840895148910567,0.0043908634560907095,0.9448160535117057,0.8653198653198654,0.8776223776223777,0.8986013986013986,0.8811188811188811,0.8934957152348458,0.027780829763042827,196,0.9994588744588744,0.9992437337942955,0.9996789727126806,0.9990369181380417,0.9992509363295881,0.999333887086696,0.00021813066412839166
1.3641141414642335,0.2291570163649861,0.3069242000579834,0.08832634343544359,,sqrt,1,5,300,"{'classifier__max_depth': None, 'classifier__max_features': 'sqrt', 'classifier__min_samples_leaf': 1, 'classifier__min_samples_split': 5, 'classifier__n_estimators': 300}",0.8571428571428571,0.8163265306122449,0.7916666666666666,0.8125,0.7916666666666666,0.8138605442176872,0.023943379807863985,60,0.9844559585492227,0.9896373056994818,0.9845360824742269,0.979381443298969,0.9845360824742269,0.9845093744992255,0.0032433204184815928,0.8076923076923077,0.8823529411764706,0.8333333333333334,0.76,0.8,0.8166757164404223,0.04040270296688728,53,0.9885057471264368,0.9887640449438202,0.9886363636363636,0.9885057471264368,0.9886363636363636,0.9886096532938842,9.680562961720175e-05,0.9130434782608695,0.6818181818181818,0.6818181818181818,0.8636363636363636,0.7272727272727273,0.7735177865612648,0.09648317688278028,83,0.9772727272727273,0.9887640449438202,0.9775280898876404,0.9662921348314607,0.9775280898876404,0.9774770173646579,0.007106976010949504,0.8571428571428571,0.7692307692307693,0.75,0.8085106382978723,0.7619047619047619,0.7893578053152521,0.03916490335953572,92,0.9828571428571429,0.9887640449438202,0.9830508474576272,0.9772727272727273,0.9830508474576272,0.9829991219977889,0.003634596050282923,0.9531772575250836,0.867003367003367,0.881118881118881,0.9055944055944055,0.8881118881118881,0.899001159870725,0.029801782924537366,69,0.9993506493506493,0.9992437337942955,0.9993579454253612,0.9990369181380416,0.9991439272338148,0.9992266347884324,0.00012308323853418005
0.338334846496582,0.012624589827039635,0.11645326614379883,0.0026781613330247676,,sqrt,1,10,100,"{'classifier__max_depth': None, 'classifier__max_features': 'sqrt', 'classifier__min_samples_leaf': 1, 'classifier__min_samples_split': 10, 'classifier__n_estimators': 100}",0.8571428571428571,0.8163265306122449,0.75,0.7916666666666666,0.8125,0.8055272108843538,0.034942254844029165,147,0.927461139896373,0.9430051813471503,0.9432989690721649,0.9278350515463918,0.9381443298969072,0.9359489343517975,0.007021554565007843,0.8076923076923077,0.8823529411764706,0.75,0.75,0.782608695652174,0.7945307889041905,0.04897769826138105,208,0.9625,0.9534883720930233,0.9642857142857143,0.9629629629629629,0.9529411764705882,0.9592356451624576,0.004953858950123436,0.9130434782608695,0.6818181818181818,0.6818181818181818,0.8181818181818182,0.8181818181818182,0.782608695652174,0.0892878289186563,33,0.875,0.9213483146067416,0.9101123595505618,0.8764044943820225,0.9101123595505618,0.8985955056179774,0.019142387682472832,0.8571428571428571,0.7692307692307693,0.7142857142857143,0.782608695652174,0.8,0.7846536072623029,0.04622529410768493,134,0.9166666666666666,0.9371428571428572,0.9364161849710982,0.9176470588235294,0.9310344827586207,0.9277814500725544,0.00893332084847258,0.9414715719063544,0.8636363636363635,0.8723776223776224,0.8916083916083917,0.8793706293706294,0.8896929157798723,0.027459101113627007,214,0.9852813852813853,0.990600691443388,0.9858747993579455,0.9843766720171214,0.9836276083467095,0.9859522312893099,0.002447466883119709
0.6603274345397949,0.018734386611646645,0.16552386283874512,0.01030683751583845,,sqrt,1,10,200,"{'classifier__max_depth': None, 'classifier__max_features': 'sqrt', 'classifier__min_samples_leaf': 1, 'classifier__min_samples_split': 10, 'classifier__n_estimators': 200}",0.8571428571428571,0.8163265306122449,0.7708333333333334,0.8125,0.7916666666666666,0.8096938775510205,0.02876940841692629,105,0.9378238341968912,0.9326424870466321,0.9432989690721649,0.9226804123711341,0.9484536082474226,0.936979862186849,0.008894687598599876,0.8076923076923077,0.8823529411764706,0.7894736842105263,0.76,0.7727272727272727,0.8024492411613154,0.0430483207191854,163,0.9523809523809523,0.9523809523809523,0.9642857142857143,0.9512195121951219,0.9759036144578314,0.9592341491401145,0.009607875950473401,0.9130434782608695,0.6818181818181818,0.6818181818181818,0.8636363636363636,0.7727272727272727,0.7826086956521738,0.09380171999488587,45,0.9090909090909091,0.898876404494382,0.9101123595505618,0.8764044943820225,0.9101123595505618,0.9009193054136875,0.01296880101990101,0.8571428571428571,0.7692307692307693,0.7317073170731707,0.8085106382978723,0.7727272727272727,0.7878637708943884,0.042321943619200414,104,0.9302325581395349,0.9248554913294798,0.9364161849710982,0.9122807017543859,0.9418604651162791,0.9291290802621555,0.010183704036109152,0.9498327759197325,0.867003367003367,0.8653846153846154,0.9003496503496503,0.8846153846153847,0.8934371586545501,0.030957268646712274,198,0.9864718614718615,0.9894122731201382,0.9865168539325841,0.984697699304441,0.9854467629748529,0.9865090901607754,0.001602472678789114
0.937884521484375,0.023696726228641645,0.21103239059448242,0.009092209423104307,,sqrt,1,10,300,"{'classifier__max_depth': None, 'classifier__max_features': 'sqrt', 'classifier__min_samples_leaf': 1, 'classifier__min_samples_split': 10, 'classifier__n_estimators': 300}",0.8571428571428571,0.8163265306122449,0.7916666666666666,0.7916666666666666,0.7708333333333334,0.8055272108843538,0.02955907561753001,147,0.9481865284974094,0.9326424870466321,0.9381443298969072,0.9278350515463918,0.9381443298969072,0.9369905453768496,0.006793248913382066,0.8076923076923077,0.8823529411764706,0.8333333333333334,0.7307692307692307,0.7619047619047619,0.8032105149752209,0.053188155017721374,154,0.9642857142857143,0.9523809523809523,0.963855421686747,0.9629629629629629,0.9529411764705882,0.9592852455573929,0.0054283198047990104,0.9130434782608695,0.6818181818181818,0.6818181818181818,0.8636363636363636,0.7272727272727273,0.7735177865612648,0.09648317688278028,83,0.9204545454545454,0.898876404494382,0.898876404494382,0.8764044943820225,0.9101123595505618,0.9009448416751787,0.014665997651470067,0.8571428571428571,0.7692307692307693,0.75,0.7916666666666666,0.7441860465116279,0.7824452679103842,0.0408799472586128,161,0.9418604651162791,0.9248554913294798,0.9302325581395349,0.9176470588235294,0.9310344827586207,0.9291260112334887,0.007962872772951763,0.9498327759197325,0.8686868686868687,0.8706293706293706,0.9003496503496504,0.8863636363636364,0.8951724603898518,0.02965130214098176,172,0.987012987012987,0.9898444252376837,0.9860888175494917,0.9860888175494916,0.9846976993044408,0.986746549330819,0.001716440083180156
0.43860569000244143,0.10474753425808779,0.17299585342407225,0.06415117853480648,,sqrt,2,2,100,"{'classifier__max_depth': None, 'classifier__max_features': 'sqrt', 'classifier__min_samples_leaf': 2, 'classifier__min_samples_split': 2, 'classifier__n_estimators': 100}",0.8367346938775511,0.8163265306122449,0.75,0.8125,0.8333333333333334,0.8097789115646258,0.03132161838180526,103,0.9585492227979274,0.9792746113989638,0.9690721649484536,0.9587628865979382,0.9587628865979382,0.9648843544682443,0.00824252245620117,0.7777777777777778,0.8421052631578947,0.75,0.76,0.8181818181818182,0.7896129718234981,0.03509360935209962,215,0.9761904761904762,0.9775280898876404,0.9882352941176471,0.9879518072289156,0.9655172413793104,0.9790845817607978,0.008452626374929186,0.9130434782608695,0.7272727272727273,0.6818181818181818,0.8636363636363636,0.8181818181818182,0.800790513833992,0.0853370576632106,6,0.9318181818181818,0.9775280898876404,0.9438202247191011,0.9213483146067416,0.9438202247191011,0.9436670071501532,0.018895177024821578,0.84,0.7804878048780488,0.7142857142857143,0.8085106382978723,0.8181818181818182,0.7922931951286908,0.04343662004345877,62,0.9534883720930233,0.9775280898876404,0.9655172413793104,0.9534883720930233,0.9545454545454546,0.9609135059996904,0.009466320125613359,0.9548494983277591,0.8821548821548821,0.8723776223776224,0.8951048951048951,0.9003496503496503,0.9009673096629618,0.028668161122077623,24,0.9955627705627706,0.9987035436473639,0.9981808453718566,0.9966827180310327,0.9956126270733012,0.9969485009372651,0.0012941635077688776
1.0090471267700196,0.1755353753223353,0.2562495231628418,0.06220874018206839,,sqrt,2,2,200,"{'classifier__max_depth': None, 'classifier__max_features': 'sqrt', 'classifier__min_samples_leaf': 2, 'classifier__min_samples_split': 2, 'classifier__n_estimators': 200}",0.8571428571428571,0.8163265306122449,0.7708333333333334,0.8333333333333334,0.7916666666666666,0.8138605442176872,0.030339869130334932,60,0.9689119170984456,0.9689119170984456,0.9742268041237113,0.9690721649484536,0.9742268041237113,0.9710699214785535,0.0025782479722976158,0.8076923076923077,0.8823529411764706,0.7894736842105263,0.7916666666666666,0.7727272727272727,0.8087825744946487,0.038417599783731445,112,0.9767441860465116,0.9770114942528736,0.9883720930232558,0.9882352941176471,0.9772727272727273,0.9815271589426031,0.005535710365320814,0.9130434782608695,0.6818181818181818,0.6818181818181818,0.8636363636363636,0.7727272727272727,0.7826086956521738,0.09380171999488587,45,0.9545454545454546,0.9550561797752809,0.9550561797752809,0.9438202247191011,0.9662921348314607,0.9549540347293156,0.007109177790114548,0.8571428571428571,0.7692307692307693,0.7317073170731707,0.8260869565217391,0.7727272727272727,0.7913790345391618,0.04456157078021023,68,0.9655172413793104,0.9659090909090909,0.9714285714285714,0.9655172413793104,0.9717514124293786,0.9680247115051325,0.002916341047523286,0.9531772575250836,0.8771043771043772,0.8653846153846154,0.8933566433566433,0.8846153846153847,0.8947276555972209,0.03063360121910066,183,0.9971861471861472,0.9977312013828867,0.9982878544676298,0.9963616907437132,0.997645799892991,0.9974425387346736,0.0006439206344039904
0.939241886138916,0.011147475510808172,0.20569281578063964,0.0039058580256610604,,sqrt,2,2,300,"{'classifier__max_depth': None, 'classifier__max_features': 'sqrt', 'classifier__min_samples_leaf': 2, 'classifier__min_samples_split': 2, 'classifier__n_estimators': 300}",0.8571428571428571,0.8367346938775511,0.7708333333333334,0.8125,0.7916666666666666,0.8137755102040817,0.030797108106773476,72,0.9740932642487047,0.9740932642487047,0.9690721649484536,0.9742268041237113,0.9690721649484536,0.9721115325036056,0.0024821122342276467,0.8076923076923077,0.8888888888888888,0.7894736842105263,0.76,0.7727272727272727,0.8037564307037991,0.045485068504652,149,0.9770114942528736,0.9883720930232558,0.9882352941176471,0.9883720930232558,0.9882352941176471,0.9860452537069359,0.004517294019275265,0.9130434782608695,0.7272727272727273,0.6818181818181818,0.8636363636363636,0.7727272727272727,0.791699604743083,0.08542122914951522,10,0.9659090909090909,0.9550561797752809,0.9438202247191011,0.9550561797752809,0.9438202247191011,0.9527323799795709,0.008285877439048392,0.8571428571428571,0.8,0.7317073170731707,0.8085106382978723,0.7727272727272727,0.7940176170482346,0.04139199138001292,45,0.9714285714285714,0.9714285714285714,0.9655172413793104,0.9714285714285714,0.9655172413793104,0.969064039408867,0.0028959484643741756,0.9565217391304348,0.8787878787878789,0.868881118881119,0.8968531468531469,0.8811188811188811,0.896432552954292,0.03135541990007102,157,0.996969696969697,0.9977312013828868,0.9976457998929908,0.9966827180310327,0.9971107544141252,0.9972280341381465,0.00040138953276014724
0.33602070808410645,0.014701434200981025,0.11661877632141113,0.0012278605025854217,,sqrt,2,5,100,"{'classifier__max_depth': None, 'classifier__max_features': 'sqrt', 'classifier__min_samples_leaf': 2, 'classifier__min_samples_split': 5, 'classifier__n_estimators': 100}",0.8571428571428571,0.8367346938775511,0.7916666666666666,0.8125,0.8125,0.8221088435374149,0.022595059142924725,10,0.9481865284974094,0.9689119170984456,0.9639175257731959,0.9432989690721649,0.9536082474226805,0.9555846375727792,0.009556455323385895,0.8076923076923077,0.8888888888888888,0.8333333333333334,0.76,0.8095238095238095,0.8198876678876678,0.04191568573801554,32,0.975609756097561,0.9662921348314607,0.9880952380952381,0.975609756097561,0.9651162790697675,0.9741446328383176,0.008271462459344842,0.9130434782608695,0.7272727272727273,0.6818181818181818,0.8636363636363636,0.7727272727272727,0.791699604743083,0.08542122914951522,10,0.9090909090909091,0.9662921348314607,0.9325842696629213,0.898876404494382,0.9325842696629213,0.927885597548519,0.023298028848870975,0.8571428571428571,0.8,0.75,0.8085106382978723,0.7906976744186046,0.8012702339718668,0.03439826413117977,7,0.9411764705882353,0.9662921348314607,0.9595375722543352,0.935672514619883,0.9485714285714286,0.9502500241730685,0.011324828531698318,0.9414715719063544,0.893939393939394,0.8706293706293706,0.9020979020979021,0.8951048951048951,0.9006486267355832,0.02300224229838714,26,0.9946969696969697,0.9964347450302506,0.9966827180310326,0.9952915997859818,0.9936864633493847,0.9953584991787239,0.0011090231106980098
0.64790358543396,0.0264235183378451,0.1695997714996338,0.013139269976215777,,sqrt,2,5,200,"{'classifier__max_depth': None, 'classifier__max_features': 'sqrt', 'classifier__min_samples_leaf': 2, 'classifier__min_samples_split': 5, 'classifier__n_estimators': 200}",0.8571428571428571,0.8367346938775511,0.7708333333333334,0.8125,0.8125,0.8179421768707483,0.028873273963528026,31,0.9585492227979274,0.9689119170984456,0.9639175257731959,0.9536082474226805,0.9587628865979382,0.9607499599380376,0.005223921517006172,0.8076923076923077,0.8888888888888888,0.7894736842105263,0.76,0.8095238095238095,0.8111157380631064,0.04276473845130335,99,0.9761904761904762,0.9662921348314607,0.9880952380952381,0.9761904761904762,0.9764705882352941,0.9766477827085891,0.0069098962968886495,0.9130434782608695,0.7272727272727273,0.6818181818181818,0.8636363636363636,0.7727272727272727,0.791699604743083,0.08542122914951522,10,0.9318181818181818,0.9662921348314607,0.9325842696629213,0.9213483146067416,0.9325842696629213,0.9369254341164452,0.015289376748370592,0.8571428571428571,0.8,0.7317073170731707,0.8085106382978723,0.7906976744186046,0.7976116973865011,0.04014882549311916,25,0.9534883720930233,0.9662921348314607,0.9595375722543352,0.9479768786127167,0.9540229885057471,0.9562635892594565,0.006207775549127066,0.9548494983277591,0.8855218855218856,0.8653846153846154,0.8986013986013986,0.8951048951048951,0.8998924585881107,0.029806604737034822,38,0.9958874458874459,0.9958945548833189,0.9968967362225789,0.9952915997859818,0.9960406634563939,0.9960022000471438,0.0005160199865585728
1.1469880104064942,0.31944104914920307,0.26727957725524903,0.07977635970061937,,sqrt,2,5,300,"{'classifier__max_depth': None, 'classifier__max_features': 'sqrt', 'classifier__min_samples_leaf': 2, 'classifier__min_samples_split': 5, 'classifier__n_estimators': 300}",0.8571428571428571,0.8367346938775511,0.7916666666666666,0.8125,0.8125,0.8221088435374149,0.022595059142924725,10,0.9585492227979274,0.9689119170984456,0.9536082474226805,0.9690721649484536,0.9484536082474226,0.959719032102986,0.008217178912856475,0.8076923076923077,0.8888888888888888,0.8333333333333334,0.76,0.8095238095238095,0.8198876678876678,0.04191568573801554,32,0.9651162790697675,0.9662921348314607,0.9651162790697675,0.9882352941176471,0.9759036144578314,0.9721327203092948,0.009012057034798064,0.9130434782608695,0.7272727272727273,0.6818181818181818,0.8636363636363636,0.7727272727272727,0.791699604743083,0.08542122914951522,10,0.9431818181818182,0.9662921348314607,0.9325842696629213,0.9438202247191011,0.9101123595505618,0.9391981613891727,0.018226594965162227,0.8571428571428571,0.8,0.75,0.8085106382978723,0.7906976744186046,0.8012702339718668,0.03439826413117977,7,0.9540229885057471,0.9662921348314607,0.9485714285714286,0.9655172413793104,0.9418604651162791,0.9552528516808453,0.009515602602596443,0.9515050167224081,0.8754208754208754,0.8653846153846154,0.9003496503496503,0.8951048951048951,0.897553010596489,0.029830422344711362,127,0.9958874458874459,0.9964347450302506,0.9963616907437133,0.9958266452648475,0.9955056179775281,0.996003228980757,0.000348397812974722
0.5164639949798584,0.12818983925739996,0.15899081230163575,0.041181071211375465,,sqrt,2,10,100,"{'classifier__max_depth': None, 'classifier__max_features': 'sqrt', 'classifier__min_samples_leaf': 2, 'classifier__min_samples_split': 10, 'classifier__n_estimators': 100}",0.8571428571428571,0.8367346938775511,0.7916666666666666,0.7916666666666666,0.7708333333333334,0.8096088435374149,0.03207078988558619,112,0.917098445595855,0.927461139896373,0.9381443298969072,0.9123711340206185,0.9175257731958762,0.9225201645211258,0.009228971581526958,0.8076923076923077,0.8888888888888888,0.8333333333333334,0.75,0.7391304347826086,0.8038089929394276,0.05514359275625172,144,0.95,0.9518072289156626,0.963855421686747,0.9615384615384616,0.9506172839506173,0.9555636792182977,0.005898869186561858,0.9130434782608695,0.7272727272727273,0.6818181818181818,0.8181818181818182,0.7727272727272727,0.7826086956521738,0.0794948037988884,45,0.8636363636363636,0.8876404494382022,0.898876404494382,0.8426966292134831,0.8651685393258427,0.8716036772216548,0.019705259328764036,0.8571428571428571,0.8,0.75,0.782608695652174,0.7555555555555555,0.7890614216701173,0.03858706973054084,97,0.9047619047619048,0.9186046511627907,0.9302325581395349,0.8982035928143712,0.9058823529411765,0.9115370119639558,0.01144667884698272,0.9481605351170568,0.8821548821548821,0.8618881118881119,0.8916083916083917,0.8968531468531469,0.8961330135243178,0.0286215137378543,161,0.9779220779220779,0.9846585998271392,0.980952380952381,0.9783841626538256,0.9803103263777422,0.9804455095466332,0.002393415174979226
0.63934326171875,0.01101397666716988,0.1589890956878662,0.002055962560594925,,sqrt,2,10,200,"{'classifier__max_depth': None, 'classifier__max_features': 'sqrt', 'classifier__min_samples_leaf': 2, 'classifier__min_samples_split': 10, 'classifier__n_estimators': 200}",0.8775510204081632,0.8163265306122449,0.7916666666666666,0.7708333333333334,0.7916666666666666,0.8096088435374149,0.03690162687709215,112,0.9119170984455959,0.9222797927461139,0.9381443298969072,0.9072164948453608,0.9175257731958762,0.9194166978259707,0.01065444559887579,0.84,0.8823529411764706,0.8333333333333334,0.72,0.75,0.8051372549019608,0.06043370101505903,139,0.9382716049382716,0.9404761904761905,0.963855421686747,0.9493670886075949,0.9397590361445783,0.9463458683706765,0.009578574386451618,0.9130434782608695,0.6818181818181818,0.6818181818181818,0.8181818181818182,0.8181818181818182,0.782608695652174,0.0892878289186563,33,0.8636363636363636,0.8876404494382022,0.898876404494382,0.8426966292134831,0.8764044943820225,0.8738508682328907,0.019482678124598155,0.875,0.7692307692307693,0.75,0.7659574468085106,0.782608695652174,0.7885593823382907,0.044449206504587245,101,0.8994082840236687,0.9132947976878613,0.9302325581395349,0.8928571428571429,0.9069767441860465,0.9085539053788508,0.0128449073680373,0.9498327759197325,0.8973063973063974,0.8583916083916083,0.8968531468531469,0.8881118881118881,0.8980991633165546,0.02951265251406928,118,0.9800865800865801,0.9837942955920483,0.9818084537185661,0.979454253611557,0.9815944355270199,0.9813476037071543,0.0015122542786229407
0.9306196212768555,0.028581846805792583,0.21591463088989257,0.012558714874412805,,sqrt,2,10,300,"{'classifier__max_depth': None, 'classifier__max_features': 'sqrt', 'classifier__min_samples_leaf': 2, 'classifier__min_samples_split': 10, 'classifier__n_estimators': 300}",0.8775510204081632,0.8163265306122449,0.7916666666666666,0.7708333333333334,0.7916666666666666,0.8096088435374149,0.03690162687709215,112,0.9222797927461139,0.9222797927461139,0.9381443298969072,0.9175257731958762,0.9175257731958762,0.9235510923561774,0.007600051700932637,0.84,0.8823529411764706,0.8333333333333334,0.72,0.7727272727272727,0.8096827094474153,0.056865007470681954,106,0.9397590361445783,0.9404761904761905,0.963855421686747,0.9506172839506173,0.9397590361445783,0.9468933936805423,0.009429277434615085,0.9130434782608695,0.6818181818181818,0.6818181818181818,0.8181818181818182,0.7727272727272727,0.7735177865612648,0.08749920490730415,83,0.8863636363636364,0.8876404494382022,0.898876404494382,0.8651685393258427,0.8764044943820225,0.8828907048008172,0.01136934472317987,0.875,0.7692307692307693,0.75,0.7659574468085106,0.7727272727272727,0.7865830977533104,0.04488736194817427,121,0.9122807017543859,0.9132947976878613,0.9302325581395349,0.9058823529411765,0.9069767441860465,0.913733430941801,0.008738606996515066,0.9481605351170568,0.888888888888889,0.8671328671328671,0.8986013986013985,0.8933566433566433,0.8992280666193709,0.026706752791879576,53,0.9803030303030303,0.9842264477095937,0.9806313536650615,0.9804173354735152,0.9805243445692885,0.9812205023440977,0.0015069353882582836
0.32155909538269045,0.0031457512074018795,0.1165034294128418,0.00709701352665758,,sqrt,4,2,100,"{'classifier__max_depth': None, 'classifier__max_features': 'sqrt', 'classifier__min_samples_leaf': 4, 'classifier__min_samples_split': 2, 'classifier__n_estimators': 100}",0.8571428571428571,0.8367346938775511,0.7708333333333334,0.7916666666666666,0.7916666666666666,0.8096088435374149,0.03207078988558619,112,0.8963730569948186,0.9119170984455959,0.9175257731958762,0.8969072164948454,0.9226804123711341,0.9090807115004541,0.010714424719976417,0.8076923076923077,0.8888888888888888,0.7894736842105263,0.75,0.8,0.8072109761583446,0.04541193368235494,125,0.925,0.9390243902439024,0.9397590361445783,0.9156626506024096,0.9512195121951219,0.9341331178372023,0.012426523053629561,0.9130434782608695,0.7272727272727273,0.6818181818181818,0.8181818181818182,0.7272727272727273,0.7735177865612648,0.0826417847001059,83,0.8409090909090909,0.8651685393258427,0.8764044943820225,0.8539325842696629,0.8764044943820225,0.8625638406537283,0.01366263971343711,0.8571428571428571,0.8,0.7317073170731707,0.782608695652174,0.7619047619047619,0.7866727263545927,0.04194000520302108,115,0.8809523809523809,0.9005847953216374,0.9069767441860465,0.8837209302325582,0.9122807017543859,0.8969031104894019,0.01248758472450227,0.9548494983277591,0.8888888888888888,0.8601398601398601,0.8933566433566433,0.8933566433566433,0.898118306813959,0.030955838012723603,105,0.9715367965367965,0.9775280898876404,0.9771000535045478,0.9748528624933118,0.9723916532905298,0.9746818911425652,0.002413064325967466
0.6518062114715576,0.04533300485201505,0.17997822761535645,0.052189249949665874,,sqrt,4,2,200,"{'classifier__max_depth': None, 'classifier__max_features': 'sqrt', 'classifier__min_samples_leaf': 4, 'classifier__min_samples_split': 2, 'classifier__n_estimators': 200}",0.8367346938775511,0.8367346938775511,0.75,0.7916666666666666,0.7708333333333334,0.7971938775510204,0.03487016702412057,209,0.9067357512953368,0.9067357512953368,0.9226804123711341,0.8969072164948454,0.9175257731958762,0.9101169809305059,0.00905641558821048,0.8,0.8888888888888888,0.75,0.75,0.7894736842105263,0.7956725146198831,0.050829916866792765,202,0.9375,0.927710843373494,0.9404761904761905,0.9259259259259259,0.9506172839506173,0.9364460487452456,0.00900170605924362,0.8695652173913043,0.7272727272727273,0.6818181818181818,0.8181818181818182,0.6818181818181818,0.7557312252964427,0.07562329853979173,205,0.8522727272727273,0.8651685393258427,0.8876404494382022,0.8426966292134831,0.8651685393258427,0.8625893769152195,0.015119623427872503,0.8333333333333334,0.8,0.7142857142857143,0.782608695652174,0.7317073170731707,0.7723870120688785,0.04384521041679046,206,0.8928571428571429,0.8953488372093024,0.9132947976878613,0.8823529411764706,0.9058823529411765,0.8979472143743907,0.010717802817295447,0.9531772575250835,0.8872053872053872,0.8618881118881119,0.9003496503496504,0.8916083916083916,0.8988457597153248,0.03002638454259018,78,0.9742424242424242,0.9793647363872083,0.9761369716425896,0.9751738897806312,0.9752808988764045,0.9760397841858515,0.0017675370062987645
1.3175744533538818,0.3035169726544771,0.26602764129638673,0.05875350164232154,,sqrt,4,2,300,"{'classifier__max_depth': None, 'classifier__max_features': 'sqrt', 'classifier__min_samples_leaf': 4, 'classifier__min_samples_split': 2, 'classifier__n_estimators': 300}",0.8571428571428571,0.8367346938775511,0.7708333333333334,0.7708333333333334,0.7916666666666666,0.8054421768707483,0.03531993982043897,167,0.9067357512953368,0.9015544041450777,0.9226804123711341,0.9020618556701031,0.9175257731958762,0.9101116393355057,0.008513111625539384,0.8076923076923077,0.8888888888888888,0.7894736842105263,0.72,0.8,0.8012109761583446,0.053784527837201834,171,0.9375,0.926829268292683,0.9404761904761905,0.9375,0.9506172839506173,0.9385845485438982,0.007601370079674739,0.9130434782608695,0.7272727272727273,0.6818181818181818,0.8181818181818182,0.7272727272727273,0.7735177865612648,0.0826417847001059,83,0.8522727272727273,0.8539325842696629,0.8876404494382022,0.8426966292134831,0.8651685393258427,0.8603421859039836,0.015401647353229788,0.8571428571428571,0.8,0.7317073170731707,0.7659574468085106,0.7619047619047619,0.7833424765858601,0.04278311308368894,150,0.8928571428571429,0.8888888888888888,0.9132947976878613,0.8875739644970414,0.9058823529411765,0.8976994293744222,0.010136805732348637,0.951505016722408,0.8855218855218855,0.8618881118881119,0.8986013986013986,0.8898601398601399,0.8974753105187887,0.02962364301201117,130,0.9737012987012987,0.9797968885047537,0.9754949170679508,0.9759229534510433,0.9734617442482612,0.9756755603946615,0.0022749888742940863
0.324847412109375,0.010797099653906581,0.12099614143371581,0.005113316489401597,,sqrt,4,5,100,"{'classifier__max_depth': None, 'classifier__max_features': 'sqrt', 'classifier__min_samples_leaf': 4, 'classifier__min_samples_split': 5, 'classifier__n_estimators': 100}",0.8571428571428571,0.8367346938775511,0.7708333333333334,0.7916666666666666,0.7916666666666666,0.8096088435374149,0.03207078988558619,112,0.8963730569948186,0.9119170984455959,0.9175257731958762,0.8969072164948454,0.9226804123711341,0.9090807115004541,0.010714424719976417,0.8076923076923077,0.8888888888888888,0.7894736842105263,0.75,0.8,0.8072109761583446,0.04541193368235494,125,0.925,0.9390243902439024,0.9397590361445783,0.9156626506024096,0.9512195121951219,0.9341331178372023,0.012426523053629561,0.9130434782608695,0.7272727272727273,0.6818181818181818,0.8181818181818182,0.7272727272727273,0.7735177865612648,0.0826417847001059,83,0.8409090909090909,0.8651685393258427,0.8764044943820225,0.8539325842696629,0.8764044943820225,0.8625638406537283,0.01366263971343711,0.8571428571428571,0.8,0.7317073170731707,0.782608695652174,0.7619047619047619,0.7866727263545927,0.04194000520302108,115,0.8809523809523809,0.9005847953216374,0.9069767441860465,0.8837209302325582,0.9122807017543859,0.8969031104894019,0.01248758472450227,0.9548494983277591,0.8888888888888888,0.8601398601398601,0.8933566433566433,0.8933566433566433,0.898118306813959,0.030955838012723603,105,0.9715367965367965,0.9775280898876404,0.9771000535045478,0.9748528624933118,0.9723916532905298,0.9746818911425652,0.002413064325967466
0.6202451229095459,0.013652728205590887,0.16093945503234863,0.002812765648932638,,sqrt,4,5,200,"{'classifier__max_depth': None, 'classifier__max_features': 'sqrt', 'classifier__min_samples_leaf': 4, 'classifier__min_samples_split': 5, 'classifier__n_estimators': 200}",0.8367346938775511,0.8367346938775511,0.75,0.7916666666666666,0.7708333333333334,0.7971938775510204,0.03487016702412057,209,0.9067357512953368,0.9067357512953368,0.9226804123711341,0.8969072164948454,0.9175257731958762,0.9101169809305059,0.00905641558821048,0.8,0.8888888888888888,0.75,0.75,0.7894736842105263,0.7956725146198831,0.050829916866792765,202,0.9375,0.927710843373494,0.9404761904761905,0.9259259259259259,0.9506172839506173,0.9364460487452456,0.00900170605924362,0.8695652173913043,0.7272727272727273,0.6818181818181818,0.8181818181818182,0.6818181818181818,0.7557312252964427,0.07562329853979173,205,0.8522727272727273,0.8651685393258427,0.8876404494382022,0.8426966292134831,0.8651685393258427,0.8625893769152195,0.015119623427872503,0.8333333333333334,0.8,0.7142857142857143,0.782608695652174,0.7317073170731707,0.7723870120688785,0.04384521041679046,206,0.8928571428571429,0.8953488372093024,0.9132947976878613,0.8823529411764706,0.9058823529411765,0.8979472143743907,0.010717802817295447,0.9531772575250835,0.8872053872053872,0.8618881118881119,0.9003496503496504,0.8916083916083916,0.8988457597153248,0.03002638454259018,78,0.9742424242424242,0.9793647363872083,0.9761369716425896,0.9751738897806312,0.9752808988764045,0.9760397841858515,0.0017675370062987645
0.9275248050689697,0.016572978082474977,0.20223212242126465,0.005718499214989614,,sqrt,4,5,300,"{'classifier__max_depth': None, 'classifier__max_features': 'sqrt', 'classifier__min_samples_leaf': 4, 'classifier__min_samples_split': 5, 'classifier__n_estimators': 300}",0.8571428571428571,0.8367346938775511,0.7708333333333334,0.7708333333333334,0.7916666666666666,0.8054421768707483,0.03531993982043897,167,0.9067357512953368,0.9015544041450777,0.9226804123711341,0.9020618556701031,0.9175257731958762,0.9101116393355057,0.008513111625539384,0.8076923076923077,0.8888888888888888,0.7894736842105263,0.72,0.8,0.8012109761583446,0.053784527837201834,171,0.9375,0.926829268292683,0.9404761904761905,0.9375,0.9506172839506173,0.9385845485438982,0.007601370079674739,0.9130434782608695,0.7272727272727273,0.6818181818181818,0.8181818181818182,0.7272727272727273,0.7735177865612648,0.0826417847001059,83,0.8522727272727273,0.8539325842696629,0.8876404494382022,0.8426966292134831,0.8651685393258427,0.8603421859039836,0.015401647353229788,0.8571428571428571,0.8,0.7317073170731707,0.7659574468085106,0.7619047619047619,0.7833424765858601,0.04278311308368894,150,0.8928571428571429,0.8888888888888888,0.9132947976878613,0.8875739644970414,0.9058823529411765,0.8976994293744222,0.010136805732348637,0.951505016722408,0.8855218855218855,0.8618881118881119,0.8986013986013986,0.8898601398601399,0.8974753105187887,0.02962364301201117,130,0.9737012987012987,0.9797968885047537,0.9754949170679508,0.9759229534510433,0.9734617442482612,0.9756755603946615,0.0022749888742940863
0.33058600425720214,0.01544057734155607,0.11439347267150879,0.004053305523304862,,sqrt,4,10,100,"{'classifier__max_depth': None, 'classifier__max_features': 'sqrt', 'classifier__min_samples_leaf': 4, 'classifier__min_samples_split': 10, 'classifier__n_estimators': 100}",0.8571428571428571,0.8367346938775511,0.7916666666666666,0.7708333333333334,0.7708333333333334,0.8054421768707483,0.03531993982043897,167,0.8808290155440415,0.917098445595855,0.9072164948453608,0.8917525773195877,0.9072164948453608,0.9008226056300412,0.012873815776744334,0.8076923076923077,0.8888888888888888,0.8333333333333334,0.72,0.7894736842105263,0.8078776428250112,0.05526668855350924,116,0.9012345679012346,0.9397590361445783,0.9176470588235294,0.925,0.9176470588235294,0.9202575443385743,0.012476393470425121,0.9130434782608695,0.7272727272727273,0.6818181818181818,0.8181818181818182,0.6818181818181818,0.7644268774703556,0.089448657623281,169,0.8295454545454546,0.8764044943820225,0.8764044943820225,0.8314606741573034,0.8764044943820225,0.8580439223697651,0.02249517089381843,0.8571428571428571,0.8,0.75,0.7659574468085106,0.7317073170731707,0.7809615242049077,0.04421713307890329,168,0.863905325443787,0.9069767441860465,0.896551724137931,0.8757396449704142,0.896551724137931,0.8879450325752221,0.01573045029042442,0.951505016722408,0.893939393939394,0.8671328671328671,0.8916083916083917,0.8881118881118881,0.8984595115029897,0.02817668145086791,88,0.967099567099567,0.9739628349178912,0.971107544141252,0.9676832530765115,0.9715355805243446,0.9702777559519132,0.0025566700073070413
1.0145916938781738,0.10847903449650055,0.23587708473205565,0.04048845525356236,,sqrt,4,10,200,"{'classifier__max_depth': None, 'classifier__max_features': 'sqrt', 'classifier__min_samples_leaf': 4, 'classifier__min_samples_split': 10, 'classifier__n_estimators': 200}",0.8775510204081632,0.8367346938775511,0.75,0.7708333333333334,0.7708333333333334,0.8011904761904762,0.0480788960391421,200,0.8860103626943006,0.8963730569948186,0.9226804123711341,0.8969072164948454,0.9072164948453608,0.9018375086800919,0.012393762057973792,0.84,0.8888888888888888,0.75,0.72,0.7894736842105263,0.7976725146198831,0.06080288143012247,192,0.9125,0.9259259259259259,0.9512195121951219,0.9259259259259259,0.9382716049382716,0.9307685937970491,0.01307807037029194,0.9130434782608695,0.7272727272727273,0.6818181818181818,0.8181818181818182,0.6818181818181818,0.7644268774703556,0.089448657623281,169,0.8295454545454546,0.8426966292134831,0.8764044943820225,0.8426966292134831,0.8539325842696629,0.8490551583248213,0.01570519527478246,0.875,0.8,0.7142857142857143,0.7659574468085106,0.7317073170731707,0.777390095633479,0.05698892149766291,194,0.8690476190476191,0.8823529411764706,0.9122807017543859,0.8823529411764706,0.8941176470588236,0.888030370042754,0.014490995562771126,0.9531772575250836,0.8956228956228957,0.8618881118881119,0.8986013986013985,0.8881118881118881,0.8994803103498755,0.029804122800526824,49,0.9704545454545455,0.9750432152117545,0.9714285714285715,0.9707865168539325,0.9722846441947565,0.9719994986287122,0.0016449730451224829
0.9674931049346924,0.08452990225330567,0.205574893951416,0.00944004283344317,,sqrt,4,10,300,"{'classifier__max_depth': None, 'classifier__max_features': 'sqrt', 'classifier__min_samples_leaf': 4, 'classifier__min_samples_split': 10, 'classifier__n_estimators': 300}",0.8571428571428571,0.8367346938775511,0.7916666666666666,0.7708333333333334,0.7708333333333334,0.8054421768707483,0.03531993982043897,167,0.8911917098445595,0.9015544041450777,0.9175257731958762,0.8969072164948454,0.9072164948453608,0.902879119705144,0.009026088079584573,0.8076923076923077,0.8888888888888888,0.8333333333333334,0.72,0.7894736842105263,0.8078776428250112,0.05526668855350924,116,0.9240506329113924,0.926829268292683,0.9397590361445783,0.9259259259259259,0.927710843373494,0.9288551413296148,0.005585196604094007,0.9130434782608695,0.7272727272727273,0.6818181818181818,0.8181818181818182,0.6818181818181818,0.7644268774703556,0.089448657623281,169,0.8295454545454546,0.8539325842696629,0.8764044943820225,0.8426966292134831,0.8651685393258427,0.853549540347293,0.016440672730153094,0.8571428571428571,0.8,0.75,0.7659574468085106,0.7317073170731707,0.7809615242049077,0.04421713307890329,168,0.874251497005988,0.8888888888888888,0.9069767441860465,0.8823529411764706,0.8953488372093024,0.8895637816933393,0.011167774117512476,0.951505016722408,0.8905723905723906,0.8636363636363636,0.9003496503496503,0.8916083916083917,0.8995343625778409,0.028752105566036013,46,0.9706709956709956,0.9752592912705271,0.9720706260032103,0.9712145532370251,0.9713215623327983,0.9721074057029113,0.001637909917280727
0.3426124095916748,0.012049756863681583,0.11998796463012695,0.016127860488093594,,log2,1,2,100,"{'classifier__max_depth': None, 'classifier__max_features': 'log2', 'classifier__min_samples_leaf': 1, 'classifier__min_samples_split': 2, 'classifier__n_estimators': 100}",0.8775510204081632,0.8163265306122449,0.8333333333333334,0.8125,0.7916666666666666,0.8262755102040817,0.02886350547425413,5,1.0,1.0,1.0,1.0,1.0,1.0,0.0,0.84,0.9333333333333333,0.8888888888888888,0.782608695652174,0.7727272727272727,0.8435116381203338,0.061414913833556545,1,1.0,1.0,1.0,1.0,1.0,1.0,0.0,0.9130434782608695,0.6363636363636364,0.7272727272727273,0.8181818181818182,0.7727272727272727,0.7735177865612648,0.09210079880436504,83,1.0,1.0,1.0,1.0,1.0,1.0,0.0,0.875,0.7567567567567568,0.8,0.8,0.7727272727272727,0.8008968058968058,0.0405826525377633,14,1.0,1.0,1.0,1.0,1.0,1.0,0.0,0.9632107023411371,0.8367003367003368,0.895979020979021,0.8986013986013985,0.8662587412587414,0.892150039976127,0.042073573183252284,210,1.0,1.0,1.0,1.0,1.0,1.0,0.0
0.6570959568023682,0.013085810018520248,0.15945606231689452,0.001269051920615381,,log2,1,2,200,"{'classifier__max_depth': None, 'classifier__max_features': 'log2', 'classifier__min_samples_leaf': 1, 'classifier__min_samples_split': 2, 'classifier__n_estimators': 200}",0.8571428571428571,0.8163265306122449,0.8333333333333334,0.8125,0.8125,0.8263605442176871,0.01721093476909073,1,1.0,1.0,1.0,1.0,1.0,1.0,0.0,0.8333333333333334,0.8823529411764706,0.8888888888888888,0.782608695652174,0.8095238095238095,0.8393415337149353,0.04110652415122237,4,1.0,1.0,1.0,1.0,1.0,1.0,0.0,0.8695652173913043,0.6818181818181818,0.7272727272727273,0.8181818181818182,0.7727272727272727,0.773913043478261,0.06598068123361654,64,1.0,1.0,1.0,1.0,1.0,1.0,0.0,0.851063829787234,0.7692307692307693,0.8,0.8,0.7906976744186046,0.8021984546873215,0.026894711453484817,4,1.0,1.0,1.0,1.0,1.0,1.0,0.0,0.9531772575250836,0.8425925925925927,0.8951048951048951,0.8924825174825175,0.8784965034965035,0.8923707532403184,0.03570792368575686,207,0.9999999999999999,1.0,1.0,1.0,1.0,1.0,4.965068306494546e-17
1.0784623146057128,0.1813571734456198,0.28908767700195315,0.09301313179451148,,log2,1,2,300,"{'classifier__max_depth': None, 'classifier__max_features': 'log2', 'classifier__min_samples_leaf': 1, 'classifier__min_samples_split': 2, 'classifier__n_estimators': 300}",0.8571428571428571,0.8163265306122449,0.8125,0.8333333333333334,0.8125,0.8263605442176871,0.01721093476909073,1,1.0,1.0,1.0,1.0,1.0,1.0,0.0,0.8333333333333334,0.8823529411764706,0.8421052631578947,0.7916666666666666,0.8095238095238095,0.831796402771635,0.03089033008348073,12,1.0,1.0,1.0,1.0,1.0,1.0,0.0,0.8695652173913043,0.6818181818181818,0.7272727272727273,0.8636363636363636,0.7727272727272727,0.7830039525691699,0.07408721631456242,31,1.0,1.0,1.0,1.0,1.0,1.0,0.0,0.851063829787234,0.7692307692307693,0.7804878048780488,0.8260869565217391,0.7906976744186046,0.8035134069672791,0.030464170602029012,1,1.0,1.0,1.0,1.0,1.0,1.0,0.0,0.9548494983277591,0.8459595959595959,0.895979020979021,0.8951048951048951,0.8811188811188811,0.8946023782980304,0.035156188956976794,185,1.0,1.0,1.0,1.0,1.0,1.0,0.0
0.5466285705566406,0.08776442011108025,0.19178352355957032,0.050215758238983284,,log2,1,5,100,"{'classifier__max_depth': None, 'classifier__max_features': 'log2', 'classifier__min_samples_leaf': 1, 'classifier__min_samples_split': 5, 'classifier__n_estimators': 100}",0.8775510204081632,0.8163265306122449,0.8125,0.7916666666666666,0.7708333333333334,0.8137755102040816,0.03580022863098788,81,0.9792746113989638,0.9844559585492227,0.9690721649484536,0.9845360824742269,0.9742268041237113,0.9783131242989157,0.005991284016188037,0.84,0.8823529411764706,0.8421052631578947,0.7307692307692307,0.7391304347826086,0.806871573977241,0.06069064316585481,131,0.9883720930232558,0.9777777777777777,0.9770114942528736,1.0,0.9772727272727273,0.9840868184653269,0.009032042631452044,0.9130434782608695,0.6818181818181818,0.7272727272727273,0.8636363636363636,0.7727272727272727,0.791699604743083,0.08542122914951522,10,0.9659090909090909,0.9887640449438202,0.9550561797752809,0.9662921348314607,0.9662921348314607,0.9684627170582226,0.011025633920580228,0.875,0.7692307692307693,0.7804878048780488,0.7916666666666666,0.7555555555555555,0.794388159266208,0.04204702278383047,40,0.9770114942528736,0.9832402234636871,0.9659090909090909,0.9828571428571429,0.9717514124293786,0.9761538727824346,0.0066366094212533915,0.9531772575250836,0.8686868686868687,0.8863636363636364,0.8933566433566433,0.8846153846153846,0.8972399581095234,0.02911018634630515,142,0.9978354978354979,0.9987035436473639,0.9983948635634029,0.999143927233815,0.9981808453718566,0.9984517355303872,0.00044696789085783666
0.6261646270751953,0.008632953266278847,0.15760407447814942,0.0016449125140824803,,log2,1,5,200,"{'classifier__max_depth': None, 'classifier__max_features': 'log2', 'classifier__min_samples_leaf': 1, 'classifier__min_samples_split': 5, 'classifier__n_estimators': 200}",0.8571428571428571,0.8163265306122449,0.8333333333333334,0.8125,0.7708333333333334,0.8180272108843537,0.02837257696612096,25,0.9844559585492227,0.9844559585492227,0.9742268041237113,0.979381443298969,0.9742268041237113,0.9793493937289675,0.004574644996710269,0.8076923076923077,0.8823529411764706,0.8888888888888888,0.76,0.7391304347826086,0.8156129145080551,0.061365628096719825,58,0.9885057471264368,0.9886363636363636,0.9883720930232558,1.0,0.9772727272727273,0.9885573862117567,0.007187769824800278,0.9130434782608695,0.6818181818181818,0.7272727272727273,0.8636363636363636,0.7727272727272727,0.791699604743083,0.08542122914951522,10,0.9772727272727273,0.9775280898876404,0.9550561797752809,0.9550561797752809,0.9662921348314607,0.966241062308478,0.009993001815487245,0.8571428571428571,0.7692307692307693,0.8,0.8085106382978723,0.7555555555555555,0.7980879640454109,0.03533132288305509,18,0.9828571428571429,0.9830508474576272,0.9714285714285714,0.9770114942528736,0.9717514124293786,0.9772198936851189,0.005084598925609355,0.9531772575250835,0.8754208754208755,0.8916083916083916,0.9020979020979021,0.8863636363636364,0.9017336126031779,0.027120832278930248,14,0.9983766233766234,0.9991356957649092,0.999250936329588,0.9992509363295881,0.9990369181380417,0.9990102219877501,0.00032673853214753066
0.9210228443145752,0.015308878213017843,0.21490235328674318,0.01212047738920055,,log2,1,5,300,"{'classifier__max_depth': None, 'classifier__max_features': 'log2', 'classifier__min_samples_leaf': 1, 'classifier__min_samples_split': 5, 'classifier__n_estimators': 300}",0.8571428571428571,0.8163265306122449,0.8125,0.8125,0.7708333333333334,0.8138605442176872,0.0273294081116796,60,0.9844559585492227,0.9896373056994818,0.979381443298969,0.979381443298969,0.9690721649484536,0.9803856631590193,0.006814284277532296,0.8076923076923077,0.8823529411764706,0.8421052631578947,0.76,0.7391304347826086,0.8062561893618563,0.05238976263878499,135,0.9885057471264368,0.9887640449438202,0.9885057471264368,0.9885057471264368,0.9770114942528736,0.9862585561152007,0.004624613057953768,0.9130434782608695,0.6818181818181818,0.7272727272727273,0.8636363636363636,0.7727272727272727,0.791699604743083,0.08542122914951522,10,0.9772727272727273,0.9887640449438202,0.9662921348314607,0.9662921348314607,0.9550561797752809,0.9707354443309499,0.011428839345641368,0.8571428571428571,0.7692307692307693,0.7804878048780488,0.8085106382978723,0.7555555555555555,0.7941855250210207,0.035976315689250006,43,0.9828571428571429,0.9887640449438202,0.9772727272727273,0.9772727272727273,0.9659090909090909,0.9784151466511017,0.007560988036784174,0.9565217391304348,0.8653198653198654,0.8863636363636364,0.9003496503496504,0.8828671328671329,0.8982844048061439,0.031184323645697114,97,0.9987012987012986,0.9988115816767502,0.9987158908507223,0.9986088817549492,0.9986088817549491,0.9986893069477338,7.581297867330247e-05
0.3375218391418457,0.01388046801797789,0.11392488479614257,0.005064825821669594,,log2,1,10,100,"{'classifier__max_depth': None, 'classifier__max_features': 'log2', 'classifier__min_samples_leaf': 1, 'classifier__min_samples_split': 10, 'classifier__n_estimators': 100}",0.8571428571428571,0.7755102040816326,0.8125,0.8125,0.8125,0.8140306122448979,0.025882487619001606,44,0.9222797927461139,0.9430051813471503,0.9329896907216495,0.9381443298969072,0.9329896907216495,0.9338817370866941,0.006893526507616113,0.8076923076923077,0.8235294117647058,0.8823529411764706,0.76,0.782608695652174,0.8112366712571315,0.04163161130260492,96,0.9294117647058824,0.9534883720930233,0.9523809523809523,0.963855421686747,0.9418604651162791,0.9481993951965769,0.011693818508733848,0.9130434782608695,0.6363636363636364,0.6818181818181818,0.8636363636363636,0.8181818181818182,0.782608695652174,0.10619840637681045,33,0.8977272727272727,0.9213483146067416,0.898876404494382,0.898876404494382,0.9101123595505618,0.9053881511746681,0.009171038216031616,0.8571428571428571,0.717948717948718,0.7692307692307693,0.8085106382978723,0.8,0.7905665965240434,0.04598249673381044,79,0.9132947976878613,0.9371428571428572,0.9248554913294798,0.9302325581395349,0.9257142857142857,0.9262479980028037,0.007804921488471559,0.94314381270903,0.8754208754208754,0.8706293706293706,0.9020979020979021,0.8898601398601398,0.8962304201434635,0.02593964188329957,159,0.9816017316017316,0.9868193604148661,0.984055644729802,0.9834135901551632,0.9851257356875335,0.9842032125178193,0.0017382900507290056
0.6420775890350342,0.017414302474482612,0.19093766212463378,0.06156816114536223,,log2,1,10,200,"{'classifier__max_depth': None, 'classifier__max_features': 'log2', 'classifier__min_samples_leaf': 1, 'classifier__min_samples_split': 10, 'classifier__n_estimators': 200}",0.8775510204081632,0.8163265306122449,0.8125,0.7708333333333334,0.7916666666666666,0.8137755102040817,0.03580022863098789,72,0.9326424870466321,0.9430051813471503,0.9329896907216495,0.9278350515463918,0.9278350515463918,0.9328614924416432,0.0055405602409983705,0.84,0.8823529411764706,0.8823529411764706,0.72,0.7727272727272727,0.8194866310160427,0.06388923469872841,39,0.9518072289156626,0.9534883720930233,0.9523809523809523,0.9629629629629629,0.9411764705882353,0.9523631973881672,0.006914814835345558,0.9130434782608695,0.6818181818181818,0.6818181818181818,0.8181818181818182,0.7727272727272727,0.7735177865612648,0.08749920490730415,83,0.8977272727272727,0.9213483146067416,0.898876404494382,0.8764044943820225,0.898876404494382,0.8986465781409603,0.01421991484679482,0.875,0.7692307692307693,0.7692307692307693,0.7659574468085106,0.7727272727272727,0.7904292515994642,0.042339560886283455,83,0.9239766081871345,0.9371428571428572,0.9248554913294798,0.9176470588235294,0.9195402298850575,0.9246324490736116,0.006807592208491124,0.9481605351170568,0.8787878787878788,0.8706293706293706,0.8968531468531469,0.8968531468531469,0.8982568156481199,0.026969008175082673,100,0.9850649350649351,0.9875756266205705,0.9838416265382558,0.9843766720171214,0.9849117174959872,0.985154115547374,0.0012851047967512394
1.3443781852722168,0.38063446768169257,0.2840390205383301,0.06996126274155572,,log2,1,10,300,"{'classifier__max_depth': None, 'classifier__max_features': 'log2', 'classifier__min_samples_leaf': 1, 'classifier__min_samples_split': 10, 'classifier__n_estimators': 300}",0.8775510204081632,0.8163265306122449,0.8125,0.7708333333333334,0.8333333333333334,0.8221088435374149,0.034510193018660436,10,0.9378238341968912,0.9430051813471503,0.9329896907216495,0.9278350515463918,0.9278350515463918,0.9338977618716949,0.005877016923494348,0.84,0.8823529411764706,0.8823529411764706,0.72,0.85,0.8349411764705881,0.05993260343934094,8,0.9523809523809523,0.9534883720930233,0.9523809523809523,0.9629629629629629,0.9411764705882353,0.9524779420812253,0.006909395105361972,0.9130434782608695,0.6818181818181818,0.6818181818181818,0.8181818181818182,0.7727272727272727,0.7735177865612648,0.08749920490730415,83,0.9090909090909091,0.9213483146067416,0.898876404494382,0.8764044943820225,0.898876404494382,0.9009193054136875,0.014788119363312648,0.875,0.7692307692307693,0.7692307692307693,0.7659574468085106,0.8095238095238095,0.7977885589587717,0.04181778842193211,20,0.9302325581395349,0.9371428571428572,0.9248554913294798,0.9176470588235294,0.9195402298850575,0.9258836390640918,0.007138911271419725,0.9498327759197324,0.8838383838383838,0.8741258741258742,0.8986013986013986,0.8916083916083917,0.899601364818756,0.026402857458250367,42,0.9852813852813853,0.988980121002593,0.9845906902086676,0.985553772070626,0.9842696629213483,0.9857351262969241,0.0016867766757727857
0.3228494644165039,0.014195474703241872,0.12267236709594727,0.006851937066383103,,log2,2,2,100,"{'classifier__max_depth': None, 'classifier__max_features': 'log2', 'classifier__min_samples_leaf': 2, 'classifier__min_samples_split': 2, 'classifier__n_estimators': 100}",0.8571428571428571,0.7959183673469388,0.7916666666666666,0.8333333333333334,0.7916666666666666,0.8139455782312925,0.026681716910791246,50,0.9689119170984456,0.9637305699481865,0.9690721649484536,0.9639175257731959,0.9587628865979382,0.964879012873244,0.0038339853945116506,0.8076923076923077,0.875,0.8333333333333334,0.7916666666666666,0.8,0.8215384615384614,0.030150291958685103,27,0.9767441860465116,0.9767441860465116,0.9882352941176471,0.9880952380952381,0.9764705882352941,0.9812578985082405,0.005640900675280208,0.9130434782608695,0.6363636363636364,0.6818181818181818,0.8636363636363636,0.7272727272727273,0.7644268774703556,0.10633366106070968,169,0.9545454545454546,0.9438202247191011,0.9438202247191011,0.9325842696629213,0.9325842696629213,0.9414708886619,0.008245326280126924,0.8571428571428571,0.7368421052631579,0.75,0.8260869565217391,0.7619047619047619,0.7863953361665033,0.04682001252888922,124,0.9655172413793104,0.96,0.9655172413793104,0.9595375722543352,0.9540229885057471,0.9609190087037407,0.004303382988063852,0.951505016722408,0.8771043771043772,0.8688811188811189,0.9020979020979021,0.8758741258741258,0.8950925081359863,0.03036907200102847,175,0.99491341991342,0.996542783059637,0.9964686998394864,0.9965757089352596,0.9948635634028892,0.9958728350301385,0.0008046146336609539
0.624015998840332,0.0034705870201490203,0.16971616744995116,0.011143142894954133,,log2,2,2,200,"{'classifier__max_depth': None, 'classifier__max_features': 'log2', 'classifier__min_samples_leaf': 2, 'classifier__min_samples_split': 2, 'classifier__n_estimators': 200}",0.8571428571428571,0.8163265306122449,0.7708333333333334,0.8333333333333334,0.7916666666666666,0.8138605442176872,0.030339869130334932,60,0.9637305699481865,0.9689119170984456,0.9587628865979382,0.9742268041237113,0.9639175257731959,0.9659099407082955,0.005253224456611428,0.8333333333333334,0.8823529411764706,0.7894736842105263,0.7916666666666666,0.7727272727272727,0.813910779622854,0.03962226269254452,79,0.9764705882352941,0.9770114942528736,0.9764705882352941,0.9883720930232558,0.9767441860465116,0.9790137899586459,0.004683457617438974,0.8695652173913043,0.6818181818181818,0.6818181818181818,0.8636363636363636,0.7727272727272727,0.773913043478261,0.08266068678052056,64,0.9431818181818182,0.9550561797752809,0.9325842696629213,0.9550561797752809,0.9438202247191011,0.9459397344228805,0.008446135377298282,0.851063829787234,0.7692307692307693,0.7317073170731707,0.8260869565217391,0.7727272727272727,0.7901632290680372,0.04279876507011471,88,0.9595375722543352,0.9659090909090909,0.9540229885057471,0.9714285714285714,0.96,0.962179644619549,0.005961775788380665,0.9498327759197325,0.8720538720538721,0.8828671328671329,0.9073426573426573,0.8793706293706294,0.8982934135108047,0.028364591029768783,95,0.9956709956709957,0.9966508210890234,0.996147672552167,0.9965757089352595,0.9959336543606208,0.9961957705216132,0.00037358564143265694
0.943379545211792,0.009729193744864294,0.207114839553833,0.008095150673089345,,log2,2,2,300,"{'classifier__max_depth': None, 'classifier__max_features': 'log2', 'classifier__min_samples_leaf': 2, 'classifier__min_samples_split': 2, 'classifier__n_estimators': 300}",0.8367346938775511,0.8163265306122449,0.7916666666666666,0.8333333333333334,0.7708333333333334,0.8097789115646259,0.025175812913056417,100,0.9637305699481865,0.9689119170984456,0.9639175257731959,0.9690721649484536,0.9639175257731959,0.9659099407082955,0.0025179601207841276,0.8,0.8823529411764706,0.8333333333333334,0.7916666666666666,0.7619047619047619,0.8138515406162465,0.04112051496342436,81,0.9764705882352941,0.9770114942528736,0.9767441860465116,0.9882352941176471,0.9767441860465116,0.9790411497397675,0.004600253538693839,0.8695652173913043,0.6818181818181818,0.6818181818181818,0.8636363636363636,0.7272727272727273,0.7648221343873518,0.08476394941025227,143,0.9431818181818182,0.9550561797752809,0.9438202247191011,0.9438202247191011,0.9438202247191011,0.9459397344228805,0.004564923701646349,0.8333333333333334,0.7692307692307693,0.75,0.8260869565217391,0.7441860465116279,0.784567421119494,0.03784907112016186,138,0.9595375722543352,0.9659090909090909,0.96,0.9655172413793104,0.96,0.9621927809085473,0.0028820030071111673,0.9498327759197325,0.8737373737373738,0.8828671328671329,0.9073426573426573,0.8811188811188811,0.8989797641971554,0.027827228003725852,71,0.996103896103896,0.9964347450302506,0.9960406634563939,0.996147672552167,0.9957196361690743,0.9960893226623565,0.0002288971510180857
0.32785687446594236,0.004503653700390749,0.12521672248840332,0.014148099687535632,,log2,2,5,100,"{'classifier__max_depth': None, 'classifier__max_features': 'log2', 'classifier__min_samples_leaf': 2, 'classifier__min_samples_split': 5, 'classifier__n_estimators': 100}",0.8367346938775511,0.8163265306122449,0.7916666666666666,0.8125,0.75,0.8014455782312926,0.029432088945368688,185,0.9378238341968912,0.9533678756476683,0.9536082474226805,0.9432989690721649,0.9432989690721649,0.946279579082314,0.006216446275390137,0.8,0.8823529411764706,0.8333333333333334,0.782608695652174,0.7272727272727273,0.8051135394869411,0.05167995794574455,142,0.9523809523809523,0.9761904761904762,0.9651162790697675,0.975609756097561,0.9534883720930233,0.9645571671663561,0.010281873739052858,0.8695652173913043,0.6818181818181818,0.6818181818181818,0.8181818181818182,0.7272727272727273,0.7557312252964428,0.07562329853979173,198,0.9090909090909091,0.9213483146067416,0.9325842696629213,0.898876404494382,0.9213483146067416,0.9166496424923392,0.011585247704807214,0.8333333333333334,0.7692307692307693,0.75,0.8,0.7272727272727273,0.775967365967366,0.03730757397327198,198,0.9302325581395349,0.9479768786127167,0.9485714285714286,0.935672514619883,0.9371428571428572,0.939919247417284,0.007202231470563264,0.9481605351170568,0.8804713804713806,0.8601398601398602,0.9038461538461537,0.8758741258741258,0.8936984110897154,0.030620043961103124,192,0.9913419913419914,0.9940579083837511,0.9951845906902087,0.9943285179240235,0.992402354200107,0.9934630725080164,0.0013921608369989117
1.0811720371246338,0.2785163718908363,0.2559816837310791,0.0762982842765744,,log2,2,5,200,"{'classifier__max_depth': None, 'classifier__max_features': 'log2', 'classifier__min_samples_leaf': 2, 'classifier__min_samples_split': 5, 'classifier__n_estimators': 200}",0.8571428571428571,0.8163265306122449,0.7916666666666666,0.7916666666666666,0.7708333333333334,0.8055272108843538,0.02955907561753001,147,0.9481865284974094,0.9585492227979274,0.9587628865979382,0.9536082474226805,0.9587628865979382,0.9555739543827787,0.004186379451333791,0.8333333333333334,0.8823529411764706,0.8333333333333334,0.75,0.7619047619047619,0.8121848739495799,0.0494229107648155,87,0.9534883720930233,0.9764705882352941,0.9655172413793104,0.9761904761904762,0.9764705882352941,0.9696274532266796,0.009100484000146004,0.8695652173913043,0.6818181818181818,0.6818181818181818,0.8181818181818182,0.7272727272727273,0.7557312252964428,0.07562329853979173,198,0.9318181818181818,0.9325842696629213,0.9438202247191011,0.9213483146067416,0.9325842696629213,0.9324310520939735,0.007112845907478505,0.851063829787234,0.7692307692307693,0.75,0.782608695652174,0.7441860465116279,0.7794178682363611,0.038350474327996736,179,0.9425287356321839,0.9540229885057471,0.9545454545454546,0.9479768786127167,0.9540229885057471,0.9506194091603698,0.004712207612600942,0.9498327759197325,0.8905723905723906,0.8741258741258742,0.8986013986013985,0.8776223776223776,0.8981509633683545,0.027303022367341428,103,0.9938311688311688,0.9950302506482283,0.9948635634028893,0.9949705724986624,0.9934724451578384,0.9944336001077574,0.0006505293124779204
0.9304056167602539,0.012578020126371818,0.20258855819702148,0.0007909459517593635,,log2,2,5,300,"{'classifier__max_depth': None, 'classifier__max_features': 'log2', 'classifier__min_samples_leaf': 2, 'classifier__min_samples_split': 5, 'classifier__n_estimators': 300}",0.8571428571428571,0.8367346938775511,0.7916666666666666,0.8125,0.7708333333333334,0.8137755102040816,0.030797108106773476,81,0.9533678756476683,0.9689119170984456,0.9587628865979382,0.9536082474226805,0.9587628865979382,0.9586827626729342,0.005632888585158996,0.8333333333333334,0.8888888888888888,0.8333333333333334,0.76,0.7619047619047619,0.8154920634920636,0.04893809109363728,60,0.9647058823529412,0.9770114942528736,0.9655172413793104,0.9761904761904762,0.9764705882352941,0.9719791364821792,0.005619420960747887,0.8695652173913043,0.7272727272727273,0.6818181818181818,0.8636363636363636,0.7272727272727273,0.773913043478261,0.0775005990817851,64,0.9318181818181818,0.9550561797752809,0.9438202247191011,0.9213483146067416,0.9325842696629213,0.9369254341164452,0.011522486386801303,0.851063829787234,0.8,0.75,0.8085106382978723,0.7441860465116279,0.7907521029193469,0.039667430163062546,71,0.9479768786127167,0.9659090909090909,0.9545454545454546,0.9479768786127167,0.9540229885057471,0.9540862582371451,0.006551996268131831,0.951505016722408,0.8872053872053872,0.8741258741258742,0.9020979020979021,0.8793706293706294,0.8988609619044402,0.027962204279170615,76,0.9939393939393939,0.9951382886776146,0.9944355270197967,0.9945425361155698,0.993900481540931,0.9943912454586611,0.0004534186385491107
0.3355866432189941,0.017813739808046385,0.11775116920471192,0.0026662343684498275,,log2,2,10,100,"{'classifier__max_depth': None, 'classifier__max_features': 'log2', 'classifier__min_samples_leaf': 2, 'classifier__min_samples_split': 10, 'classifier__n_estimators': 100}",0.8571428571428571,0.7755102040816326,0.8125,0.7708333333333334,0.7708333333333334,0.7973639455782313,0.03372818169094951,203,0.9119170984455959,0.9378238341968912,0.9175257731958762,0.9123711340206185,0.9278350515463918,0.9214945782810746,0.009975599921502263,0.8076923076923077,0.8235294117647058,0.8823529411764706,0.72,0.7619047619047619,0.7990958845076491,0.055212266349891445,180,0.927710843373494,0.9425287356321839,0.9397590361445783,0.95,0.9518072289156626,0.9423611688131839,0.008590820704833663,0.9130434782608695,0.6363636363636364,0.6818181818181818,0.8181818181818182,0.7272727272727273,0.7553359683794467,0.09916459624073816,211,0.875,0.9213483146067416,0.8764044943820225,0.8539325842696629,0.8876404494382022,0.8828651685393257,0.0221108636563533,0.8571428571428571,0.717948717948718,0.7692307692307693,0.7659574468085106,0.7441860465116279,0.7708931675284967,0.04686687299151695,212,0.9005847953216374,0.9318181818181818,0.9069767441860465,0.8994082840236687,0.9186046511627907,0.9114785313024651,0.012240207576655272,0.94314381270903,0.8703703703703703,0.8723776223776223,0.8968531468531469,0.8916083916083917,0.8948706687837122,0.02627192743240652,179,0.9734848484848485,0.9816335350043215,0.9775280898876405,0.9765650080256822,0.9793472445157838,0.9777117451836552,0.0027302265306193146
0.6208569526672363,0.019850574010682177,0.1780630588531494,0.01903840305558426,,log2,2,10,200,"{'classifier__max_depth': None, 'classifier__max_features': 'log2', 'classifier__min_samples_leaf': 2, 'classifier__min_samples_split': 10, 'classifier__n_estimators': 200}",0.8775510204081632,0.8367346938775511,0.8125,0.7708333333333334,0.7708333333333334,0.8136904761904763,0.040704033455920906,93,0.917098445595855,0.9326424870466321,0.9175257731958762,0.9123711340206185,0.9226804123711341,0.9204636504460231,0.00690916265393895,0.84,0.8888888888888888,0.8823529411764706,0.72,0.7391304347826086,0.8140744529695935,0.07127116433187296,76,0.95,0.9418604651162791,0.9397590361445783,0.95,0.9404761904761905,0.9444191383474096,0.004606565591205563,0.9130434782608695,0.7272727272727273,0.6818181818181818,0.8181818181818182,0.7727272727272727,0.7826086956521738,0.0794948037988884,45,0.8636363636363636,0.9101123595505618,0.8764044943820225,0.8539325842696629,0.8876404494382022,0.8783452502553626,0.019553240653567394,0.875,0.8,0.7692307692307693,0.7659574468085106,0.7555555555555555,0.7931487543189671,0.04352298655880937,54,0.9047619047619048,0.9257142857142857,0.9069767441860465,0.8994082840236687,0.9132947976878613,0.9100312032747533,0.009017225336605438,0.9464882943143813,0.8804713804713805,0.8758741258741258,0.8986013986013985,0.8916083916083917,0.8986087181739355,0.02524790344945194,85,0.9778138528138529,0.982713915298185,0.9766720171214553,0.9780631353665061,0.9794542536115569,0.9789434348423113,0.002082675196562171
1.1069795608520507,0.26104766993732526,0.26148362159729005,0.06320132986500544,,log2,2,10,300,"{'classifier__max_depth': None, 'classifier__max_features': 'log2', 'classifier__min_samples_leaf': 2, 'classifier__min_samples_split': 10, 'classifier__n_estimators': 300}",0.8571428571428571,0.8367346938775511,0.8125,0.7708333333333334,0.7708333333333334,0.8096088435374149,0.03467198689138722,112,0.9119170984455959,0.9326424870466321,0.9226804123711341,0.9123711340206185,0.9175257731958762,0.9194273810159712,0.0076815664892915725,0.8076923076923077,0.8888888888888888,0.8823529411764706,0.72,0.7619047619047619,0.8121677799324857,0.06611109726673041,89,0.9493670886075949,0.9523809523809523,0.9512195121951219,0.95,0.9294117647058824,0.9464758635779104,0.008594585109049813,0.9130434782608695,0.7272727272727273,0.6818181818181818,0.8181818181818182,0.7272727272727273,0.7735177865612648,0.0826417847001059,83,0.8522727272727273,0.898876404494382,0.8764044943820225,0.8539325842696629,0.8876404494382022,0.8738253319713994,0.0183592045815489,0.8571428571428571,0.8,0.7692307692307693,0.7659574468085106,0.7441860465116279,0.787303423938753,0.03919216579364183,109,0.8982035928143712,0.9248554913294798,0.9122807017543859,0.8994082840236687,0.9080459770114943,0.90855880938668,0.009702164159249555,0.9481605351170568,0.8838383838383839,0.8653846153846154,0.8986013986013985,0.8933566433566434,0.8978683152596195,0.02757618431178912,122,0.979112554112554,0.9839023336214348,0.9773140716960942,0.9774210807918673,0.9789192081326913,0.9793338496709282,0.002401255204585805
0.5069057941436768,0.11932103358743847,0.16971144676208497,0.04837698857161015,,log2,4,2,100,"{'classifier__max_depth': None, 'classifier__max_features': 'log2', 'classifier__min_samples_leaf': 4, 'classifier__min_samples_split': 2, 'classifier__n_estimators': 100}",0.8571428571428571,0.8163265306122449,0.8125,0.7708333333333334,0.7708333333333334,0.8055272108843538,0.0323627882370164,147,0.8911917098445595,0.9119170984455959,0.9175257731958762,0.9123711340206185,0.9072164948453608,0.9080444420704022,0.009036741123067404,0.8076923076923077,0.8421052631578947,0.8823529411764706,0.72,0.7619047619047619,0.802811054786287,0.057316260736582025,157,0.9135802469135802,0.9285714285714286,0.9397590361445783,0.9390243902439024,0.927710843373494,0.9297291890493966,0.00952051530849873,0.9130434782608695,0.7272727272727273,0.6818181818181818,0.8181818181818182,0.7272727272727273,0.7735177865612648,0.0826417847001059,83,0.8409090909090909,0.8764044943820225,0.8764044943820225,0.8651685393258427,0.8651685393258427,0.8648110316649642,0.012964375425727924,0.8571428571428571,0.7804878048780488,0.7692307692307693,0.7659574468085106,0.7441860465116279,0.7834009849143627,0.038702025181604455,144,0.8757396449704142,0.9017341040462428,0.9069767441860465,0.9005847953216374,0.8953488372093024,0.8960768251467286,0.010819109932608609,0.9548494983277591,0.8973063973063974,0.8671328671328671,0.9038461538461539,0.8863636363636364,0.9018997105953627,0.029252932147339893,8,0.9694805194805195,0.9754753673293,0.9731407169609416,0.9739967897271268,0.9727126805778491,0.9729612148151474,0.0019800307352511146
0.6204797267913819,0.012749723683586855,0.16538028717041015,0.009745891335929431,,log2,4,2,200,"{'classifier__max_depth': None, 'classifier__max_features': 'log2', 'classifier__min_samples_leaf': 4, 'classifier__min_samples_split': 2, 'classifier__n_estimators': 200}",0.8775510204081632,0.8163265306122449,0.8125,0.7708333333333334,0.7708333333333334,0.8096088435374149,0.03918342988161245,112,0.8963730569948186,0.9067357512953368,0.9072164948453608,0.8969072164948454,0.9072164948453608,0.9028898028951445,0.005108642926013387,0.8695652173913043,0.8421052631578947,0.8823529411764706,0.72,0.7619047619047619,0.8151856367260862,0.06339149616211909,65,0.9146341463414634,0.927710843373494,0.927710843373494,0.9367088607594937,0.927710843373494,0.9268951074442878,0.0070517685244948225,0.8695652173913043,0.7272727272727273,0.6818181818181818,0.8181818181818182,0.7272727272727273,0.7648221343873518,0.06859729059262179,143,0.8522727272727273,0.8651685393258427,0.8651685393258427,0.8314606741573034,0.8651685393258427,0.8558478038815117,0.013176809906905888,0.8695652173913043,0.7804878048780488,0.7692307692307693,0.7659574468085106,0.7441860465116279,0.7858854569640521,0.043462126035287624,127,0.8823529411764706,0.8953488372093024,0.8953488372093024,0.8809523809523809,0.8953488372093024,0.8898703667513518,0.006724330058235329,0.9565217391304348,0.8872053872053872,0.8706293706293706,0.9038461538461539,0.8723776223776224,0.8981160546377938,0.03156290663041821,111,0.9715367965367966,0.9774200518582541,0.971856607811664,0.9735687533440343,0.9712145532370251,0.9731193525575547,0.002298923393483431
0.9224376678466797,0.016948118956241265,0.2784311771392822,0.13798552437535588,,log2,4,2,300,"{'classifier__max_depth': None, 'classifier__max_features': 'log2', 'classifier__min_samples_leaf': 4, 'classifier__min_samples_split': 2, 'classifier__n_estimators': 300}",0.8571428571428571,0.8163265306122449,0.7916666666666666,0.7708333333333334,0.7708333333333334,0.8013605442176871,0.032537485012746344,190,0.8963730569948186,0.9015544041450777,0.9123711340206185,0.9020618556701031,0.9020618556701031,0.9028844613001443,0.005206107133236861,0.8333333333333334,0.8421052631578947,0.8333333333333334,0.72,0.7619047619047619,0.7981353383458647,0.04863936216261201,185,0.9146341463414634,0.926829268292683,0.9285714285714286,0.9375,0.9166666666666666,0.9248403019744483,0.008356065745854888,0.8695652173913043,0.7272727272727273,0.6818181818181818,0.8181818181818182,0.7272727272727273,0.7648221343873518,0.06859729059262179,143,0.8522727272727273,0.8539325842696629,0.8764044943820225,0.8426966292134831,0.8651685393258427,0.8580949948927478,0.011606954212207308,0.851063829787234,0.7804878048780488,0.75,0.7659574468085106,0.7441860465116279,0.7783390255970842,0.03851322952543815,185,0.8823529411764706,0.8888888888888888,0.9017341040462428,0.8875739644970414,0.8901734104046243,0.8901446618026536,0.006375144838576104,0.951505016722408,0.8905723905723906,0.8706293706293706,0.9055944055944056,0.8828671328671329,0.9002336632771417,0.028031553486147432,31,0.9721861471861473,0.9764477095937769,0.9717495987158908,0.9735687533440343,0.9721776350989834,0.9732259687877665,0.0017237758641128556
0.41640677452087405,0.15397305272222447,0.15390162467956542,0.07313817317654227,,log2,4,5,100,"{'classifier__max_depth': None, 'classifier__max_features': 'log2', 'classifier__min_samples_leaf': 4, 'classifier__min_samples_split': 5, 'classifier__n_estimators': 100}",0.8571428571428571,0.8163265306122449,0.8125,0.7708333333333334,0.7708333333333334,0.8055272108843538,0.0323627882370164,147,0.8911917098445595,0.9119170984455959,0.9175257731958762,0.9123711340206185,0.9072164948453608,0.9080444420704022,0.009036741123067404,0.8076923076923077,0.8421052631578947,0.8823529411764706,0.72,0.7619047619047619,0.802811054786287,0.057316260736582025,157,0.9135802469135802,0.9285714285714286,0.9397590361445783,0.9390243902439024,0.927710843373494,0.9297291890493966,0.00952051530849873,0.9130434782608695,0.7272727272727273,0.6818181818181818,0.8181818181818182,0.7272727272727273,0.7735177865612648,0.0826417847001059,83,0.8409090909090909,0.8764044943820225,0.8764044943820225,0.8651685393258427,0.8651685393258427,0.8648110316649642,0.012964375425727924,0.8571428571428571,0.7804878048780488,0.7692307692307693,0.7659574468085106,0.7441860465116279,0.7834009849143627,0.038702025181604455,144,0.8757396449704142,0.9017341040462428,0.9069767441860465,0.9005847953216374,0.8953488372093024,0.8960768251467286,0.010819109932608609,0.9548494983277591,0.8973063973063974,0.8671328671328671,0.9038461538461539,0.8863636363636364,0.9018997105953627,0.029252932147339893,8,0.9694805194805195,0.9754753673293,0.9731407169609416,0.9739967897271268,0.9727126805778491,0.9729612148151474,0.0019800307352511146
0.7055389881134033,0.1449415241503845,0.19365329742431642,0.05522257936261172,,log2,4,5,200,"{'classifier__max_depth': None, 'classifier__max_features': 'log2', 'classifier__min_samples_leaf': 4, 'classifier__min_samples_split': 5, 'classifier__n_estimators': 200}",0.8775510204081632,0.8163265306122449,0.8125,0.7708333333333334,0.7708333333333334,0.8096088435374149,0.03918342988161245,112,0.8963730569948186,0.9067357512953368,0.9072164948453608,0.8969072164948454,0.9072164948453608,0.9028898028951445,0.005108642926013387,0.8695652173913043,0.8421052631578947,0.8823529411764706,0.72,0.7619047619047619,0.8151856367260862,0.06339149616211909,65,0.9146341463414634,0.927710843373494,0.927710843373494,0.9367088607594937,0.927710843373494,0.9268951074442878,0.0070517685244948225,0.8695652173913043,0.7272727272727273,0.6818181818181818,0.8181818181818182,0.7272727272727273,0.7648221343873518,0.06859729059262179,143,0.8522727272727273,0.8651685393258427,0.8651685393258427,0.8314606741573034,0.8651685393258427,0.8558478038815117,0.013176809906905888,0.8695652173913043,0.7804878048780488,0.7692307692307693,0.7659574468085106,0.7441860465116279,0.7858854569640521,0.043462126035287624,127,0.8823529411764706,0.8953488372093024,0.8953488372093024,0.8809523809523809,0.8953488372093024,0.8898703667513518,0.006724330058235329,0.9565217391304348,0.8872053872053872,0.8706293706293706,0.9038461538461539,0.8723776223776224,0.8981160546377938,0.03156290663041821,111,0.9715367965367966,0.9774200518582541,0.971856607811664,0.9735687533440343,0.9712145532370251,0.9731193525575547,0.002298923393483431
1.3104317665100098,0.3698241311113795,0.22725958824157716,0.033594312631892546,,log2,4,5,300,"{'classifier__max_depth': None, 'classifier__max_features': 'log2', 'classifier__min_samples_leaf': 4, 'classifier__min_samples_split': 5, 'classifier__n_estimators': 300}",0.8571428571428571,0.8163265306122449,0.7916666666666666,0.7708333333333334,0.7708333333333334,0.8013605442176871,0.032537485012746344,190,0.8963730569948186,0.9015544041450777,0.9123711340206185,0.9020618556701031,0.9020618556701031,0.9028844613001443,0.005206107133236861,0.8333333333333334,0.8421052631578947,0.8333333333333334,0.72,0.7619047619047619,0.7981353383458647,0.04863936216261201,185,0.9146341463414634,0.926829268292683,0.9285714285714286,0.9375,0.9166666666666666,0.9248403019744483,0.008356065745854888,0.8695652173913043,0.7272727272727273,0.6818181818181818,0.8181818181818182,0.7272727272727273,0.7648221343873518,0.06859729059262179,143,0.8522727272727273,0.8539325842696629,0.8764044943820225,0.8426966292134831,0.8651685393258427,0.8580949948927478,0.011606954212207308,0.851063829787234,0.7804878048780488,0.75,0.7659574468085106,0.7441860465116279,0.7783390255970842,0.03851322952543815,185,0.8823529411764706,0.8888888888888888,0.9017341040462428,0.8875739644970414,0.8901734104046243,0.8901446618026536,0.006375144838576104,0.951505016722408,0.8905723905723906,0.8706293706293706,0.9055944055944056,0.8828671328671329,0.9002336632771417,0.028031553486147432,31,0.9721861471861473,0.9764477095937769,0.9717495987158908,0.9735687533440343,0.9721776350989834,0.9732259687877665,0.0017237758641128556
0.3469515323638916,0.015515260598666274,0.11984362602233886,0.00950237905672332,,log2,4,10,100,"{'classifier__max_depth': None, 'classifier__max_features': 'log2', 'classifier__min_samples_leaf': 4, 'classifier__min_samples_split': 10, 'classifier__n_estimators': 100}",0.8571428571428571,0.8367346938775511,0.8125,0.7916666666666666,0.7708333333333334,0.8137755102040816,0.030797108106773476,81,0.8911917098445595,0.9015544041450777,0.8969072164948454,0.8969072164948454,0.8969072164948454,0.8966935526948348,0.0032874034808267304,0.8076923076923077,0.8888888888888888,0.8823529411764706,0.75,0.7619047619047619,0.8181677799324858,0.05838376334753747,47,0.9135802469135802,0.926829268292683,0.9156626506024096,0.9259259259259259,0.9259259259259259,0.9215848035321048,0.005733060611629368,0.9130434782608695,0.7272727272727273,0.6818181818181818,0.8181818181818182,0.7272727272727273,0.7735177865612648,0.0826417847001059,83,0.8409090909090909,0.8539325842696629,0.8539325842696629,0.8426966292134831,0.8426966292134831,0.8468335035750766,0.00583300982033472,0.8571428571428571,0.8,0.7692307692307693,0.782608695652174,0.7441860465116279,0.7906336737074856,0.037923782022395394,76,0.8757396449704142,0.8888888888888888,0.8837209302325582,0.8823529411764706,0.8823529411764706,0.8826110692889605,0.004195057631398934,0.9431438127090301,0.8922558922558923,0.8636363636363636,0.895104895104895,0.8898601398601399,0.8968002207132642,0.02576532440153581,150,0.964935064935065,0.9696413137424373,0.9675762439807385,0.9689673622257892,0.9693953986088818,0.9681030766985822,0.0017376484018259905
0.6199109554290771,0.013126821914397816,0.1575031280517578,0.0083682834879089,,log2,4,10,200,"{'classifier__max_depth': None, 'classifier__max_features': 'log2', 'classifier__min_samples_leaf': 4, 'classifier__min_samples_split': 10, 'classifier__n_estimators': 200}",0.8367346938775511,0.8163265306122449,0.8125,0.7708333333333334,0.7708333333333334,0.8014455782312926,0.02631799286756081,185,0.8860103626943006,0.8911917098445595,0.9072164948453608,0.8917525773195877,0.8865979381443299,0.8925538165696277,0.007691303266929459,0.8,0.8421052631578947,0.8823529411764706,0.72,0.7619047619047619,0.8012725932478254,0.05726780911414652,168,0.9230769230769231,0.925,0.9176470588235294,0.925,0.9135802469135802,0.9208608457628065,0.0045279518627105685,0.8695652173913043,0.7272727272727273,0.6818181818181818,0.8181818181818182,0.7272727272727273,0.7648221343873518,0.06859729059262179,143,0.8181818181818182,0.8314606741573034,0.8764044943820225,0.8314606741573034,0.8314606741573034,0.8377936670071501,0.019978693652130987,0.8333333333333334,0.7804878048780488,0.7692307692307693,0.7659574468085106,0.7441860465116279,0.778639080152458,0.029769886730890874,181,0.8674698795180723,0.8757396449704142,0.896551724137931,0.8757396449704142,0.8705882352941177,0.87721782577819,0.010169991042890804,0.9531772575250836,0.8855218855218855,0.8671328671328671,0.9020979020979022,0.8881118881118881,0.8992083600779253,0.02918999783584014,60,0.9675324675324676,0.9722342264477096,0.9676832530765115,0.969502407704655,0.9689673622257892,0.9691839433974266,0.0016989407039423538
0.9077769756317139,0.013627725747973189,0.2082840919494629,0.009322199241404873,,log2,4,10,300,"{'classifier__max_depth': None, 'classifier__max_features': 'log2', 'classifier__min_samples_leaf': 4, 'classifier__min_samples_split': 10, 'classifier__n_estimators': 300}",0.8367346938775511,0.8163265306122449,0.7916666666666666,0.7708333333333334,0.7708333333333334,0.7972789115646259,0.025883605073782335,206,0.8808290155440415,0.8911917098445595,0.9072164948453608,0.8969072164948454,0.8969072164948454,0.8946103306447306,0.008614851817065812,0.8,0.8421052631578947,0.8333333333333334,0.72,0.7619047619047619,0.791468671679198,0.04554403066847064,211,0.922077922077922,0.925,0.9176470588235294,0.9259259259259259,0.9156626506024096,0.9212627114859574,0.004020226081561648,0.8695652173913043,0.7272727272727273,0.6818181818181818,0.8181818181818182,0.7272727272727273,0.7648221343873518,0.06859729059262179,143,0.8068181818181818,0.8314606741573034,0.8764044943820225,0.8426966292134831,0.8539325842696629,0.8422625127681307,0.023130215080392973,0.8333333333333334,0.7804878048780488,0.75,0.7659574468085106,0.7441860465116279,0.7747929263063041,0.031902811413380756,203,0.8606060606060606,0.8757396449704142,0.896551724137931,0.8823529411764706,0.8837209302325582,0.879794260224687,0.011725229992045762,0.9498327759197325,0.888888888888889,0.8653846153846154,0.8968531468531469,0.8951048951048951,0.8992128644302557,0.027697487332597102,57,0.9673160173160172,0.9721261884183233,0.9687533440342428,0.9695024077046549,0.9686463349384697,0.9692688584823417,0.0015928439303374883
0.3792073726654053,0.06377661696648311,0.17120509147644042,0.04842783572838218,5,sqrt,1,2,100,"{'classifier__max_depth': 5, 'classifier__max_features': 'sqrt', 'classifier__min_samples_leaf': 1, 'classifier__min_samples_split': 2, 'classifier__n_estimators': 100}",0.8775510204081632,0.7959183673469388,0.7916666666666666,0.8125,0.8125,0.8180272108843537,0.030944670864501127,25,0.9430051813471503,0.9585492227979274,0.9484536082474226,0.9381443298969072,0.9536082474226805,0.9483521179424177,0.007271957268376019,0.84,0.875,0.8333333333333334,0.782608695652174,0.8095238095238095,0.8280931677018634,0.030929407263155028,15,0.9753086419753086,0.9655172413793104,0.9759036144578314,0.9873417721518988,0.9761904761904762,0.976052349230965,0.006914244266808895,0.9130434782608695,0.6363636363636364,0.6818181818181818,0.8181818181818182,0.7727272727272727,0.7644268774703556,0.09825454143494039,169,0.8977272727272727,0.9438202247191011,0.9101123595505618,0.8764044943820225,0.9213483146067416,0.90988253319714,0.02259120762297631,0.875,0.7368421052631579,0.75,0.8,0.7906976744186046,0.7905079559363526,0.0484767128140537,82,0.9349112426035503,0.9545454545454546,0.9418604651162791,0.9285714285714286,0.9479768786127167,0.9415730938898857,0.009195615755246555,0.9498327759197325,0.8703703703703705,0.8723776223776224,0.8846153846153846,0.8863636363636364,0.8927119579293492,0.029261836138582718,204,0.9874458874458873,0.9933016421780467,0.9903691813804173,0.9889780631353664,0.9898341359015517,0.9899857820082538,0.0019303617277901352
0.948827075958252,0.19898877197944143,0.23140268325805663,0.05669268097605088,5,sqrt,1,2,200,"{'classifier__max_depth': 5, 'classifier__max_features': 'sqrt', 'classifier__min_samples_leaf': 1, 'classifier__min_samples_split': 2, 'classifier__n_estimators': 200}",0.8571428571428571,0.7959183673469388,0.7916666666666666,0.7916666666666666,0.7916666666666666,0.8056122448979591,0.025817872557294497,143,0.9430051813471503,0.9585492227979274,0.9381443298969072,0.9432989690721649,0.9536082474226805,0.9473211901073662,0.007544756653238588,0.8076923076923077,0.875,0.8333333333333334,0.75,0.7727272727272727,0.8077505827505828,0.04413326794328437,122,0.9873417721518988,0.9655172413793104,0.963855421686747,0.9875,0.9761904761904762,0.9760809822816865,0.010181044119159568,0.9130434782608695,0.6363636363636364,0.6818181818181818,0.8181818181818182,0.7727272727272727,0.7644268774703556,0.09825454143494039,169,0.8863636363636364,0.9438202247191011,0.898876404494382,0.8876404494382022,0.9213483146067416,0.9076098059244126,0.02202901845347554,0.8571428571428571,0.7368421052631579,0.75,0.782608695652174,0.7727272727272727,0.7798641861570923,0.04188849463580452,178,0.9341317365269461,0.9545454545454546,0.9302325581395349,0.9349112426035503,0.9479768786127167,0.9403595740856405,0.009276737155349915,0.9481605351170568,0.8737373737373738,0.8723776223776224,0.8828671328671329,0.8846153846153846,0.8923516097429142,0.02831921815865141,209,0.9895021645021644,0.9927614520311149,0.990155163188871,0.9892990904226859,0.9902621722846442,0.990396008485896,0.001238824285855897
0.9367714881896972,0.008182701632745466,0.21025724411010743,0.008055164156318437,5,sqrt,1,2,300,"{'classifier__max_depth': 5, 'classifier__max_features': 'sqrt', 'classifier__min_samples_leaf': 1, 'classifier__min_samples_split': 2, 'classifier__n_estimators': 300}",0.8775510204081632,0.8163265306122449,0.7916666666666666,0.8125,0.7708333333333334,0.8137755102040816,0.03580022863098788,81,0.9378238341968912,0.9533678756476683,0.9432989690721649,0.9484536082474226,0.9536082474226805,0.9473105069173655,0.006062166728930864,0.84,0.8823529411764706,0.8333333333333334,0.782608695652174,0.7619047619047619,0.8200399464133479,0.04298563807303235,31,0.975,0.9651162790697675,0.9642857142857143,0.9876543209876543,0.9761904761904762,0.9736493581067224,0.008542970951529201,0.9130434782608695,0.6818181818181818,0.6818181818181818,0.8181818181818182,0.7272727272727273,0.7644268774703556,0.089448657623281,169,0.8863636363636364,0.9325842696629213,0.9101123595505618,0.898876404494382,0.9213483146067416,0.9098569969356486,0.016255189441102703,0.875,0.7692307692307693,0.75,0.8,0.7441860465116279,0.7876833631484794,0.04780888045012384,107,0.9285714285714286,0.9485714285714286,0.9364161849710982,0.9411764705882353,0.9479768786127167,0.9405424782629815,0.00748957441958362,0.9548494983277591,0.8754208754208754,0.8828671328671329,0.8846153846153847,0.8846153846153847,0.8964736551693073,0.02938480290835987,156,0.9901515151515151,0.9929775280898876,0.9902621722846442,0.9898341359015517,0.990048154093098,0.9906547011041393,0.0011699595472557049
0.32764811515808107,0.00969682813444589,0.11883234977722168,0.005316634051057533,5,sqrt,1,5,100,"{'classifier__max_depth': 5, 'classifier__max_features': 'sqrt', 'classifier__min_samples_leaf': 1, 'classifier__min_samples_split': 5, 'classifier__n_estimators': 100}",0.8775510204081632,0.7959183673469388,0.7916666666666666,0.8125,0.75,0.8055272108843538,0.04148195905476437,147,0.9222797927461139,0.9326424870466321,0.9381443298969072,0.9278350515463918,0.9381443298969072,0.9318091982265905,0.006124794975591872,0.8695652173913043,0.875,0.8333333333333334,0.76,0.7272727272727273,0.813034255599473,0.05935524860531827,83,0.9506172839506173,0.9523809523809523,0.963855421686747,0.987012987012987,0.9529411764705882,0.9613615643003783,0.01364704139167283,0.8695652173913043,0.6363636363636364,0.6818181818181818,0.8636363636363636,0.7272727272727273,0.7557312252964428,0.0949982547524185,198,0.875,0.898876404494382,0.898876404494382,0.8539325842696629,0.9101123595505618,0.8873595505617977,0.020263695277383635,0.8695652173913043,0.7368421052631579,0.75,0.8085106382978723,0.7272727272727273,0.7784381376450125,0.05360103872089907,184,0.9112426035502958,0.9248554913294798,0.9302325581395349,0.9156626506024096,0.9310344827586207,0.9226055572760682,0.00789431188463721,0.9581939799331104,0.8787878787878789,0.868881118881119,0.9003496503496504,0.8811188811188811,0.897466301814128,0.03202935816387372,136,0.9838744588744589,0.9881158167675022,0.987907972177635,0.9844836811128945,0.9838416265382557,0.9856447110941493,0.0019473885814233899
0.6337709426879883,0.006195623184405557,0.1637598991394043,0.003676648977918375,5,sqrt,1,5,200,"{'classifier__max_depth': 5, 'classifier__max_features': 'sqrt', 'classifier__min_samples_leaf': 1, 'classifier__min_samples_split': 5, 'classifier__n_estimators': 200}",0.8979591836734694,0.7959183673469388,0.7916666666666666,0.7916666666666666,0.7708333333333334,0.8096088435374149,0.04503464300688476,112,0.927461139896373,0.9326424870466321,0.9381443298969072,0.9226804123711341,0.9278350515463918,0.9297526841514877,0.005248165338589567,0.875,0.875,0.8333333333333334,0.75,0.7619047619047619,0.819047619047619,0.05384848989475545,43,0.9512195121951219,0.9523809523809523,0.963855421686747,0.9868421052631579,0.9518072289156626,0.9612210440883283,0.013639475787332602,0.9130434782608695,0.6363636363636364,0.6818181818181818,0.8181818181818182,0.7272727272727273,0.7553359683794467,0.09916459624073816,211,0.8863636363636364,0.898876404494382,0.898876404494382,0.8426966292134831,0.8876404494382022,0.8828907048008171,0.020790720186979555,0.8936170212765957,0.7368421052631579,0.75,0.782608695652174,0.7441860465116279,0.781450773740711,0.058224311480896046,166,0.9176470588235294,0.9248554913294798,0.9302325581395349,0.9090909090909091,0.9186046511627907,0.9200861337092487,0.007137724316202085,0.9548494983277591,0.872053872053872,0.8723776223776224,0.8916083916083917,0.8863636363636364,0.8954506041462563,0.03067681134326834,170,0.9846320346320345,0.9893042350907519,0.98705189941145,0.9841626538255752,0.9853397538790798,0.9860981153677782,0.0018793309411921277
1.2014440536499023,0.381054859493336,0.29853053092956544,0.07281350813016842,5,sqrt,1,5,300,"{'classifier__max_depth': 5, 'classifier__max_features': 'sqrt', 'classifier__min_samples_leaf': 1, 'classifier__min_samples_split': 5, 'classifier__n_estimators': 300}",0.8979591836734694,0.7959183673469388,0.7916666666666666,0.7916666666666666,0.7708333333333334,0.8096088435374149,0.04503464300688476,112,0.9222797927461139,0.9430051813471503,0.9381443298969072,0.9329896907216495,0.9381443298969072,0.9349126649217456,0.007066306366113786,0.875,0.875,0.8333333333333334,0.75,0.7619047619047619,0.819047619047619,0.05384848989475545,43,0.9506172839506173,0.9642857142857143,0.963855421686747,0.9871794871794872,0.963855421686747,0.9659586657578625,0.011809549487069262,0.9130434782608695,0.6363636363636364,0.6818181818181818,0.8181818181818182,0.7272727272727273,0.7553359683794467,0.09916459624073816,211,0.875,0.9101123595505618,0.898876404494382,0.8651685393258427,0.898876404494382,0.8896067415730338,0.01675061968075907,0.8936170212765957,0.7368421052631579,0.75,0.782608695652174,0.7441860465116279,0.781450773740711,0.058224311480896046,166,0.9112426035502958,0.9364161849710982,0.9302325581395349,0.9221556886227545,0.9302325581395349,0.9260559186846435,0.008681818376396927,0.9531772575250836,0.8720538720538721,0.8776223776223776,0.8933566433566433,0.8811188811188811,0.8954658063353715,0.029689732383764843,169,0.985064935064935,0.990600691443388,0.98705189941145,0.9861958266452648,0.9851257356875335,0.9868078176505142,0.002034061943132368
0.43961238861083984,0.15091803555634484,0.14105429649353027,0.0357056885237954,5,sqrt,1,10,100,"{'classifier__max_depth': 5, 'classifier__max_features': 'sqrt', 'classifier__min_samples_leaf': 1, 'classifier__min_samples_split': 10, 'classifier__n_estimators': 100}",0.8775510204081632,0.8163265306122449,0.7916666666666666,0.7708333333333334,0.8125,0.8137755102040817,0.03580022863098789,72,0.9015544041450777,0.9222797927461139,0.9278350515463918,0.9020618556701031,0.9278350515463918,0.9163132311308155,0.012016898313657074,0.84,0.8823529411764706,0.8333333333333334,0.72,0.782608695652174,0.8116589940323955,0.05570622010010708,95,0.9367088607594937,0.9512195121951219,0.9518072289156626,0.9375,0.9629629629629629,0.9480397129666482,0.009863898328467277,0.9130434782608695,0.6818181818181818,0.6818181818181818,0.8181818181818182,0.8181818181818182,0.782608695652174,0.0892878289186563,33,0.8409090909090909,0.8764044943820225,0.8876404494382022,0.8426966292134831,0.8764044943820225,0.8648110316649642,0.019237196464620437,0.875,0.7692307692307693,0.75,0.7659574468085106,0.8,0.7920376432078559,0.04452784603256382,66,0.8862275449101796,0.9122807017543859,0.9186046511627907,0.8875739644970414,0.9176470588235294,0.9044667842295855,0.014509951318622358,0.9531772575250836,0.8804713804713805,0.8741258741258742,0.8898601398601399,0.8741258741258741,0.8943521052216704,0.02997149200358026,188,0.974025974025974,0.9822817631806395,0.978705189941145,0.9742108079186731,0.975708935259497,0.9769865340651858,0.003133530261530192
0.6172818183898926,0.014760628822414242,0.16558914184570311,0.006530901285781945,5,sqrt,1,10,200,"{'classifier__max_depth': 5, 'classifier__max_features': 'sqrt', 'classifier__min_samples_leaf': 1, 'classifier__min_samples_split': 10, 'classifier__n_estimators': 200}",0.8775510204081632,0.7959183673469388,0.7916666666666666,0.7708333333333334,0.8125,0.8096938775510203,0.036434470136067265,108,0.9119170984455959,0.917098445595855,0.9175257731958762,0.9072164948453608,0.9278350515463918,0.916318572725816,0.006883540029293326,0.84,0.875,0.8333333333333334,0.72,0.782608695652174,0.8101884057971015,0.053887940236379,103,0.9493670886075949,0.9506172839506173,0.9397590361445783,0.9493670886075949,0.9518072289156626,0.9481835452452098,0.00430878337347374,0.9130434782608695,0.6363636363636364,0.6818181818181818,0.8181818181818182,0.8181818181818182,0.7735177865612648,0.10067497058547176,83,0.8522727272727273,0.8651685393258427,0.8764044943820225,0.8426966292134831,0.8876404494382022,0.8648365679264556,0.01613673521924214,0.875,0.7368421052631579,0.75,0.7659574468085106,0.8,0.7855599104143337,0.04945752553287533,133,0.8982035928143712,0.9058823529411765,0.9069767441860465,0.8928571428571429,0.9186046511627907,0.9045048967923055,0.008742849556574193,0.9531772575250836,0.888888888888889,0.8618881118881119,0.8968531468531469,0.8706293706293706,0.8942873551569204,0.031978613235425064,189,0.975974025974026,0.9810933448573897,0.9768860353130016,0.9739967897271268,0.9765650080256821,0.9769030407794453,0.0023230397018533387
0.9188400268554687,0.010662126822099296,0.2143718719482422,0.012878608556016287,5,sqrt,1,10,300,"{'classifier__max_depth': 5, 'classifier__max_features': 'sqrt', 'classifier__min_samples_leaf': 1, 'classifier__min_samples_split': 10, 'classifier__n_estimators': 300}",0.8979591836734694,0.8163265306122449,0.7916666666666666,0.7708333333333334,0.7916666666666666,0.8136904761904763,0.0445308767250959,93,0.9067357512953368,0.9222797927461139,0.9226804123711341,0.9123711340206185,0.9226804123711341,0.9173495005608674,0.006611820163467931,0.875,0.8823529411764706,0.8333333333333334,0.72,0.75,0.8121372549019608,0.06585066931892261,92,0.9487179487179487,0.9512195121951219,0.9404761904761905,0.95,0.9404761904761905,0.9461779683730903,0.004722226855837839,0.9130434782608695,0.6818181818181818,0.6818181818181818,0.8181818181818182,0.8181818181818182,0.782608695652174,0.0892878289186563,33,0.8409090909090909,0.8764044943820225,0.8876404494382022,0.8539325842696629,0.8876404494382022,0.8693054136874361,0.018790524475447237,0.8936170212765957,0.7692307692307693,0.75,0.7659574468085106,0.782608695652174,0.79228278659361,0.0517193739632413,64,0.891566265060241,0.9122807017543859,0.9132947976878613,0.8994082840236687,0.9132947976878613,0.9059689692428037,0.008918003929418064,0.9531772575250836,0.8821548821548822,0.8706293706293706,0.9003496503496504,0.8793706293706294,0.8971363580059233,0.029643190715581996,146,0.9756493506493507,0.9820656871218669,0.9773140716960941,0.976457998929909,0.9764579989299091,0.9775890214654259,0.0022994294771374025
0.43112959861755373,0.1405198941820673,0.19945549964904785,0.0975320569348915,5,sqrt,2,2,100,"{'classifier__max_depth': 5, 'classifier__max_features': 'sqrt', 'classifier__min_samples_leaf': 2, 'classifier__min_samples_split': 2, 'classifier__n_estimators': 100}",0.8775510204081632,0.8163265306122449,0.7916666666666666,0.8125,0.7916666666666666,0.8179421768707483,0.031515858556487836,31,0.917098445595855,0.917098445595855,0.9329896907216495,0.9226804123711341,0.9381443298969072,0.9256022648362802,0.00854452529251987,0.84,0.8823529411764706,0.8333333333333334,0.782608695652174,0.7727272727272727,0.82220444857785,0.04018504564662247,26,0.9390243902439024,0.9506172839506173,0.9634146341463414,0.9743589743589743,0.963855421686747,0.9582541408773164,0.012210451196412337,0.9130434782608695,0.6818181818181818,0.6818181818181818,0.8181818181818182,0.7727272727272727,0.7735177865612648,0.08749920490730415,83,0.875,0.8651685393258427,0.8876404494382022,0.8539325842696629,0.898876404494382,0.8761235955056179,0.015899968200095392,0.875,0.7692307692307693,0.75,0.8,0.7727272727272727,0.7933916083916083,0.04381139809860771,52,0.9058823529411765,0.9058823529411765,0.9239766081871345,0.9101796407185628,0.9302325581395349,0.9152307025855171,0.010018413477048172,0.9581939799331103,0.8804713804713805,0.8583916083916083,0.8968531468531469,0.8846153846153846,0.8957051000529261,0.033625950635988354,168,0.9792207792207793,0.9856309420916163,0.9857677902621723,0.9827715355805243,0.9856607811663991,0.9838103656642982,0.0025578709420129124
0.8114672183990479,0.1965688497916795,0.24473986625671387,0.07928761733657494,5,sqrt,2,2,200,"{'classifier__max_depth': 5, 'classifier__max_features': 'sqrt', 'classifier__min_samples_leaf': 2, 'classifier__min_samples_split': 2, 'classifier__n_estimators': 200}",0.8775510204081632,0.7959183673469388,0.7916666666666666,0.7916666666666666,0.7708333333333334,0.8055272108843538,0.03706117516753787,147,0.9067357512953368,0.9222797927461139,0.9381443298969072,0.9175257731958762,0.9278350515463918,0.9225041397361251,0.010454766453583259,0.84,0.875,0.8333333333333334,0.75,0.7391304347826086,0.8074927536231884,0.053405071475612416,123,0.9487179487179487,0.9512195121951219,0.963855421686747,0.974025974025974,0.9518072289156626,0.9579252171082908,0.00960803568669575,0.9130434782608695,0.6363636363636364,0.6818181818181818,0.8181818181818182,0.7727272727272727,0.7644268774703556,0.09825454143494039,169,0.8409090909090909,0.8764044943820225,0.898876404494382,0.8426966292134831,0.8876404494382022,0.8693054136874363,0.02356010415302889,0.875,0.7368421052631579,0.75,0.782608695652174,0.7555555555555555,0.7800012712941775,0.04978341094629536,177,0.891566265060241,0.9122807017543859,0.9302325581395349,0.9036144578313253,0.9186046511627907,0.9112597267896556,0.013124337740928258,0.9531772575250836,0.8804713804713805,0.8636363636363636,0.8968531468531469,0.8828671328671329,0.8954010562706216,0.030754473339531622,171,0.9823593073593073,0.9878997407087294,0.9851257356875335,0.9828785446762974,0.9856607811663992,0.9847848219196533,0.0020051563366788273
1.1565829753875732,0.32979691814895984,0.2364264488220215,0.05506799579423979,5,sqrt,2,2,300,"{'classifier__max_depth': 5, 'classifier__max_features': 'sqrt', 'classifier__min_samples_leaf': 2, 'classifier__min_samples_split': 2, 'classifier__n_estimators': 300}",0.8775510204081632,0.7959183673469388,0.7916666666666666,0.7916666666666666,0.7916666666666666,0.8096938775510203,0.033968507517771036,108,0.9067357512953368,0.927461139896373,0.9381443298969072,0.9278350515463918,0.9381443298969072,0.9276641205063832,0.011469408303141094,0.84,0.875,0.8333333333333334,0.75,0.7727272727272727,0.8142121212121213,0.04597823575837495,75,0.9487179487179487,0.9629629629629629,0.963855421686747,0.987012987012987,0.963855421686747,0.9652809484134786,0.012296761931912828,0.9130434782608695,0.6363636363636364,0.6818181818181818,0.8181818181818182,0.7727272727272727,0.7644268774703556,0.09825454143494039,169,0.8409090909090909,0.8764044943820225,0.898876404494382,0.8539325842696629,0.898876404494382,0.8737997957099081,0.02341350731581037,0.875,0.7368421052631579,0.75,0.782608695652174,0.7727272727272727,0.783435614728521,0.048555709222070566,143,0.891566265060241,0.9176470588235294,0.9302325581395349,0.9156626506024096,0.9302325581395349,0.9170682181530498,0.014136901943272977,0.9548494983277591,0.8787878787878788,0.868881118881119,0.8933566433566433,0.8793706293706294,0.8950491537448059,0.03089969916377034,178,0.9826839826839826,0.9890881590319793,0.9851257356875335,0.9837346174424826,0.9842696629213483,0.9849804315534652,0.002201156995163679
0.33803486824035645,0.012057541523787142,0.11662077903747559,0.0015954041197389593,5,sqrt,2,5,100,"{'classifier__max_depth': 5, 'classifier__max_features': 'sqrt', 'classifier__min_samples_leaf': 2, 'classifier__min_samples_split': 5, 'classifier__n_estimators': 100}",0.8571428571428571,0.8163265306122449,0.8125,0.8125,0.7708333333333334,0.8138605442176872,0.0273294081116796,60,0.9119170984455959,0.9222797927461139,0.9381443298969072,0.9175257731958762,0.9278350515463918,0.9235404091661769,0.008995385545982263,0.8076923076923077,0.8823529411764706,0.8823529411764706,0.782608695652174,0.7391304347826086,0.8188274640960062,0.05631763463375308,45,0.927710843373494,0.9625,0.9529411764705882,0.9620253164556962,0.9518072289156626,0.9513969130430882,0.01264772314778874,0.9130434782608695,0.6818181818181818,0.6818181818181818,0.8181818181818182,0.7727272727272727,0.7735177865612648,0.08749920490730415,83,0.875,0.8651685393258427,0.9101123595505618,0.8539325842696629,0.8876404494382022,0.878370786516854,0.0193718423028839,0.8571428571428571,0.7692307692307693,0.7692307692307693,0.8,0.7555555555555555,0.7902319902319903,0.03648845245977134,87,0.9005847953216374,0.9112426035502958,0.9310344827586207,0.9047619047619048,0.9186046511627907,0.91324568751105,0.010783736216183375,0.951505016722408,0.8973063973063974,0.8758741258741259,0.8968531468531469,0.8916083916083917,0.9026294156728939,0.025643060221454433,5,0.979978354978355,0.9851987899740708,0.983948635634029,0.9799892990904226,0.9813804173354735,0.9820990994024701,0.0021210461614058827
0.6330324649810791,0.012431997802546347,0.16517252922058107,0.00857026798681596,5,sqrt,2,5,200,"{'classifier__max_depth': 5, 'classifier__max_features': 'sqrt', 'classifier__min_samples_leaf': 2, 'classifier__min_samples_split': 5, 'classifier__n_estimators': 200}",0.8775510204081632,0.8163265306122449,0.8125,0.7916666666666666,0.7708333333333334,0.8137755102040816,0.03580022863098788,81,0.9119170984455959,0.917098445595855,0.9381443298969072,0.9226804123711341,0.9329896907216495,0.9245659954062283,0.009743142492862844,0.84,0.8823529411764706,0.8823529411764706,0.75,0.7391304347826086,0.8187672634271099,0.06262278647245266,46,0.9493670886075949,0.9506172839506173,0.963855421686747,0.9743589743589743,0.9523809523809523,0.9581159441969772,0.009617069631059138,0.9130434782608695,0.6818181818181818,0.6818181818181818,0.8181818181818182,0.7727272727272727,0.7735177865612648,0.08749920490730415,83,0.8522727272727273,0.8651685393258427,0.898876404494382,0.8539325842696629,0.898876404494382,0.8738253319713994,0.0209298289932517,0.875,0.7692307692307693,0.7692307692307693,0.782608695652174,0.7555555555555555,0.7903251579338535,0.04319315776400238,86,0.8982035928143712,0.9058823529411765,0.9302325581395349,0.9101796407185628,0.9248554913294798,0.913870727188625,0.011927044036508454,0.951505016722408,0.8787878787878788,0.8653846153846154,0.8916083916083917,0.8863636363636364,0.8947299077733861,0.029726909796345857,182,0.9818181818181818,0.9872515125324114,0.9838416265382557,0.9808453718566078,0.982557517388978,0.983262842026887,0.002221403695859344
0.9188765525817871,0.014762435643230647,0.21209716796875,0.009476526150622493,5,sqrt,2,5,300,"{'classifier__max_depth': 5, 'classifier__max_features': 'sqrt', 'classifier__min_samples_leaf': 2, 'classifier__min_samples_split': 5, 'classifier__n_estimators': 300}",0.8775510204081632,0.8163265306122449,0.8125,0.7916666666666666,0.7916666666666666,0.8179421768707483,0.031515858556487836,31,0.9119170984455959,0.9326424870466321,0.9381443298969072,0.9226804123711341,0.9329896907216495,0.9276748036963838,0.009335803128853536,0.84,0.8823529411764706,0.8823529411764706,0.75,0.7727272727272727,0.8254866310160427,0.05506355181239844,19,0.9493670886075949,0.9634146341463414,0.963855421686747,0.9743589743589743,0.9523809523809523,0.960675414236122,0.008961382892455332,0.9130434782608695,0.6818181818181818,0.6818181818181818,0.8181818181818182,0.7727272727272727,0.7735177865612648,0.08749920490730415,83,0.8522727272727273,0.8876404494382022,0.898876404494382,0.8539325842696629,0.898876404494382,0.8783197139938712,0.021000994125648438,0.875,0.7692307692307693,0.7692307692307693,0.782608695652174,0.7727272727272727,0.793759501368197,0.04091462117190859,49,0.8982035928143712,0.9239766081871345,0.9302325581395349,0.9101796407185628,0.9248554913294798,0.9174895782378165,0.011697061086457728,0.9531772575250836,0.8821548821548822,0.8706293706293706,0.8898601398601399,0.8828671328671329,0.8957377566073219,0.029374891062192356,167,0.9821428571428571,0.987791702679343,0.9837346174424826,0.9821294810058855,0.981701444622793,0.9835000205786721,0.002255159316894606
0.5722531318664551,0.12861192737785077,0.16899900436401366,0.029707052285553887,5,sqrt,2,10,100,"{'classifier__max_depth': 5, 'classifier__max_features': 'sqrt', 'classifier__min_samples_leaf': 2, 'classifier__min_samples_split': 10, 'classifier__n_estimators': 100}",0.8775510204081632,0.8367346938775511,0.7916666666666666,0.7708333333333334,0.7916666666666666,0.8136904761904763,0.03851242953216038,93,0.8963730569948186,0.9119170984455959,0.9278350515463918,0.9020618556701031,0.9175257731958762,0.9111425671705572,0.011140754055995392,0.84,0.8888888888888888,0.8333333333333334,0.72,0.7727272727272727,0.8109898989898989,0.05857005708186392,102,0.9358974358974359,0.95,0.9518072289156626,0.9375,0.9620253164556962,0.9474459962537589,0.009699401536188796,0.9130434782608695,0.7272727272727273,0.6818181818181818,0.8181818181818182,0.7727272727272727,0.7826086956521738,0.0794948037988884,45,0.8295454545454546,0.8539325842696629,0.8876404494382022,0.8426966292134831,0.8539325842696629,0.8535495403472932,0.019268966465267198,0.875,0.8,0.75,0.7659574468085106,0.7727272727272727,0.7927369439071565,0.04419035451690562,60,0.8795180722891566,0.8994082840236687,0.9186046511627907,0.8875739644970414,0.9047619047619048,0.8979733753469125,0.013583361832018734,0.951505016722408,0.8838383838383839,0.8653846153846154,0.8933566433566433,0.8846153846153847,0.8957400087834871,0.02933350435526405,166,0.970021645021645,0.976447709593777,0.9751738897806312,0.9710005350454789,0.9741037988229,0.9733495156528864,0.0024531010002108514
0.803810453414917,0.1994971671129678,0.20651535987854003,0.05580650936146706,5,sqrt,2,10,200,"{'classifier__max_depth': 5, 'classifier__max_features': 'sqrt', 'classifier__min_samples_leaf': 2, 'classifier__min_samples_split': 10, 'classifier__n_estimators': 200}",0.8979591836734694,0.7959183673469388,0.7916666666666666,0.7708333333333334,0.7708333333333334,0.8054421768707483,0.047403392872151756,167,0.8963730569948186,0.9119170984455959,0.9175257731958762,0.9072164948453608,0.9123711340206185,0.9090807115004541,0.007143540089829235,0.875,0.875,0.8333333333333334,0.72,0.7391304347826086,0.8084927536231884,0.06649147428106025,115,0.9358974358974359,0.95,0.9397590361445783,0.9493670886075949,0.9390243902439024,0.9428095901787025,0.0057639270348034625,0.9130434782608695,0.6363636363636364,0.6818181818181818,0.8181818181818182,0.7727272727272727,0.7644268774703556,0.09825454143494039,169,0.8295454545454546,0.8539325842696629,0.8764044943820225,0.8426966292134831,0.8651685393258427,0.853549540347293,0.016440672730153094,0.8936170212765957,0.7368421052631579,0.75,0.7659574468085106,0.7555555555555555,0.780394425780764,0.05738532514107319,176,0.8795180722891566,0.8994082840236687,0.9069767441860465,0.8928571428571429,0.9005847953216374,0.8958690077355304,0.009322782398751242,0.9531772575250836,0.8956228956228957,0.8618881118881119,0.9003496503496504,0.8811188811188811,0.8984313593009245,0.03047560176083873,91,0.9726190476190476,0.9770959377700951,0.9730337078651684,0.9712145532370251,0.9759229534510434,0.9739772399884759,0.0021853811657567158
0.9289195537567139,0.004782612461198784,0.2044215679168701,0.004655037308664556,5,sqrt,2,10,300,"{'classifier__max_depth': 5, 'classifier__max_features': 'sqrt', 'classifier__min_samples_leaf': 2, 'classifier__min_samples_split': 10, 'classifier__n_estimators': 300}",0.8775510204081632,0.7959183673469388,0.7916666666666666,0.7708333333333334,0.7708333333333334,0.8013605442176871,0.03947758458151615,190,0.8911917098445595,0.917098445595855,0.9123711340206185,0.9072164948453608,0.9072164948453608,0.907018855830351,0.008727218160249333,0.84,0.875,0.8333333333333334,0.72,0.7391304347826086,0.8014927536231884,0.060712558032037595,167,0.935064935064935,0.9506172839506173,0.9186046511627907,0.9493670886075949,0.927710843373494,0.9362729604318863,0.012362476581406542,0.9130434782608695,0.6363636363636364,0.6818181818181818,0.8181818181818182,0.7727272727272727,0.7644268774703556,0.09825454143494039,169,0.8181818181818182,0.8651685393258427,0.8876404494382022,0.8426966292134831,0.8651685393258427,0.8557711950970377,0.023563425299769073,0.875,0.7368421052631579,0.75,0.7659574468085106,0.7555555555555555,0.7766710215254449,0.05005380615703351,197,0.8727272727272727,0.9058823529411765,0.9028571428571428,0.8928571428571429,0.8953488372093024,0.8939345497184075,0.01162129323440152,0.9531772575250836,0.8888888888888888,0.8706293706293706,0.9020979020979021,0.8811188811188811,0.8991824600520253,0.028884138772766108,64,0.9725108225108225,0.9782843560933447,0.9734617442482612,0.9732477260567148,0.9746388443017656,0.9744286986421817,0.0020453948998535587
0.33235769271850585,0.014660198553401293,0.12043209075927734,0.003100809651444823,5,sqrt,4,2,100,"{'classifier__max_depth': 5, 'classifier__max_features': 'sqrt', 'classifier__min_samples_leaf': 4, 'classifier__min_samples_split': 2, 'classifier__n_estimators': 100}",0.8571428571428571,0.8367346938775511,0.7916666666666666,0.7708333333333334,0.8125,0.8137755102040817,0.030797108106773476,72,0.8808290155440415,0.8963730569948186,0.9226804123711341,0.9020618556701031,0.9020618556701031,0.9008012392500401,0.013419202970577486,0.8076923076923077,0.8888888888888888,0.8333333333333334,0.72,0.8095238095238095,0.8118876678876678,0.054508048920235315,93,0.9113924050632911,0.9259259259259259,0.9404761904761905,0.9375,0.926829268292683,0.9284247579516182,0.01026146030336749,0.9130434782608695,0.7272727272727273,0.6818181818181818,0.8181818181818182,0.7727272727272727,0.7826086956521738,0.0794948037988884,45,0.8181818181818182,0.8426966292134831,0.8876404494382022,0.8426966292134831,0.8539325842696629,0.8490296220633299,0.022568276984092275,0.8571428571428571,0.8,0.75,0.7659574468085106,0.7906976744186046,0.7927595956739946,0.03673858336258066,58,0.8622754491017964,0.8823529411764706,0.9132947976878613,0.8875739644970414,0.8888888888888888,0.8868772082704117,0.016298079062925856,0.9581939799331104,0.8754208754208754,0.8688811188811189,0.8916083916083917,0.8898601398601398,0.8967929011407272,0.031877471252314646,153,0.9652597402597403,0.9719101123595506,0.9731407169609416,0.9676832530765115,0.9693953986088818,0.9694778442531252,0.0028408562332383207
0.6395885944366455,0.016552952766917328,0.16114816665649415,0.0018084306916253527,5,sqrt,4,2,200,"{'classifier__max_depth': 5, 'classifier__max_features': 'sqrt', 'classifier__min_samples_leaf': 4, 'classifier__min_samples_split': 2, 'classifier__n_estimators': 200}",0.8775510204081632,0.8367346938775511,0.7916666666666666,0.7708333333333334,0.7708333333333334,0.8095238095238095,0.04166753435164851,140,0.8860103626943006,0.9015544041450777,0.9123711340206185,0.8917525773195877,0.9020618556701031,0.8987500667699375,0.009117353184153847,0.84,0.8888888888888888,0.8333333333333334,0.72,0.7894736842105263,0.8143391812865497,0.05673638762429166,72,0.9230769230769231,0.926829268292683,0.9285714285714286,0.925,0.926829268292683,0.9260613776467436,0.0018715319565042752,0.9130434782608695,0.7272727272727273,0.6818181818181818,0.8181818181818182,0.6818181818181818,0.7644268774703556,0.089448657623281,169,0.8181818181818182,0.8539325842696629,0.8764044943820225,0.8314606741573034,0.8539325842696629,0.846782431052094,0.0201616830095613,0.875,0.8,0.75,0.7659574468085106,0.7317073170731707,0.7845329527763362,0.050500768746712374,140,0.8674698795180723,0.8888888888888888,0.9017341040462428,0.8757396449704142,0.8888888888888888,0.8845442812625013,0.011851565747672866,0.9565217391304348,0.8888888888888888,0.8636363636363636,0.8933566433566433,0.8846153846153846,0.897403803925543,0.031265307424611734,138,0.9677489177489178,0.973638720829732,0.9712145532370251,0.9689673622257893,0.9704654895666132,0.9704070087216154,0.0020118419895920454
1.3168821811676026,0.30520430663256376,0.30187339782714845,0.06854370746180821,5,sqrt,4,2,300,"{'classifier__max_depth': 5, 'classifier__max_features': 'sqrt', 'classifier__min_samples_leaf': 4, 'classifier__min_samples_split': 2, 'classifier__n_estimators': 300}",0.8367346938775511,0.8367346938775511,0.8125,0.7708333333333334,0.75,0.8013605442176871,0.03520387623588575,190,0.8860103626943006,0.9015544041450777,0.9123711340206185,0.8917525773195877,0.8969072164948454,0.897719138934886,0.008974906526919688,0.7777777777777778,0.8888888888888888,0.8823529411764706,0.72,0.75,0.8038039215686273,0.06928884405488221,147,0.9230769230769231,0.9375,0.9285714285714286,0.925,0.9058823529411765,0.9240061409179058,0.010327138776866748,0.9130434782608695,0.7272727272727273,0.6818181818181818,0.8181818181818182,0.6818181818181818,0.7644268774703556,0.089448657623281,169,0.8181818181818182,0.8426966292134831,0.8764044943820225,0.8314606741573034,0.8651685393258427,0.8467824310520939,0.021377374398831812,0.84,0.8,0.7692307692307693,0.7659574468085106,0.7142857142857143,0.777894786064999,0.04149548734470993,192,0.8674698795180723,0.8875739644970414,0.9017341040462428,0.8757396449704142,0.8850574712643678,0.8835150128592277,0.011564533710896571,0.9531772575250836,0.8888888888888888,0.8671328671328672,0.8986013986013986,0.881118881118881,0.8977838586534238,0.029548002486304823,125,0.9683982683982684,0.9743949870354365,0.9708935259497057,0.9706795077581595,0.9698234349919743,0.9708379448267088,0.0019830275903706036
0.3672801971435547,0.07239305337205817,0.1218991756439209,0.015780834049471927,5,sqrt,4,5,100,"{'classifier__max_depth': 5, 'classifier__max_features': 'sqrt', 'classifier__min_samples_leaf': 4, 'classifier__min_samples_split': 5, 'classifier__n_estimators': 100}",0.8571428571428571,0.8367346938775511,0.7916666666666666,0.7708333333333334,0.8125,0.8137755102040817,0.030797108106773476,72,0.8808290155440415,0.8963730569948186,0.9226804123711341,0.9020618556701031,0.9020618556701031,0.9008012392500401,0.013419202970577486,0.8076923076923077,0.8888888888888888,0.8333333333333334,0.72,0.8095238095238095,0.8118876678876678,0.054508048920235315,93,0.9113924050632911,0.9259259259259259,0.9404761904761905,0.9375,0.926829268292683,0.9284247579516182,0.01026146030336749,0.9130434782608695,0.7272727272727273,0.6818181818181818,0.8181818181818182,0.7727272727272727,0.7826086956521738,0.0794948037988884,45,0.8181818181818182,0.8426966292134831,0.8876404494382022,0.8426966292134831,0.8539325842696629,0.8490296220633299,0.022568276984092275,0.8571428571428571,0.8,0.75,0.7659574468085106,0.7906976744186046,0.7927595956739946,0.03673858336258066,58,0.8622754491017964,0.8823529411764706,0.9132947976878613,0.8875739644970414,0.8888888888888888,0.8868772082704117,0.016298079062925856,0.9581939799331104,0.8754208754208754,0.8688811188811189,0.8916083916083917,0.8898601398601398,0.8967929011407272,0.031877471252314646,153,0.9652597402597403,0.9719101123595506,0.9731407169609416,0.9676832530765115,0.9693953986088818,0.9694778442531252,0.0028408562332383207
0.6237057685852051,0.015013721005106001,0.15834007263183594,0.005261581935124965,5,sqrt,4,5,200,"{'classifier__max_depth': 5, 'classifier__max_features': 'sqrt', 'classifier__min_samples_leaf': 4, 'classifier__min_samples_split': 5, 'classifier__n_estimators': 200}",0.8775510204081632,0.8367346938775511,0.7916666666666666,0.7708333333333334,0.7708333333333334,0.8095238095238095,0.04166753435164851,140,0.8860103626943006,0.9015544041450777,0.9123711340206185,0.8917525773195877,0.9020618556701031,0.8987500667699375,0.009117353184153847,0.84,0.8888888888888888,0.8333333333333334,0.72,0.7894736842105263,0.8143391812865497,0.05673638762429166,72,0.9230769230769231,0.926829268292683,0.9285714285714286,0.925,0.926829268292683,0.9260613776467436,0.0018715319565042752,0.9130434782608695,0.7272727272727273,0.6818181818181818,0.8181818181818182,0.6818181818181818,0.7644268774703556,0.089448657623281,169,0.8181818181818182,0.8539325842696629,0.8764044943820225,0.8314606741573034,0.8539325842696629,0.846782431052094,0.0201616830095613,0.875,0.8,0.75,0.7659574468085106,0.7317073170731707,0.7845329527763362,0.050500768746712374,140,0.8674698795180723,0.8888888888888888,0.9017341040462428,0.8757396449704142,0.8888888888888888,0.8845442812625013,0.011851565747672866,0.9565217391304348,0.8888888888888888,0.8636363636363636,0.8933566433566433,0.8846153846153846,0.897403803925543,0.031265307424611734,138,0.9677489177489178,0.973638720829732,0.9712145532370251,0.9689673622257893,0.9704654895666132,0.9704070087216154,0.0020118419895920454
0.920592975616455,0.01888466404274345,0.21639571189880372,0.01036960537418633,5,sqrt,4,5,300,"{'classifier__max_depth': 5, 'classifier__max_features': 'sqrt', 'classifier__min_samples_leaf': 4, 'classifier__min_samples_split': 5, 'classifier__n_estimators': 300}",0.8367346938775511,0.8367346938775511,0.8125,0.7708333333333334,0.75,0.8013605442176871,0.03520387623588575,190,0.8860103626943006,0.9015544041450777,0.9123711340206185,0.8917525773195877,0.8969072164948454,0.897719138934886,0.008974906526919688,0.7777777777777778,0.8888888888888888,0.8823529411764706,0.72,0.75,0.8038039215686273,0.06928884405488221,147,0.9230769230769231,0.9375,0.9285714285714286,0.925,0.9058823529411765,0.9240061409179058,0.010327138776866748,0.9130434782608695,0.7272727272727273,0.6818181818181818,0.8181818181818182,0.6818181818181818,0.7644268774703556,0.089448657623281,169,0.8181818181818182,0.8426966292134831,0.8764044943820225,0.8314606741573034,0.8651685393258427,0.8467824310520939,0.021377374398831812,0.84,0.8,0.7692307692307693,0.7659574468085106,0.7142857142857143,0.777894786064999,0.04149548734470993,192,0.8674698795180723,0.8875739644970414,0.9017341040462428,0.8757396449704142,0.8850574712643678,0.8835150128592277,0.011564533710896571,0.9531772575250836,0.8888888888888888,0.8671328671328672,0.8986013986013986,0.881118881118881,0.8977838586534238,0.029548002486304823,125,0.9683982683982684,0.9743949870354365,0.9708935259497057,0.9706795077581595,0.9698234349919743,0.9708379448267088,0.0019830275903706036
0.32208075523376467,0.010425455355231627,0.12055540084838867,0.002976625518352902,5,sqrt,4,10,100,"{'classifier__max_depth': 5, 'classifier__max_features': 'sqrt', 'classifier__min_samples_leaf': 4, 'classifier__min_samples_split': 10, 'classifier__n_estimators': 100}",0.8571428571428571,0.8367346938775511,0.7916666666666666,0.7708333333333334,0.7916666666666666,0.8096088435374149,0.03207078988558619,112,0.8808290155440415,0.9119170984455959,0.9072164948453608,0.8865979381443299,0.9072164948453608,0.8987554083649378,0.012534509933553366,0.8076923076923077,0.8888888888888888,0.8333333333333334,0.72,0.8,0.8099829059829059,0.05472335007531571,104,0.9012345679012346,0.9390243902439024,0.927710843373494,0.9135802469135802,0.9382716049382716,0.9239643306740966,0.014628815124808793,0.9130434782608695,0.7272727272727273,0.6818181818181818,0.8181818181818182,0.7272727272727273,0.7735177865612648,0.0826417847001059,83,0.8295454545454546,0.8651685393258427,0.8651685393258427,0.8314606741573034,0.8539325842696629,0.8490551583248214,0.015705195274782435,0.8571428571428571,0.8,0.75,0.7659574468085106,0.7619047619047619,0.787001013171226,0.03880871145220885,113,0.863905325443787,0.9005847953216374,0.8953488372093024,0.8705882352941177,0.8941176470588236,0.8849089680655335,0.014736068588304277,0.9632107023411371,0.888888888888889,0.8688811188811189,0.8881118881118881,0.8968531468531469,0.901189149015236,0.03234685132981044,22,0.9632034632034632,0.9692091616248919,0.9682182985553771,0.9626538255751739,0.9690743713215624,0.9664718240560937,0.0029180725650508983
0.7720483779907227,0.16632447398967942,0.23138270378112794,0.06059579108370047,5,sqrt,4,10,200,"{'classifier__max_depth': 5, 'classifier__max_features': 'sqrt', 'classifier__min_samples_leaf': 4, 'classifier__min_samples_split': 10, 'classifier__n_estimators': 200}",0.8775510204081632,0.8367346938775511,0.7708333333333334,0.7708333333333334,0.7708333333333334,0.8053571428571429,0.044209019296968986,181,0.8756476683937824,0.8963730569948186,0.9020618556701031,0.8814432989690721,0.9072164948453608,0.8925484749746275,0.01207679464106221,0.84,0.8888888888888888,0.7894736842105263,0.72,0.7894736842105263,0.8055672514619883,0.05651171519587,138,0.9102564102564102,0.9259259259259259,0.9166666666666666,0.9125,0.9382716049382716,0.9207241215574549,0.010282461156284282,0.9130434782608695,0.7272727272727273,0.6818181818181818,0.8181818181818182,0.6818181818181818,0.7644268774703556,0.089448657623281,169,0.8068181818181818,0.8426966292134831,0.8651685393258427,0.8202247191011236,0.8539325842696629,0.8377681307456589,0.021457085897116136,0.875,0.8,0.7317073170731707,0.7659574468085106,0.7317073170731707,0.7808744161909704,0.05344667759609234,174,0.8554216867469879,0.8823529411764706,0.8901734104046243,0.863905325443787,0.8941176470588236,0.8771942021661386,0.01504733925934717,0.9548494983277591,0.8838383838383839,0.8653846153846154,0.8933566433566434,0.8933566433566433,0.898157156852809,0.030130310906093163,102,0.9667748917748917,0.9706136560069144,0.9683253076511503,0.9647940074906367,0.9695024077046549,0.9680020541256497,0.002048097104023325
1.1693033695220947,0.32714162813812814,0.2461838722229004,0.08146107432459665,5,sqrt,4,10,300,"{'classifier__max_depth': 5, 'classifier__max_features': 'sqrt', 'classifier__min_samples_leaf': 4, 'classifier__min_samples_split': 10, 'classifier__n_estimators': 300}",0.8979591836734694,0.8367346938775511,0.8125,0.7708333333333334,0.7708333333333334,0.8177721088435375,0.047378980625180346,42,0.8808290155440415,0.8963730569948186,0.9072164948453608,0.8917525773195877,0.8917525773195877,0.8935847444046793,0.008520816843458677,0.875,0.8888888888888888,0.8823529411764706,0.72,0.7894736842105263,0.8311431028551771,0.06628662087506869,14,0.9113924050632911,0.9259259259259259,0.9176470588235294,0.925,0.9146341463414634,0.918919907230842,0.005704436946602914,0.9130434782608695,0.7272727272727273,0.6818181818181818,0.8181818181818182,0.6818181818181818,0.7644268774703556,0.089448657623281,169,0.8181818181818182,0.8426966292134831,0.8764044943820225,0.8314606741573034,0.8426966292134831,0.8422880490296221,0.019300819315925113,0.8936170212765957,0.8,0.7692307692307693,0.7659574468085106,0.7317073170731707,0.7921025108778093,0.05517576738351169,65,0.8622754491017964,0.8823529411764706,0.896551724137931,0.8757396449704142,0.8771929824561403,0.8788225483685504,0.011070263044830927,0.9565217391304348,0.8838383838383839,0.8671328671328671,0.8986013986013985,0.8898601398601399,0.8991909057126449,0.030455386833494812,63,0.9665584415584416,0.9719101123595506,0.9683253076511502,0.9658640984483682,0.9686463349384697,0.9682608589911961,0.002102973214149255
0.3359022617340088,0.010957407337316379,0.12274532318115235,0.013181580920646741,5,log2,1,2,100,"{'classifier__max_depth': 5, 'classifier__max_features': 'log2', 'classifier__min_samples_leaf': 1, 'classifier__min_samples_split': 2, 'classifier__n_estimators': 100}",0.8571428571428571,0.8163265306122449,0.7708333333333334,0.7916666666666666,0.75,0.7971938775510204,0.0371823318181555,209,0.917098445595855,0.9430051813471503,0.9432989690721649,0.9432989690721649,0.9432989690721649,0.9380001068319,0.01045145000900365,0.8333333333333334,0.9333333333333333,0.7894736842105263,0.75,0.7272727272727273,0.8066826156299841,0.07289123630868828,133,0.95,0.9534883720930233,0.9534883720930233,0.9875,0.9642857142857143,0.9617524916943522,0.013740915597169995,0.8695652173913043,0.6363636363636364,0.6818181818181818,0.8181818181818182,0.7272727272727273,0.7466403162055336,0.08598450623351697,216,0.8636363636363636,0.9213483146067416,0.9213483146067416,0.8876404494382022,0.9101123595505618,0.9008171603677221,0.02229571561139138,0.851063829787234,0.7567567567567568,0.7317073170731707,0.782608695652174,0.7272727272727273,0.7698818653084126,0.04516101597360528,215,0.9047619047619048,0.9371428571428572,0.9371428571428572,0.9349112426035503,0.9364161849710982,0.9300750093244534,0.012682758919684598,0.9548494983277591,0.877104377104377,0.8793706293706294,0.8898601398601398,0.8951048951048951,0.8992579079535601,0.028573670606740122,52,0.9861471861471862,0.9887640449438202,0.9880149812734083,0.9857677902621722,0.9874799357945425,0.9872347876842259,0.0011262669255818695
0.624774694442749,0.02260016818038045,0.16695752143859863,0.010230069047996674,5,log2,1,2,200,"{'classifier__max_depth': 5, 'classifier__max_features': 'log2', 'classifier__min_samples_leaf': 1, 'classifier__min_samples_split': 2, 'classifier__n_estimators': 200}",0.8571428571428571,0.8163265306122449,0.7708333333333334,0.7916666666666666,0.7916666666666666,0.8055272108843538,0.029559075617530007,147,0.927461139896373,0.9481865284974094,0.9432989690721649,0.9432989690721649,0.9484536082474226,0.9421398429571071,0.007675643405095313,0.8333333333333334,0.8823529411764706,0.7894736842105263,0.75,0.7727272727272727,0.8055774462895207,0.04710028338122008,137,0.9625,0.9647058823529412,0.9642857142857143,0.9875,0.9759036144578314,0.9709790422192974,0.009520932603650464,0.8695652173913043,0.6818181818181818,0.6818181818181818,0.8181818181818182,0.7727272727272727,0.7648221343873518,0.07437764823951035,143,0.875,0.9213483146067416,0.9101123595505618,0.8876404494382022,0.9101123595505618,0.9008426966292135,0.016937992619866685,0.851063829787234,0.7692307692307693,0.7317073170731707,0.782608695652174,0.7727272727272727,0.781467576894124,0.03885139998751524,165,0.9166666666666666,0.9425287356321839,0.9364161849710982,0.9349112426035503,0.9418604651162791,0.9344766589979556,0.00938619179079348,0.9498327759197325,0.877104377104377,0.8916083916083917,0.8968531468531469,0.9003496503496504,0.9031496683670597,0.02465099219514517,4,0.9873376623376624,0.9909248055315472,0.9883360085607277,0.9882289994649545,0.9880149812734083,0.9885684914336599,0.001228237189795227
0.9191470146179199,0.009388501325866825,0.20837182998657228,0.005453705897672378,5,log2,1,2,300,"{'classifier__max_depth': 5, 'classifier__max_features': 'log2', 'classifier__min_samples_leaf': 1, 'classifier__min_samples_split': 2, 'classifier__n_estimators': 300}",0.8979591836734694,0.8367346938775511,0.7708333333333334,0.8125,0.8125,0.8261054421768709,0.04171609590660331,8,0.9326424870466321,0.9430051813471503,0.9432989690721649,0.9484536082474226,0.9484536082474226,0.9431707707921586,0.00577417277966452,0.875,0.8888888888888888,0.7894736842105263,0.782608695652174,0.8421052631578947,0.8356153063818967,0.043289948720536375,7,0.9629629629629629,0.9642857142857143,0.9642857142857143,0.9876543209876543,0.9759036144578314,0.9710184653959754,0.009551621507340619,0.9130434782608695,0.7272727272727273,0.6818181818181818,0.8181818181818182,0.7272727272727273,0.7735177865612648,0.0826417847001059,83,0.8863636363636364,0.9101123595505618,0.9101123595505618,0.898876404494382,0.9101123595505618,0.9031154239019408,0.009438887611143407,0.8936170212765957,0.8,0.7317073170731707,0.8,0.7804878048780488,0.801162428645563,0.05253952183022601,13,0.9230769230769231,0.9364161849710982,0.9364161849710982,0.9411764705882353,0.9418604651162791,0.9357892457447268,0.006756791388958344,0.951505016722408,0.8838383838383839,0.8881118881118881,0.8986013986013985,0.9020979020979021,0.904830917874396,0.024269158330415805,1,0.986904761904762,0.9918971477960243,0.9878009630818619,0.9876939539860887,0.9873729266987694,0.9883339506935013,0.00180865656681401
0.5083131790161133,0.11864481661297849,0.1774430274963379,0.03530500020482898,5,log2,1,5,100,"{'classifier__max_depth': 5, 'classifier__max_features': 'log2', 'classifier__min_samples_leaf': 1, 'classifier__min_samples_split': 5, 'classifier__n_estimators': 100}",0.8367346938775511,0.8367346938775511,0.7916666666666666,0.8125,0.7916666666666666,0.8138605442176872,0.020166511485090185,60,0.9015544041450777,0.927461139896373,0.9278350515463918,0.9329896907216495,0.9278350515463918,0.9235350675711768,0.011179742679022516,0.8,0.9375,0.8333333333333334,0.782608695652174,0.7727272727272727,0.825233860342556,0.0597994677099793,21,0.9259259259259259,0.9411764705882353,0.9411764705882353,0.975,0.9629629629629629,0.9492483660130719,0.01746702049928481,0.8695652173913043,0.6818181818181818,0.6818181818181818,0.8181818181818182,0.7727272727272727,0.7648221343873518,0.07437764823951035,143,0.8522727272727273,0.898876404494382,0.898876404494382,0.8764044943820225,0.8764044943820225,0.8805669050051073,0.01735331300378892,0.8333333333333334,0.7894736842105263,0.75,0.8,0.7727272727272727,0.7891068580542264,0.02782952885281944,96,0.8875739644970414,0.9195402298850575,0.9195402298850575,0.9230769230769231,0.9176470588235294,0.9134756812335219,0.013069358565166484,0.9431438127090301,0.8804713804713805,0.8828671328671328,0.8986013986013985,0.8741258741258742,0.8958419197549633,0.024985071586687047,164,0.979004329004329,0.983362143474503,0.9849117174959872,0.9822364901016586,0.9824505082932049,0.9823930376739366,0.0019387661313647463
0.8480382919311523,0.2030076708381408,0.20990777015686035,0.05542332764675123,5,log2,1,5,200,"{'classifier__max_depth': 5, 'classifier__max_features': 'log2', 'classifier__min_samples_leaf': 1, 'classifier__min_samples_split': 5, 'classifier__n_estimators': 200}",0.8571428571428571,0.8367346938775511,0.7916666666666666,0.7916666666666666,0.8125,0.8179421768707481,0.02569153242338486,37,0.927461139896373,0.9430051813471503,0.9329896907216495,0.9329896907216495,0.9329896907216495,0.9338870786816944,0.005036832356610488,0.8333333333333334,0.9375,0.8333333333333334,0.75,0.8095238095238095,0.8327380952380953,0.06059745996487816,11,0.9625,0.9642857142857143,0.9523809523809523,0.9871794871794872,0.9634146341463414,0.965952157598499,0.01145347617858013,0.8695652173913043,0.6818181818181818,0.6818181818181818,0.8181818181818182,0.7727272727272727,0.7648221343873518,0.07437764823951035,143,0.875,0.9101123595505618,0.898876404494382,0.8651685393258427,0.8876404494382022,0.8873595505617977,0.016097245822353258,0.851063829787234,0.7894736842105263,0.75,0.782608695652174,0.7906976744186046,0.7927687768137078,0.03269818288813762,57,0.9166666666666666,0.9364161849710982,0.9248554913294798,0.9221556886227545,0.9239766081871345,0.9248141279554266,0.006461567958680445,0.9464882943143813,0.8804713804713805,0.8933566433566433,0.8986013986013985,0.8881118881118881,0.9014059209711384,0.023324077249468844,17,0.9811688311688311,0.9863872082973206,0.9842696629213483,0.9838416265382557,0.9836276083467094,0.983858987454493,0.0016644118182350346
0.9103289604187011,0.019039466807714962,0.20722975730895996,0.009314427106627743,5,log2,1,5,300,"{'classifier__max_depth': 5, 'classifier__max_features': 'log2', 'classifier__min_samples_leaf': 1, 'classifier__min_samples_split': 5, 'classifier__n_estimators': 300}",0.8571428571428571,0.8163265306122449,0.7916666666666666,0.7916666666666666,0.7916666666666666,0.8096938775510203,0.02557474827928516,108,0.9222797927461139,0.9430051813471503,0.9329896907216495,0.9432989690721649,0.9381443298969072,0.9359435927567972,0.007800459038866041,0.8333333333333334,0.8823529411764706,0.8333333333333334,0.75,0.8,0.8198039215686276,0.043688105006181505,38,0.9506172839506173,0.9642857142857143,0.9634146341463414,0.9875,0.9753086419753086,0.9682252548715964,0.012412839033597977,0.8695652173913043,0.6818181818181818,0.6818181818181818,0.8181818181818182,0.7272727272727273,0.7557312252964428,0.07562329853979173,198,0.875,0.9101123595505618,0.8876404494382022,0.8876404494382022,0.8876404494382022,0.8896067415730338,0.011361656413571177,0.851063829787234,0.7692307692307693,0.75,0.782608695652174,0.7619047619047619,0.7829616113149879,0.03565510191322871,158,0.9112426035502958,0.9364161849710982,0.9239766081871345,0.9349112426035503,0.9294117647058824,0.9271916808035922,0.009102984578846965,0.9481605351170569,0.8821548821548821,0.8863636363636364,0.8986013986013985,0.8951048951048951,0.9020770694683737,0.023783115173645994,6,0.9816017316017316,0.9873595505617977,0.9843766720171214,0.9837346174424826,0.9835205992509364,0.9841186341748138,0.0018660137051350293
0.3221346378326416,0.004737154122176506,0.11732139587402343,0.0016286980227163887,5,log2,1,10,100,"{'classifier__max_depth': 5, 'classifier__max_features': 'log2', 'classifier__min_samples_leaf': 1, 'classifier__min_samples_split': 10, 'classifier__n_estimators': 100}",0.8775510204081632,0.7959183673469388,0.7916666666666666,0.7916666666666666,0.8333333333333334,0.8180272108843537,0.033633075476729994,25,0.9015544041450777,0.917098445595855,0.9020618556701031,0.9072164948453608,0.8969072164948454,0.9049676833502485,0.006888802235021456,0.84,0.875,0.8333333333333334,0.75,0.8181818181818182,0.8233030303030302,0.04111333972566097,22,0.9156626506024096,0.9195402298850575,0.926829268292683,0.9382716049382716,0.9259259259259259,0.9252459359288695,0.007707552400336025,0.9130434782608695,0.6363636363636364,0.6818181818181818,0.8181818181818182,0.8181818181818182,0.7735177865612648,0.10067497058547176,83,0.8636363636363636,0.898876404494382,0.8539325842696629,0.8539325842696629,0.8426966292134831,0.8626149131767109,0.019305143460555594,0.875,0.7368421052631579,0.75,0.782608695652174,0.8181818181818182,0.79252652381943,0.04993534102376334,61,0.8888888888888888,0.9090909090909091,0.8888888888888888,0.8941176470588236,0.8823529411764706,0.8926678550207962,0.009019725268670268,0.9464882943143813,0.8838383838383839,0.8653846153846154,0.8986013986013986,0.8933566433566434,0.8975338670990846,0.026967630274924284,129,0.969047619047619,0.9752592912705271,0.9728196896736222,0.9706795077581595,0.9717495987158908,0.9719111412931637,0.0020870239696802978
0.6258892059326172,0.014679181383971155,0.15766596794128418,0.0055227560548359545,5,log2,1,10,200,"{'classifier__max_depth': 5, 'classifier__max_features': 'log2', 'classifier__min_samples_leaf': 1, 'classifier__min_samples_split': 10, 'classifier__n_estimators': 200}",0.8979591836734694,0.8367346938775511,0.7916666666666666,0.7916666666666666,0.8125,0.8261054421768707,0.03958057031647998,9,0.917098445595855,0.9222797927461139,0.9175257731958762,0.9175257731958762,0.8814432989690721,0.9111746167405587,0.014986943087168619,0.875,0.9375,0.8333333333333334,0.7307692307692307,0.8095238095238095,0.8372252747252749,0.06869841057168653,6,0.95,0.9512195121951219,0.9294117647058824,0.9620253164556962,0.9024390243902439,0.9390191235493889,0.02111454020912377,0.9130434782608695,0.6818181818181818,0.6818181818181818,0.8636363636363636,0.7727272727272727,0.7826086956521738,0.09380171999488587,45,0.8636363636363636,0.8764044943820225,0.8876404494382022,0.8539325842696629,0.8314606741573034,0.8626149131767109,0.01930514346055557,0.8936170212765957,0.7894736842105263,0.75,0.7916666666666666,0.7906976744186046,0.8030910093144786,0.04792318021491907,3,0.9047619047619048,0.9122807017543859,0.9080459770114943,0.9047619047619048,0.8654970760233918,0.8990695128626163,0.017011922801047498,0.9531772575250835,0.888888888888889,0.8776223776223776,0.9020979020979021,0.8881118881118881,0.901979662849228,0.026751331046441618,7,0.9715367965367965,0.9783923941227312,0.9730337078651686,0.9732477260567148,0.9718566078116639,0.973613446478615,0.0024781907091532794
1.2724514484405518,0.40440408959937707,0.27249693870544434,0.05555884362450718,5,log2,1,10,300,"{'classifier__max_depth': 5, 'classifier__max_features': 'log2', 'classifier__min_samples_leaf': 1, 'classifier__min_samples_split': 10, 'classifier__n_estimators': 300}",0.8979591836734694,0.8367346938775511,0.7916666666666666,0.7708333333333334,0.7916666666666666,0.8177721088435375,0.045509962579309,42,0.9015544041450777,0.9119170984455959,0.9226804123711341,0.9123711340206185,0.9020618556701031,0.9101169809305059,0.007802104882046839,0.875,0.9375,0.8333333333333334,0.72,0.7727272727272727,0.8277121212121212,0.07608725839932359,16,0.9259259259259259,0.95,0.9404761904761905,0.9615384615384616,0.926829268292683,0.9409539692466522,0.013646461306465213,0.9130434782608695,0.6818181818181818,0.6818181818181818,0.8181818181818182,0.7727272727272727,0.7735177865612648,0.08749920490730415,83,0.8522727272727273,0.8539325842696629,0.8876404494382022,0.8426966292134831,0.8539325842696629,0.8580949948927478,0.015353134367414025,0.8936170212765957,0.7894736842105263,0.75,0.7659574468085106,0.7727272727272727,0.794355085004581,0.051221717563866814,42,0.8875739644970414,0.8994082840236687,0.9132947976878613,0.8982035928143712,0.8888888888888888,0.8974739055823662,0.009233485100920775,0.951505016722408,0.8872053872053873,0.8723776223776223,0.9003496503496504,0.8863636363636365,0.8995602626037409,0.027439279995490503,45,0.9717532467532467,0.9783923941227313,0.9716425896201177,0.9736757624398074,0.971856607811664,0.9734641201495136,0.002575338190531448
0.3715500354766846,0.050876564248958485,0.13669180870056152,0.029586841889901752,5,log2,2,2,100,"{'classifier__max_depth': 5, 'classifier__max_features': 'log2', 'classifier__min_samples_leaf': 2, 'classifier__min_samples_split': 2, 'classifier__n_estimators': 100}",0.8571428571428571,0.8571428571428571,0.7916666666666666,0.7916666666666666,0.7708333333333334,0.8136904761904761,0.03628512060506705,98,0.9119170984455959,0.9222797927461139,0.9278350515463918,0.9175257731958762,0.9175257731958762,0.9194166978259707,0.005337811811283565,0.8076923076923077,0.9411764705882353,0.8333333333333334,0.75,0.7391304347826086,0.8142665092792971,0.07251002150209036,74,0.9493670886075949,0.9512195121951219,0.9629629629629629,0.974025974025974,0.9506172839506173,0.9576385643484542,0.009547945710454425,0.9130434782608695,0.7272727272727273,0.6818181818181818,0.8181818181818182,0.7727272727272727,0.7826086956521738,0.0794948037988884,45,0.8522727272727273,0.8764044943820225,0.8764044943820225,0.8426966292134831,0.8651685393258427,0.8625893769152195,0.013345573730300066,0.8571428571428571,0.8205128205128205,0.75,0.782608695652174,0.7555555555555555,0.7931639857726813,0.04057140023256204,53,0.8982035928143712,0.9122807017543859,0.9176470588235294,0.9036144578313253,0.9058823529411765,0.9075256328329576,0.006781622716347561,0.9448160535117056,0.8922558922558923,0.8863636363636364,0.8951048951048952,0.8863636363636364,0.9009808227199532,0.022178830760240215,23,0.9774891774891775,0.9820656871218668,0.9814874264312468,0.9807383627608347,0.9771000535045479,0.9797761414615348,0.00207306711765559
0.6111827850341797,0.003999809254015797,0.16569795608520507,0.006341543642006915,5,log2,2,2,200,"{'classifier__max_depth': 5, 'classifier__max_features': 'log2', 'classifier__min_samples_leaf': 2, 'classifier__min_samples_split': 2, 'classifier__n_estimators': 200}",0.8571428571428571,0.8367346938775511,0.7916666666666666,0.7916666666666666,0.7708333333333334,0.8096088435374149,0.03207078988558619,112,0.9119170984455959,0.9326424870466321,0.9329896907216495,0.9226804123711341,0.9278350515463918,0.9256129480262807,0.0078095397661048,0.8333333333333334,0.8888888888888888,0.8333333333333334,0.7307692307692307,0.7619047619047619,0.8096459096459097,0.05639571880817746,110,0.9493670886075949,0.9523809523809523,0.9634146341463414,0.9743589743589743,0.9746835443037974,0.9628410387595322,0.010622594122443558,0.8695652173913043,0.7272727272727273,0.6818181818181818,0.8636363636363636,0.7272727272727273,0.773913043478261,0.0775005990817851,64,0.8522727272727273,0.898876404494382,0.8876404494382022,0.8539325842696629,0.8651685393258427,0.8715781409601634,0.01859215214706853,0.851063829787234,0.8,0.75,0.7916666666666666,0.7441860465116279,0.7873833085931057,0.03872015508931291,108,0.8982035928143712,0.9248554913294798,0.9239766081871345,0.9101796407185628,0.9166666666666666,0.914776399943243,0.009854878534910797,0.9498327759197325,0.8872053872053871,0.8898601398601398,0.9038461538461539,0.8881118881118881,0.9037712689886602,0.0238110570568997,2,0.9791125541125542,0.9851987899740708,0.9811663991439272,0.9808453718566079,0.9814874264312466,0.9815621083036813,0.001995076116982148
0.9273359298706054,0.020748158712043146,0.21014804840087892,0.0075319483149582965,5,log2,2,2,300,"{'classifier__max_depth': 5, 'classifier__max_features': 'log2', 'classifier__min_samples_leaf': 2, 'classifier__min_samples_split': 2, 'classifier__n_estimators': 300}",0.8367346938775511,0.8367346938775511,0.7916666666666666,0.8125,0.7708333333333334,0.8096938775510203,0.025711507336493414,108,0.9119170984455959,0.9378238341968912,0.9329896907216495,0.9226804123711341,0.9381443298969072,0.9287110731264356,0.010087038920091001,0.8,0.8888888888888888,0.8333333333333334,0.76,0.7619047619047619,0.8088253968253968,0.048320088366882355,111,0.9493670886075949,0.963855421686747,0.9634146341463414,0.9743589743589743,0.9753086419753086,0.9652609521549932,0.00939924872847784,0.8695652173913043,0.7272727272727273,0.6818181818181818,0.8636363636363636,0.7272727272727273,0.773913043478261,0.0775005990817851,64,0.8522727272727273,0.898876404494382,0.8876404494382022,0.8539325842696629,0.8876404494382022,0.8760725229826353,0.019205509725139406,0.8333333333333334,0.8,0.75,0.8085106382978723,0.7441860465116279,0.7872060036285667,0.03458412284152729,112,0.8982035928143712,0.9302325581395349,0.9239766081871345,0.9101796407185628,0.9294117647058824,0.9184008329130972,0.012392224331337059,0.951505016722408,0.8905723905723906,0.8863636363636364,0.9038461538461539,0.8863636363636365,0.903730166773645,0.02473365954384271,3,0.9797619047619047,0.9860630942091617,0.9815944355270199,0.9808453718566078,0.9805243445692884,0.9817578301847965,0.002231581564351856
0.3280242919921875,0.012502438527620886,0.11406292915344238,0.009041359696681408,5,log2,2,5,100,"{'classifier__max_depth': 5, 'classifier__max_features': 'log2', 'classifier__min_samples_leaf': 2, 'classifier__min_samples_split': 5, 'classifier__n_estimators': 100}",0.8571428571428571,0.8163265306122449,0.7916666666666666,0.7708333333333334,0.7916666666666666,0.8055272108843538,0.029559075617530007,147,0.9015544041450777,0.9481865284974094,0.9226804123711341,0.9123711340206185,0.9175257731958762,0.9204636504460231,0.015525150829456352,0.8076923076923077,0.8823529411764706,0.8333333333333334,0.72,0.7727272727272727,0.8032211709858768,0.05485291527248258,152,0.9259259259259259,0.9647058823529412,0.9512195121951219,0.9736842105263158,0.9397590361445783,0.9510589134289766,0.017073511115111444,0.9130434782608695,0.6818181818181818,0.6818181818181818,0.8181818181818182,0.7727272727272727,0.7735177865612648,0.08749920490730415,83,0.8522727272727273,0.9213483146067416,0.8764044943820225,0.8314606741573034,0.8764044943820225,0.8715781409601634,0.030019219509632655,0.8571428571428571,0.7692307692307693,0.75,0.7659574468085106,0.7727272727272727,0.7830116691818819,0.03787276553233998,157,0.8875739644970414,0.9425287356321839,0.9122807017543859,0.896969696969697,0.9069767441860465,0.909265968607871,0.018668059208476386,0.9464882943143813,0.8855218855218856,0.8811188811188811,0.8968531468531469,0.8688811188811189,0.8957726653378828,0.026893157540147986,165,0.9733766233766235,0.9806611927398444,0.981701444622793,0.9766720171214552,0.9761369716425896,0.977709649900661,0.003065000743265201
0.6846775531768798,0.12996218831876857,0.21239776611328126,0.06502603078988121,5,log2,2,5,200,"{'classifier__max_depth': 5, 'classifier__max_features': 'log2', 'classifier__min_samples_leaf': 2, 'classifier__min_samples_split': 5, 'classifier__n_estimators': 200}",0.8367346938775511,0.8163265306122449,0.7916666666666666,0.8125,0.7916666666666666,0.8097789115646259,0.016929244921466417,100,0.9119170984455959,0.9378238341968912,0.9278350515463918,0.9175257731958762,0.9381443298969072,0.9266492174563323,0.010570604878900132,0.8,0.8823529411764706,0.8333333333333334,0.76,0.7727272727272727,0.8096827094474153,0.04419987640979003,106,0.9493670886075949,0.9529411764705882,0.9518072289156626,0.974025974025974,0.9753086419753086,0.9606900219990256,0.0114778840127286,0.8695652173913043,0.6818181818181818,0.6818181818181818,0.8636363636363636,0.7727272727272727,0.773913043478261,0.08266068678052056,64,0.8522727272727273,0.9101123595505618,0.8876404494382022,0.8426966292134831,0.8876404494382022,0.8760725229826354,0.02492679232976856,0.8333333333333334,0.7692307692307693,0.75,0.8085106382978723,0.7727272727272727,0.7867604027178496,0.029992181012401985,114,0.8982035928143712,0.9310344827586207,0.9186046511627907,0.9036144578313253,0.9294117647058824,0.9161737898545981,0.01328651994305471,0.9464882943143813,0.8872053872053872,0.8898601398601398,0.9038461538461539,0.8741258741258742,0.9003051698703871,0.024945853500692106,29,0.977056277056277,0.9847666378565255,0.9806313536650616,0.9790262172284643,0.9798822899946495,0.9802725551601956,0.002544626716428308
1.2664601802825928,0.3336801858614149,0.24751853942871094,0.04737764038359176,5,log2,2,5,300,"{'classifier__max_depth': 5, 'classifier__max_features': 'log2', 'classifier__min_samples_leaf': 2, 'classifier__min_samples_split': 5, 'classifier__n_estimators': 300}",0.8571428571428571,0.8367346938775511,0.7916666666666666,0.8125,0.7708333333333334,0.8137755102040816,0.030797108106773476,81,0.917098445595855,0.9430051813471503,0.9226804123711341,0.9226804123711341,0.9381443298969072,0.9287217563164362,0.010008977459515792,0.8333333333333334,0.8888888888888888,0.8333333333333334,0.76,0.7619047619047619,0.8154920634920636,0.04893809109363728,60,0.95,0.9642857142857143,0.9512195121951219,0.9743589743589743,0.9753086419753086,0.9630345685630239,0.010862374924313661,0.8695652173913043,0.7272727272727273,0.6818181818181818,0.8636363636363636,0.7272727272727273,0.773913043478261,0.0775005990817851,64,0.8636363636363636,0.9101123595505618,0.8764044943820225,0.8539325842696629,0.8876404494382022,0.8783452502553626,0.019553240653567394,0.851063829787234,0.8,0.75,0.8085106382978723,0.7441860465116279,0.7907521029193469,0.039667430163062546,71,0.9047619047619048,0.9364161849710982,0.9122807017543859,0.9101796407185628,0.9294117647058824,0.9186100393823668,0.012137866860349553,0.9464882943143813,0.8872053872053872,0.8828671328671329,0.9038461538461539,0.8863636363636364,0.9013541209193383,0.02370642890157672,18,0.9784632034632035,0.9853068280034571,0.9807383627608347,0.9783841626538256,0.9794542536115569,0.9804693620985756,0.002564239153131731
0.32955470085144045,0.01714592932789897,0.12294793128967285,0.007334855610081564,5,log2,2,10,100,"{'classifier__max_depth': 5, 'classifier__max_features': 'log2', 'classifier__min_samples_leaf': 2, 'classifier__min_samples_split': 10, 'classifier__n_estimators': 100}",0.8571428571428571,0.7959183673469388,0.7916666666666666,0.7916666666666666,0.8333333333333334,0.8139455782312923,0.026681716910791246,59,0.8808290155440415,0.9222797927461139,0.9020618556701031,0.9020618556701031,0.9072164948453608,0.9028898028951445,0.01328714643118122,0.8076923076923077,0.875,0.8333333333333334,0.75,0.8181818181818182,0.8168414918414918,0.04051587832913353,52,0.9113924050632911,0.9404761904761905,0.9166666666666666,0.9375,0.9493670886075949,0.9310804701627486,0.014555191350657802,0.9130434782608695,0.6363636363636364,0.6818181818181818,0.8181818181818182,0.8181818181818182,0.7735177865612648,0.10067497058547176,83,0.8181818181818182,0.8876404494382022,0.8651685393258427,0.8426966292134831,0.8426966292134831,0.8512768130745659,0.023485365251399222,0.8571428571428571,0.7368421052631579,0.75,0.782608695652174,0.8181818181818182,0.7889550952480014,0.04422061095111829,100,0.8622754491017964,0.9132947976878613,0.8901734104046243,0.8875739644970414,0.8928571428571429,0.8892349529096932,0.01626315357678026,0.9481605351170568,0.8804713804713804,0.8636363636363636,0.8951048951048951,0.8863636363636364,0.8947473621386666,0.028618454240881934,181,0.9650432900432899,0.9725583405358686,0.971107544141252,0.9669341894060995,0.9693953986088818,0.9690077525470784,0.002727001881844098
0.6049937725067138,0.006600432254488614,0.1697206974029541,0.011126932420670603,5,log2,2,10,200,"{'classifier__max_depth': 5, 'classifier__max_features': 'log2', 'classifier__min_samples_leaf': 2, 'classifier__min_samples_split': 10, 'classifier__n_estimators': 200}",0.8979591836734694,0.8163265306122449,0.7916666666666666,0.7708333333333334,0.7708333333333334,0.8095238095238095,0.04728609914532893,140,0.8911917098445595,0.917098445595855,0.9123711340206185,0.8917525773195877,0.8917525773195877,0.9008332888200418,0.0114503788990904,0.875,0.8823529411764706,0.8333333333333334,0.72,0.7619047619047619,0.8145182072829131,0.06374240893394453,71,0.935064935064935,0.9506172839506173,0.9390243902439024,0.925,0.9146341463414634,0.9328681511201837,0.012264938551832517,0.9130434782608695,0.6818181818181818,0.6818181818181818,0.8181818181818182,0.7272727272727273,0.7644268774703556,0.089448657623281,169,0.8181818181818182,0.8651685393258427,0.8651685393258427,0.8314606741573034,0.8426966292134831,0.8445352400408581,0.018548820368238867,0.8936170212765957,0.7692307692307693,0.75,0.7659574468085106,0.7441860465116279,0.7845982567655008,0.05531530817653115,137,0.8727272727272727,0.9058823529411765,0.9005847953216374,0.8757396449704142,0.8771929824561403,0.8864254096833282,0.013900525735851972,0.951505016722408,0.8888888888888888,0.8723776223776224,0.9038461538461537,0.8846153846153846,0.9002466132900915,0.027533232583838704,30,0.968939393939394,0.9748271391529819,0.9710005350454789,0.9688603531300161,0.9690743713215623,0.9705403585178866,0.0022857329150460263
0.9232156276702881,0.013024113034513328,0.20543327331542968,0.004515739144930844,5,log2,2,10,300,"{'classifier__max_depth': 5, 'classifier__max_features': 'log2', 'classifier__min_samples_leaf': 2, 'classifier__min_samples_split': 10, 'classifier__n_estimators': 300}",0.8979591836734694,0.8367346938775511,0.7916666666666666,0.7708333333333334,0.7708333333333334,0.8136054421768707,0.04856075050787901,99,0.8911917098445595,0.9119170984455959,0.9175257731958762,0.8917525773195877,0.8969072164948454,0.901858875060093,0.01083572005149363,0.875,0.8888888888888888,0.8333333333333334,0.72,0.7619047619047619,0.8158253968253968,0.06517112385272918,56,0.9240506329113924,0.95,0.9397590361445783,0.925,0.9259259259259259,0.9329471189963792,0.010284009751970614,0.9130434782608695,0.7272727272727273,0.6818181818181818,0.8181818181818182,0.7272727272727273,0.7735177865612648,0.0826417847001059,83,0.8295454545454546,0.8539325842696629,0.8764044943820225,0.8314606741573034,0.8426966292134831,0.8468079673135852,0.01718808562086918,0.8936170212765957,0.8,0.75,0.7659574468085106,0.7441860465116279,0.7907521029193469,0.05497385106107877,71,0.874251497005988,0.8994082840236687,0.9069767441860465,0.8757396449704142,0.8823529411764706,0.8877458222725176,0.013123792485907783,0.9498327759197325,0.8922558922558923,0.8723776223776224,0.9020979020979021,0.8828671328671329,0.8998862651036564,0.0268482556506134,40,0.9694805194805195,0.9749351771823682,0.9705724986623863,0.9701444622792937,0.9692883895131086,0.9708842094235353,0.0020770997020736143
0.4119545936584473,0.10991102535918473,0.1390836238861084,0.033690146435172666,5,log2,4,2,100,"{'classifier__max_depth': 5, 'classifier__max_features': 'log2', 'classifier__min_samples_leaf': 4, 'classifier__min_samples_split': 2, 'classifier__n_estimators': 100}",0.8775510204081632,0.8163265306122449,0.7916666666666666,0.7916666666666666,0.8125,0.8179421768707481,0.03151585855648784,37,0.8704663212435233,0.9015544041450777,0.8969072164948454,0.8814432989690721,0.8969072164948454,0.8894556914694729,0.011680958128278733,0.84,0.8823529411764706,0.8333333333333334,0.75,0.8095238095238095,0.8230420168067226,0.04342614025392006,23,0.8987341772151899,0.9375,0.9058823529411765,0.9230769230769231,0.9259259259259259,0.9182238758318431,0.014047093262235893,0.9130434782608695,0.6818181818181818,0.6818181818181818,0.8181818181818182,0.7727272727272727,0.7735177865612648,0.08749920490730415,83,0.8068181818181818,0.8426966292134831,0.8651685393258427,0.8089887640449438,0.8426966292134831,0.8332737487231869,0.02229132800953669,0.875,0.7692307692307693,0.75,0.782608695652174,0.7906976744186046,0.7935074278603096,0.04301155385550666,50,0.8502994011976048,0.8875739644970414,0.8850574712643678,0.8622754491017964,0.8823529411764706,0.8735118454474563,0.014657993124897102,0.9531772575250836,0.8888888888888888,0.8706293706293706,0.8986013986013986,0.8846153846153846,0.8991824600520253,0.028457730043738354,64,0.9583333333333333,0.9696413137424373,0.9700374531835205,0.9669341894060994,0.964258962011771,0.9658410503354323,0.004292215509532484
0.9900809288024902,0.20111869924934456,0.20744609832763672,0.047814202469570175,5,log2,4,2,200,"{'classifier__max_depth': 5, 'classifier__max_features': 'log2', 'classifier__min_samples_leaf': 4, 'classifier__min_samples_split': 2, 'classifier__n_estimators': 200}",0.8775510204081632,0.8367346938775511,0.8125,0.7916666666666666,0.7708333333333334,0.8178571428571428,0.03700162059805377,40,0.8860103626943006,0.8963730569948186,0.8917525773195877,0.8814432989690721,0.8969072164948454,0.890497302494525,0.005988235331638381,0.8695652173913043,0.8888888888888888,0.8823529411764706,0.75,0.7391304347826086,0.8259874964478545,0.06685942726442382,17,0.9125,0.9367088607594937,0.8953488372093024,0.9230769230769231,0.9156626506024096,0.9166594543296258,0.013532181519270442,0.8695652173913043,0.7272727272727273,0.6818181818181818,0.8181818181818182,0.7727272727272727,0.773913043478261,0.06598068123361654,64,0.8295454545454546,0.8314606741573034,0.8651685393258427,0.8089887640449438,0.8539325842696629,0.8378192032686416,0.019736804535077614,0.8695652173913043,0.8,0.7692307692307693,0.782608695652174,0.7555555555555555,0.7953920475659606,0.03989402214255109,33,0.8690476190476191,0.8809523809523809,0.88,0.8622754491017964,0.8837209302325582,0.875199275866871,0.00816862220121691,0.9548494983277591,0.893939393939394,0.8706293706293706,0.9038461538461539,0.8828671328671328,0.901226309921962,0.02901255293052589,20,0.9627705627705627,0.9708297320656871,0.9668271803103263,0.9684323167469235,0.9653290529695024,0.9668377689726004,0.002731184883116915
0.9161687850952148,0.02343561187047365,0.20470051765441893,0.009653585791954666,5,log2,4,2,300,"{'classifier__max_depth': 5, 'classifier__max_features': 'log2', 'classifier__min_samples_leaf': 4, 'classifier__min_samples_split': 2, 'classifier__n_estimators': 300}",0.8775510204081632,0.7959183673469388,0.7916666666666666,0.7708333333333334,0.7916666666666666,0.8055272108843538,0.03706117516753787,147,0.8860103626943006,0.8911917098445595,0.9072164948453608,0.8865979381443299,0.8917525773195877,0.8925538165696277,0.007691303266929459,0.84,0.8333333333333334,0.8333333333333334,0.72,0.7727272727272727,0.7998787878787879,0.04683150737104914,177,0.9125,0.9358974358974359,0.927710843373494,0.935064935064935,0.9146341463414634,0.9251614721354656,0.009909351690330066,0.9130434782608695,0.6818181818181818,0.6818181818181818,0.8181818181818182,0.7727272727272727,0.7735177865612648,0.08749920490730415,83,0.8295454545454546,0.8202247191011236,0.8651685393258427,0.8089887640449438,0.8426966292134831,0.8333248212461696,0.019390684024470858,0.875,0.75,0.75,0.7659574468085106,0.7727272727272727,0.7827369439071565,0.04698431983622764,159,0.8690476190476191,0.874251497005988,0.8953488372093024,0.8674698795180723,0.8771929824561403,0.8766621630474244,0.009977617231074466,0.9531772575250836,0.8888888888888888,0.8688811188811189,0.9020979020979021,0.8828671328671329,0.8991824600520253,0.029031902251405322,64,0.9629870129870131,0.9705056179775281,0.9673622257891921,0.9683253076511503,0.9659711075441413,0.9670302543898049,0.0025034022093356916
0.3453226566314697,0.017911498645055788,0.11662154197692871,0.0022592826620493264,5,log2,4,5,100,"{'classifier__max_depth': 5, 'classifier__max_features': 'log2', 'classifier__min_samples_leaf': 4, 'classifier__min_samples_split': 5, 'classifier__n_estimators': 100}",0.8775510204081632,0.8163265306122449,0.7916666666666666,0.7916666666666666,0.8125,0.8179421768707481,0.03151585855648784,37,0.8704663212435233,0.9015544041450777,0.8969072164948454,0.8814432989690721,0.8969072164948454,0.8894556914694729,0.011680958128278733,0.84,0.8823529411764706,0.8333333333333334,0.75,0.8095238095238095,0.8230420168067226,0.04342614025392006,23,0.8987341772151899,0.9375,0.9058823529411765,0.9230769230769231,0.9259259259259259,0.9182238758318431,0.014047093262235893,0.9130434782608695,0.6818181818181818,0.6818181818181818,0.8181818181818182,0.7727272727272727,0.7735177865612648,0.08749920490730415,83,0.8068181818181818,0.8426966292134831,0.8651685393258427,0.8089887640449438,0.8426966292134831,0.8332737487231869,0.02229132800953669,0.875,0.7692307692307693,0.75,0.782608695652174,0.7906976744186046,0.7935074278603096,0.04301155385550666,50,0.8502994011976048,0.8875739644970414,0.8850574712643678,0.8622754491017964,0.8823529411764706,0.8735118454474563,0.014657993124897102,0.9531772575250836,0.8888888888888888,0.8706293706293706,0.8986013986013986,0.8846153846153846,0.8991824600520253,0.028457730043738354,64,0.9583333333333333,0.9696413137424373,0.9700374531835205,0.9669341894060994,0.964258962011771,0.9658410503354323,0.004292215509532484
0.6156041145324707,0.01961379405551876,0.16927175521850585,0.012585691000595048,5,log2,4,5,200,"{'classifier__max_depth': 5, 'classifier__max_features': 'log2', 'classifier__min_samples_leaf': 4, 'classifier__min_samples_split': 5, 'classifier__n_estimators': 200}",0.8775510204081632,0.8367346938775511,0.8125,0.7916666666666666,0.7708333333333334,0.8178571428571428,0.03700162059805377,40,0.8860103626943006,0.8963730569948186,0.8917525773195877,0.8814432989690721,0.8969072164948454,0.890497302494525,0.005988235331638381,0.8695652173913043,0.8888888888888888,0.8823529411764706,0.75,0.7391304347826086,0.8259874964478545,0.06685942726442382,17,0.9125,0.9367088607594937,0.8953488372093024,0.9230769230769231,0.9156626506024096,0.9166594543296258,0.013532181519270442,0.8695652173913043,0.7272727272727273,0.6818181818181818,0.8181818181818182,0.7727272727272727,0.773913043478261,0.06598068123361654,64,0.8295454545454546,0.8314606741573034,0.8651685393258427,0.8089887640449438,0.8539325842696629,0.8378192032686416,0.019736804535077614,0.8695652173913043,0.8,0.7692307692307693,0.782608695652174,0.7555555555555555,0.7953920475659606,0.03989402214255109,33,0.8690476190476191,0.8809523809523809,0.88,0.8622754491017964,0.8837209302325582,0.875199275866871,0.00816862220121691,0.9548494983277591,0.893939393939394,0.8706293706293706,0.9038461538461539,0.8828671328671328,0.901226309921962,0.02901255293052589,20,0.9627705627705627,0.9708297320656871,0.9668271803103263,0.9684323167469235,0.9653290529695024,0.9668377689726004,0.002731184883116915
1.2080147743225098,0.3552116454717809,0.3059786319732666,0.0801106951695545,5,log2,4,5,300,"{'classifier__max_depth': 5, 'classifier__max_features': 'log2', 'classifier__min_samples_leaf': 4, 'classifier__min_samples_split': 5, 'classifier__n_estimators': 300}",0.8775510204081632,0.7959183673469388,0.7916666666666666,0.7708333333333334,0.7916666666666666,0.8055272108843538,0.03706117516753787,147,0.8860103626943006,0.8911917098445595,0.9072164948453608,0.8865979381443299,0.8917525773195877,0.8925538165696277,0.007691303266929459,0.84,0.8333333333333334,0.8333333333333334,0.72,0.7727272727272727,0.7998787878787879,0.04683150737104914,177,0.9125,0.9358974358974359,0.927710843373494,0.935064935064935,0.9146341463414634,0.9251614721354656,0.009909351690330066,0.9130434782608695,0.6818181818181818,0.6818181818181818,0.8181818181818182,0.7727272727272727,0.7735177865612648,0.08749920490730415,83,0.8295454545454546,0.8202247191011236,0.8651685393258427,0.8089887640449438,0.8426966292134831,0.8333248212461696,0.019390684024470858,0.875,0.75,0.75,0.7659574468085106,0.7727272727272727,0.7827369439071565,0.04698431983622764,159,0.8690476190476191,0.874251497005988,0.8953488372093024,0.8674698795180723,0.8771929824561403,0.8766621630474244,0.009977617231074466,0.9531772575250836,0.8888888888888888,0.8688811188811189,0.9020979020979021,0.8828671328671329,0.8991824600520253,0.029031902251405322,64,0.9629870129870131,0.9705056179775281,0.9673622257891921,0.9683253076511503,0.9659711075441413,0.9670302543898049,0.0025034022093356916
0.4143796443939209,0.08081333995857157,0.14009885787963866,0.04665420483811886,5,log2,4,10,100,"{'classifier__max_depth': 5, 'classifier__max_features': 'log2', 'classifier__min_samples_leaf': 4, 'classifier__min_samples_split': 10, 'classifier__n_estimators': 100}",0.8571428571428571,0.8367346938775511,0.7708333333333334,0.7916666666666666,0.7708333333333334,0.8054421768707483,0.03531993982043897,167,0.8704663212435233,0.9067357512953368,0.8969072164948454,0.8711340206185567,0.8762886597938144,0.8843063938892154,0.014772947521968944,0.8076923076923077,0.8888888888888888,0.7894736842105263,0.75,0.7619047619047619,0.799591928539297,0.04903391488262337,179,0.9090909090909091,0.927710843373494,0.9156626506024096,0.9102564102564102,0.891566265060241,0.9108574156766928,0.011685534245057777,0.9130434782608695,0.7272727272727273,0.6818181818181818,0.8181818181818182,0.7272727272727273,0.7735177865612648,0.0826417847001059,83,0.7954545454545454,0.8651685393258427,0.8539325842696629,0.797752808988764,0.8314606741573034,0.8287538304392237,0.028415606212529962,0.8571428571428571,0.8,0.7317073170731707,0.782608695652174,0.7441860465116279,0.7831289832759659,0.044550410790925615,156,0.8484848484848485,0.8953488372093024,0.8837209302325582,0.8502994011976048,0.8604651162790697,0.8676638266806765,0.018684048227754983,0.9431438127090301,0.8821548821548821,0.8653846153846154,0.8968531468531469,0.8828671328671329,0.8940807179937614,0.02648135185983699,190,0.9587662337662337,0.9647796024200518,0.9675762439807384,0.9622257891920812,0.9640449438202248,0.963478562635866,0.0029182175808930774
0.6317553520202637,0.017159565846469018,0.17058000564575196,0.017194698212938387,5,log2,4,10,200,"{'classifier__max_depth': 5, 'classifier__max_features': 'log2', 'classifier__min_samples_leaf': 4, 'classifier__min_samples_split': 10, 'classifier__n_estimators': 200}",0.8571428571428571,0.8163265306122449,0.7916666666666666,0.7708333333333334,0.7708333333333334,0.8013605442176871,0.032537485012746344,190,0.8652849740932642,0.8963730569948186,0.8917525773195877,0.8814432989690721,0.8814432989690721,0.883259441269163,0.010712408630527562,0.8333333333333334,0.8421052631578947,0.8333333333333334,0.72,0.7619047619047619,0.7981353383458647,0.04863936216261201,185,0.9078947368421053,0.9259259259259259,0.8953488372093024,0.9230769230769231,0.9024390243902439,0.9109370894889002,0.011802604851994723,0.8695652173913043,0.7272727272727273,0.6818181818181818,0.8181818181818182,0.7272727272727273,0.7648221343873518,0.06859729059262179,143,0.7840909090909091,0.8426966292134831,0.8651685393258427,0.8089887640449438,0.8314606741573034,0.8264811031664964,0.02788321219130194,0.851063829787234,0.7804878048780488,0.75,0.7659574468085106,0.7441860465116279,0.7783390255970842,0.03851322952543815,185,0.8414634146341463,0.8823529411764706,0.88,0.8622754491017964,0.8654970760233918,0.866317776187161,0.014690697804603125,0.951505016722408,0.8939393939393938,0.8653846153846154,0.9020979020979021,0.8776223776223776,0.8981098611533394,0.029580461786990253,117,0.9611471861471861,0.9672644770959378,0.9655430711610486,0.9643659711075441,0.9640449438202248,0.9644731298663883,0.002009632884034287
0.9118913173675537,0.01229658124815557,0.20352606773376464,0.00174558043357763,5,log2,4,10,300,"{'classifier__max_depth': 5, 'classifier__max_features': 'log2', 'classifier__min_samples_leaf': 4, 'classifier__min_samples_split': 10, 'classifier__n_estimators': 300}",0.8367346938775511,0.7959183673469388,0.7916666666666666,0.7708333333333334,0.7708333333333334,0.7931972789115647,0.024106205515136706,216,0.8808290155440415,0.8963730569948186,0.8969072164948454,0.8762886597938144,0.8917525773195877,0.8884301052294216,0.00838071572856101,0.8,0.8333333333333334,0.8333333333333334,0.72,0.7619047619047619,0.7897142857142857,0.04369093680826352,214,0.922077922077922,0.9367088607594937,0.9058823529411765,0.922077922077922,0.9146341463414634,0.9202762408395955,0.010154214368024888,0.8695652173913043,0.6818181818181818,0.6818181818181818,0.8181818181818182,0.7272727272727273,0.7557312252964428,0.07562329853979173,198,0.8068181818181818,0.8314606741573034,0.8651685393258427,0.797752808988764,0.8426966292134831,0.8287793667007151,0.024372084091292774,0.8333333333333334,0.75,0.75,0.7659574468085106,0.7441860465116279,0.7686953653306945,0.033121905694012244,216,0.8606060606060606,0.8809523809523809,0.8850574712643678,0.8554216867469879,0.8771929824561403,0.8718461164051876,0.01168035677323363,0.9481605351170568,0.9006734006734006,0.8688811188811189,0.8986013986013986,0.8863636363636364,0.9005360179273223,0.026361886489105858,28,0.9619047619047618,0.9681287813310285,0.9654360620652755,0.9639379347244516,0.9631888710540395,0.9645192822159114,0.002136007695543498
0.3514859676361084,0.024009117884610978,0.12335491180419922,0.007248478607929503,10,sqrt,1,2,100,"{'classifier__max_depth': 10, 'classifier__max_features': 'sqrt', 'classifier__min_samples_leaf': 1, 'classifier__min_samples_split': 2, 'classifier__n_estimators': 100}",0.8571428571428571,0.7959183673469388,0.8333333333333334,0.8333333333333334,0.75,0.8139455782312925,0.03750144612881012,50,1.0,1.0,1.0,1.0,1.0,1.0,0.0,0.8076923076923077,0.8333333333333334,0.85,0.7916666666666666,0.75,0.8065384615384616,0.03471590343556966,134,1.0,1.0,1.0,1.0,1.0,1.0,0.0,0.9130434782608695,0.6818181818181818,0.7727272727272727,0.8636363636363636,0.6818181818181818,0.782608695652174,0.09380171999488587,33,1.0,1.0,1.0,1.0,1.0,1.0,0.0,0.8571428571428571,0.75,0.8095238095238095,0.8260869565217391,0.7142857142857143,0.7914078674948242,0.05198914009952382,67,1.0,1.0,1.0,1.0,1.0,1.0,0.0,0.9565217391304347,0.8569023569023569,0.8968531468531469,0.9003496503496504,0.8741258741258742,0.8969505534722927,0.033719767330510984,148,1.0,1.0,1.0,1.0,1.0,1.0,0.0
0.6921232223510743,0.09861001552293035,0.2255643367767334,0.07523895283437342,10,sqrt,1,2,200,"{'classifier__max_depth': 10, 'classifier__max_features': 'sqrt', 'classifier__min_samples_leaf': 1, 'classifier__min_samples_split': 2, 'classifier__n_estimators': 200}",0.8571428571428571,0.7959183673469388,0.7708333333333334,0.8333333333333334,0.7708333333333334,0.8056122448979591,0.03445861106774376,143,1.0,1.0,1.0,1.0,1.0,1.0,0.0,0.8333333333333334,0.8333333333333334,0.7894736842105263,0.7916666666666666,0.7619047619047619,0.8019423558897243,0.027694235588972462,166,1.0,1.0,1.0,1.0,1.0,1.0,0.0,0.8695652173913043,0.6818181818181818,0.6818181818181818,0.8636363636363636,0.7272727272727273,0.7648221343873518,0.08476394941025227,143,1.0,1.0,1.0,1.0,1.0,1.0,0.0,0.851063829787234,0.75,0.7317073170731707,0.8260869565217391,0.7441860465116279,0.7806088299787544,0.048346757046339825,175,1.0,1.0,1.0,1.0,1.0,1.0,0.0,0.9481605351170568,0.851851851851852,0.881118881118881,0.9055944055944056,0.8723776223776224,0.8918206592119636,0.03302714944979048,212,1.0,1.0,1.0,1.0,1.0,1.0,0.0
1.3201430320739747,0.3597495479815929,0.24061121940612792,0.03824927972515441,10,sqrt,1,2,300,"{'classifier__max_depth': 10, 'classifier__max_features': 'sqrt', 'classifier__min_samples_leaf': 1, 'classifier__min_samples_split': 2, 'classifier__n_estimators': 300}",0.8367346938775511,0.7959183673469388,0.8333333333333334,0.8125,0.7916666666666666,0.8140306122448979,0.01853975520396145,44,1.0,1.0,1.0,1.0,1.0,1.0,0.0,0.8,0.8333333333333334,0.85,0.76,0.7727272727272727,0.8032121212121212,0.03436080368849622,153,1.0,1.0,1.0,1.0,1.0,1.0,0.0,0.8695652173913043,0.6818181818181818,0.7727272727272727,0.8636363636363636,0.7727272727272727,0.7920948616600791,0.06932675622187721,9,1.0,1.0,1.0,1.0,1.0,1.0,0.0,0.8333333333333334,0.75,0.8095238095238095,0.8085106382978723,0.7727272727272727,0.7948190107764577,0.029610246298922872,36,1.0,1.0,1.0,1.0,1.0,1.0,0.0,0.9498327759197324,0.8434343434343434,0.8872377622377623,0.9020979020979021,0.8758741258741259,0.8916953819127732,0.03489263348887951,213,1.0,1.0,1.0,1.0,1.0,1.0,0.0
0.3349494934082031,0.006639347074046165,0.11965355873107911,0.01038783865722217,10,sqrt,1,5,100,"{'classifier__max_depth': 10, 'classifier__max_features': 'sqrt', 'classifier__min_samples_leaf': 1, 'classifier__min_samples_split': 5, 'classifier__n_estimators': 100}",0.8367346938775511,0.8163265306122449,0.8333333333333334,0.8125,0.7916666666666666,0.8181122448979592,0.016202048114033436,20,0.9740932642487047,0.9844559585492227,0.9845360824742269,0.9845360824742269,0.9639175257731959,0.9783077827039154,0.008248941297208713,0.7777777777777778,0.8823529411764706,0.85,0.76,0.7727272727272727,0.8085715983363041,0.048481489753527465,114,0.9882352941176471,0.9886363636363636,1.0,1.0,0.9767441860465116,0.9907231687601044,0.008695693523520539,0.9130434782608695,0.6818181818181818,0.7727272727272727,0.8636363636363636,0.7727272727272727,0.8007905138339921,0.080349033159226,1,0.9545454545454546,0.9775280898876404,0.9662921348314607,0.9662921348314607,0.9438202247191011,0.9616956077630234,0.011520222414604025,0.84,0.7692307692307693,0.8095238095238095,0.8085106382978723,0.7727272727272727,0.7999984979559448,0.02628186110542809,17,0.9710982658959537,0.9830508474576272,0.9828571428571429,0.9828571428571429,0.96,0.9759726798135734,0.009206286237795326,0.9414715719063546,0.8754208754208754,0.8933566433566433,0.8968531468531469,0.8846153846153846,0.8983435244304812,0.02280801765892525,94,0.9987012987012986,0.9984874675885912,0.9992509363295881,0.9993579454253612,0.9973247726056714,0.9986244841301021,0.0007272319970432424
0.6514779090881347,0.008440401908513218,0.15799107551574706,0.002918418705262864,10,sqrt,1,5,200,"{'classifier__max_depth': 10, 'classifier__max_features': 'sqrt', 'classifier__min_samples_leaf': 1, 'classifier__min_samples_split': 5, 'classifier__n_estimators': 200}",0.8571428571428571,0.7755102040816326,0.7916666666666666,0.8125,0.7708333333333334,0.801530612244898,0.0313997810382174,182,0.9792746113989638,0.9896373056994818,0.9896907216494846,0.979381443298969,0.9845360824742269,0.9845040329042252,0.004622575698660404,0.8076923076923077,0.8235294117647058,0.8333333333333334,0.76,0.7619047619047619,0.7972919629390217,0.030784722732719396,196,0.9883720930232558,0.9887640449438202,0.9887640449438202,1.0,0.9886363636363636,0.990907309309452,0.004548597677171848,0.9130434782608695,0.6363636363636364,0.6818181818181818,0.8636363636363636,0.7272727272727273,0.7644268774703556,0.10633366106070968,169,0.9659090909090909,0.9887640449438202,0.9887640449438202,0.9550561797752809,0.9775280898876404,0.9752042900919307,0.013156603102304007,0.8571428571428571,0.717948717948718,0.75,0.8085106382978723,0.7441860465116279,0.775557651980215,0.05039485190641195,200,0.9770114942528736,0.9887640449438202,0.9887640449438202,0.9770114942528736,0.9830508474576272,0.982920385170203,0.0052563052280821644,0.9464882943143813,0.8653198653198654,0.8776223776223777,0.8951048951048952,0.8811188811188811,0.8931308626960801,0.028316654811629073,201,0.9994588744588744,0.9992437337942955,0.9996789727126806,0.9989299090422686,0.9990369181380417,0.9992696816292321,0.00027335349333759993
0.9395961284637451,0.010787800230752228,0.2048543930053711,0.003183455040250568,10,sqrt,1,5,300,"{'classifier__max_depth': 10, 'classifier__max_features': 'sqrt', 'classifier__min_samples_leaf': 1, 'classifier__min_samples_split': 5, 'classifier__n_estimators': 300}",0.8571428571428571,0.8163265306122449,0.7916666666666666,0.8125,0.7916666666666666,0.8138605442176872,0.023943379807863985,60,0.9844559585492227,0.9896373056994818,0.9845360824742269,0.979381443298969,0.9845360824742269,0.9845093744992255,0.0032433204184815928,0.8076923076923077,0.8823529411764706,0.8333333333333334,0.76,0.8,0.8166757164404223,0.04040270296688728,53,0.9885057471264368,0.9887640449438202,0.9886363636363636,0.9885057471264368,0.9886363636363636,0.9886096532938842,9.680562961720175e-05,0.9130434782608695,0.6818181818181818,0.6818181818181818,0.8636363636363636,0.7272727272727273,0.7735177865612648,0.09648317688278028,83,0.9772727272727273,0.9887640449438202,0.9775280898876404,0.9662921348314607,0.9775280898876404,0.9774770173646579,0.007106976010949504,0.8571428571428571,0.7692307692307693,0.75,0.8085106382978723,0.7619047619047619,0.7893578053152521,0.03916490335953572,92,0.9828571428571429,0.9887640449438202,0.9830508474576272,0.9772727272727273,0.9830508474576272,0.9829991219977889,0.003634596050282923,0.9515050167224081,0.8653198653198654,0.881118881118881,0.9055944055944055,0.8863636363636364,0.8979803610238392,0.02969453895388334,121,0.9992424242424243,0.9992437337942955,0.9993579454253612,0.9989299090422685,0.9987158908507223,0.9990979806710143,0.00023829825636396913
0.4393160343170166,0.09080250350114223,0.1710648536682129,0.03847429642102632,10,sqrt,1,10,100,"{'classifier__max_depth': 10, 'classifier__max_features': 'sqrt', 'classifier__min_samples_leaf': 1, 'classifier__min_samples_split': 10, 'classifier__n_estimators': 100}",0.8571428571428571,0.8163265306122449,0.75,0.7916666666666666,0.8125,0.8055272108843538,0.034942254844029165,147,0.927461139896373,0.9430051813471503,0.9432989690721649,0.9226804123711341,0.9381443298969072,0.934918006516746,0.008383503598293277,0.8076923076923077,0.8823529411764706,0.75,0.75,0.782608695652174,0.7945307889041905,0.04897769826138105,208,0.9625,0.9534883720930233,0.9642857142857143,0.9512195121951219,0.9529411764705882,0.9568869550088894,0.0053942071718704855,0.9130434782608695,0.6818181818181818,0.6818181818181818,0.8181818181818182,0.8181818181818182,0.782608695652174,0.0892878289186563,33,0.875,0.9213483146067416,0.9101123595505618,0.8764044943820225,0.9101123595505618,0.8985955056179774,0.019142387682472832,0.8571428571428571,0.7692307692307693,0.7142857142857143,0.782608695652174,0.8,0.7846536072623029,0.04622529410768493,134,0.9166666666666666,0.9371428571428572,0.9364161849710982,0.9122807017543859,0.9310344827586207,0.9267081786587259,0.010303677612434827,0.9414715719063544,0.8636363636363635,0.8723776223776224,0.8916083916083917,0.8793706293706294,0.8896929157798723,0.027459101113627007,214,0.9853896103896105,0.990600691443388,0.9858747993579455,0.984055644729802,0.9836276083467095,0.9859096708534911,0.0024868685222307284
0.9661414146423339,0.20228242072200928,0.1877920150756836,0.04141359918905391,10,sqrt,1,10,200,"{'classifier__max_depth': 10, 'classifier__max_features': 'sqrt', 'classifier__min_samples_leaf': 1, 'classifier__min_samples_split': 10, 'classifier__n_estimators': 200}",0.8571428571428571,0.8163265306122449,0.7708333333333334,0.8125,0.7916666666666666,0.8096938775510205,0.02876940841692629,105,0.9326424870466321,0.9326424870466321,0.9432989690721649,0.9226804123711341,0.9484536082474226,0.9359435927567972,0.009036687447050155,0.8076923076923077,0.8823529411764706,0.7894736842105263,0.76,0.7727272727272727,0.8024492411613154,0.0430483207191854,163,0.9518072289156626,0.9523809523809523,0.9642857142857143,0.9512195121951219,0.9759036144578314,0.9591194044470566,0.009692093766324001,0.9130434782608695,0.6818181818181818,0.6818181818181818,0.8636363636363636,0.7727272727272727,0.7826086956521738,0.09380171999488587,45,0.8977272727272727,0.898876404494382,0.9101123595505618,0.8764044943820225,0.9101123595505618,0.89864657814096,0.012316951889176914,0.8571428571428571,0.7692307692307693,0.7317073170731707,0.8085106382978723,0.7727272727272727,0.7878637708943884,0.042321943619200414,104,0.9239766081871345,0.9248554913294798,0.9364161849710982,0.9122807017543859,0.9418604651162791,0.9278778902716756,0.010354149531197126,0.9498327759197325,0.867003367003367,0.8653846153846154,0.9003496503496503,0.8846153846153847,0.8934371586545501,0.030957268646712274,198,0.9869047619047618,0.9894122731201382,0.9865168539325841,0.9844836811128945,0.9854467629748529,0.9865528666090464,0.001661705550014707
0.9155959129333496,0.014603209078557241,0.2113489627838135,0.011665577002427305,10,sqrt,1,10,300,"{'classifier__max_depth': 10, 'classifier__max_features': 'sqrt', 'classifier__min_samples_leaf': 1, 'classifier__min_samples_split': 10, 'classifier__n_estimators': 300}",0.8571428571428571,0.8163265306122449,0.7916666666666666,0.7916666666666666,0.7708333333333334,0.8055272108843538,0.02955907561753001,147,0.9481865284974094,0.9326424870466321,0.9381443298969072,0.9278350515463918,0.9381443298969072,0.9369905453768496,0.006793248913382066,0.8076923076923077,0.8823529411764706,0.8333333333333334,0.7307692307692307,0.7619047619047619,0.8032105149752209,0.053188155017721374,154,0.9642857142857143,0.9523809523809523,0.963855421686747,0.9629629629629629,0.9529411764705882,0.9592852455573929,0.0054283198047990104,0.9130434782608695,0.6818181818181818,0.6818181818181818,0.8636363636363636,0.7272727272727273,0.7735177865612648,0.09648317688278028,83,0.9204545454545454,0.898876404494382,0.898876404494382,0.8764044943820225,0.9101123595505618,0.9009448416751787,0.014665997651470067,0.8571428571428571,0.7692307692307693,0.75,0.7916666666666666,0.7441860465116279,0.7824452679103842,0.0408799472586128,161,0.9418604651162791,0.9248554913294798,0.9302325581395349,0.9176470588235294,0.9310344827586207,0.9291260112334887,0.007962872772951763,0.9498327759197325,0.8686868686868687,0.8706293706293706,0.9003496503496504,0.8863636363636364,0.8951724603898518,0.02965130214098176,172,0.986904761904762,0.9898444252376837,0.9860888175494917,0.9860888175494916,0.9846976993044408,0.9867249043091739,0.0017136237884087645
0.3270554542541504,0.00527236394358136,0.12083535194396973,0.011210200663727578,10,sqrt,2,2,100,"{'classifier__max_depth': 10, 'classifier__max_features': 'sqrt', 'classifier__min_samples_leaf': 2, 'classifier__min_samples_split': 2, 'classifier__n_estimators': 100}",0.8367346938775511,0.8163265306122449,0.7708333333333334,0.8125,0.8333333333333334,0.8139455782312925,0.023501715386924468,50,0.9585492227979274,0.9792746113989638,0.9690721649484536,0.9587628865979382,0.9639175257731959,0.9659152823032958,0.007718085384832977,0.7777777777777778,0.8421052631578947,0.7894736842105263,0.76,0.8181818181818182,0.7975077086656034,0.02924723782550505,195,0.9761904761904762,0.9775280898876404,0.9882352941176471,0.9879518072289156,0.9659090909090909,0.9791629516667542,0.008327359582919629,0.9130434782608695,0.7272727272727273,0.6818181818181818,0.8636363636363636,0.8181818181818182,0.800790513833992,0.0853370576632106,6,0.9318181818181818,0.9775280898876404,0.9438202247191011,0.9213483146067416,0.9550561797752809,0.9459141981613891,0.019440056657599285,0.84,0.7804878048780488,0.7317073170731707,0.8085106382978723,0.8181818181818182,0.7957775156861822,0.03730543903388149,32,0.9534883720930233,0.9775280898876404,0.9655172413793104,0.9534883720930233,0.96045197740113,0.9620948105708255,0.008952537187608146,0.9548494983277591,0.8821548821548821,0.8723776223776224,0.8968531468531469,0.9003496503496503,0.9013169600126121,0.028605120048505277,19,0.9956709956709957,0.9987035436473639,0.9980738362760834,0.9964686998394864,0.9956126270733012,0.9969059405014462,0.001263668102373101
0.657877779006958,0.018203653507156598,0.1603551387786865,0.002708943142212984,10,sqrt,2,2,200,"{'classifier__max_depth': 10, 'classifier__max_features': 'sqrt', 'classifier__min_samples_leaf': 2, 'classifier__min_samples_split': 2, 'classifier__n_estimators': 200}",0.8367346938775511,0.8163265306122449,0.7708333333333334,0.8125,0.7916666666666666,0.8056122448979591,0.02251619755209791,143,0.9689119170984456,0.9689119170984456,0.9742268041237113,0.9690721649484536,0.9742268041237113,0.9710699214785535,0.0025782479722976158,0.7777777777777778,0.8823529411764706,0.7894736842105263,0.76,0.7727272727272727,0.7964663351784094,0.04397273046456087,201,0.9767441860465116,0.9770114942528736,0.9883720930232558,0.9770114942528736,0.9772727272727273,0.9792823989696483,0.004547919516132849,0.9130434782608695,0.6818181818181818,0.6818181818181818,0.8636363636363636,0.7727272727272727,0.7826086956521738,0.09380171999488587,45,0.9545454545454546,0.9550561797752809,0.9550561797752809,0.9550561797752809,0.9662921348314607,0.9572012257405514,0.004549756374120555,0.84,0.7692307692307693,0.7317073170731707,0.8085106382978723,0.7727272727272727,0.7844351994658171,0.0369203294737733,142,0.9655172413793104,0.9659090909090909,0.9714285714285714,0.9659090909090909,0.9717514124293786,0.9681030814110885,0.0028524712230293668,0.9531772575250836,0.8771043771043772,0.8636363636363636,0.8968531468531469,0.8846153846153847,0.8950773059468713,0.030983120587866106,177,0.9971861471861472,0.9977312013828867,0.9982878544676298,0.9965757089352595,0.9976457998929908,0.9974853423729828,0.0005739633579563642
1.2798563480377196,0.3699206469754808,0.2939784526824951,0.07833399952593298,10,sqrt,2,2,300,"{'classifier__max_depth': 10, 'classifier__max_features': 'sqrt', 'classifier__min_samples_leaf': 2, 'classifier__min_samples_split': 2, 'classifier__n_estimators': 300}",0.8571428571428571,0.8367346938775511,0.7708333333333334,0.8125,0.7916666666666666,0.8137755102040817,0.030797108106773476,72,0.9740932642487047,0.9740932642487047,0.9690721649484536,0.979381443298969,0.9690721649484536,0.9731424603386571,0.0038436330120553866,0.8076923076923077,0.8888888888888888,0.7894736842105263,0.76,0.7727272727272727,0.8037564307037991,0.045485068504652,149,0.9770114942528736,0.9883720930232558,0.9882352941176471,0.9885057471264368,0.9882352941176471,0.986071984527572,0.004531357418312445,0.9130434782608695,0.7272727272727273,0.6818181818181818,0.8636363636363636,0.7727272727272727,0.791699604743083,0.08542122914951522,10,0.9659090909090909,0.9550561797752809,0.9438202247191011,0.9662921348314607,0.9438202247191011,0.954979570990807,0.009964902343952623,0.8571428571428571,0.8,0.7317073170731707,0.8085106382978723,0.7727272727272727,0.7940176170482346,0.04139199138001292,45,0.9714285714285714,0.9714285714285714,0.9655172413793104,0.9772727272727273,0.9655172413793104,0.9702328705776981,0.0044021199622336325,0.9565217391304348,0.8787878787878789,0.868881118881119,0.8986013986013985,0.8828671328671329,0.8971318536535928,0.03120065944008331,147,0.9968614718614718,0.9976231633535004,0.9975387907972177,0.9965757089352595,0.9972177635098983,0.9971633796914695,0.0003979440587356403
0.395400333404541,0.06216837451034396,0.1316216468811035,0.033935455745432726,10,sqrt,2,5,100,"{'classifier__max_depth': 10, 'classifier__max_features': 'sqrt', 'classifier__min_samples_leaf': 2, 'classifier__min_samples_split': 5, 'classifier__n_estimators': 100}",0.8571428571428571,0.8367346938775511,0.7916666666666666,0.8125,0.8125,0.8221088435374149,0.022595059142924725,10,0.9533678756476683,0.9689119170984456,0.9639175257731959,0.9432989690721649,0.9536082474226805,0.9566209070028311,0.008960378737783407,0.8076923076923077,0.8888888888888888,0.8333333333333334,0.76,0.8095238095238095,0.8198876678876678,0.04191568573801554,32,0.9759036144578314,0.9662921348314607,0.9880952380952381,0.975609756097561,0.9651162790697675,0.9742034045103717,0.008282700232503727,0.9130434782608695,0.7272727272727273,0.6818181818181818,0.8636363636363636,0.7727272727272727,0.791699604743083,0.08542122914951522,10,0.9204545454545454,0.9662921348314607,0.9325842696629213,0.898876404494382,0.9325842696629213,0.9301583248212462,0.021863872099597843,0.8571428571428571,0.8,0.75,0.8085106382978723,0.7906976744186046,0.8012702339718668,0.03439826413117977,7,0.9473684210526315,0.9662921348314607,0.9595375722543352,0.935672514619883,0.9485714285714286,0.9514884142659478,0.0105788933082625,0.9414715719063544,0.893939393939394,0.8706293706293706,0.9003496503496503,0.8933566433566433,0.8999493260362825,0.023080293305924454,37,0.9944805194805195,0.9964347450302506,0.9966827180310326,0.9944355270197968,0.9933654360620653,0.9950797891247329,0.0012742441504169227
0.6244309902191162,0.012749880989375873,0.16019830703735352,0.0024612307769951306,10,sqrt,2,5,200,"{'classifier__max_depth': 10, 'classifier__max_features': 'sqrt', 'classifier__min_samples_leaf': 2, 'classifier__min_samples_split': 5, 'classifier__n_estimators': 200}",0.8571428571428571,0.8367346938775511,0.7708333333333334,0.8125,0.8125,0.8179421768707483,0.028873273963528026,31,0.9585492227979274,0.9689119170984456,0.9639175257731959,0.9536082474226805,0.9587628865979382,0.9607499599380376,0.005223921517006172,0.8076923076923077,0.8888888888888888,0.7894736842105263,0.76,0.8095238095238095,0.8111157380631064,0.04276473845130335,99,0.9761904761904762,0.9662921348314607,0.9880952380952381,0.9761904761904762,0.9764705882352941,0.9766477827085891,0.0069098962968886495,0.9130434782608695,0.7272727272727273,0.6818181818181818,0.8636363636363636,0.7727272727272727,0.791699604743083,0.08542122914951522,10,0.9318181818181818,0.9662921348314607,0.9325842696629213,0.9213483146067416,0.9325842696629213,0.9369254341164452,0.015289376748370592,0.8571428571428571,0.8,0.7317073170731707,0.8085106382978723,0.7906976744186046,0.7976116973865011,0.04014882549311916,25,0.9534883720930233,0.9662921348314607,0.9595375722543352,0.9479768786127167,0.9540229885057471,0.9562635892594565,0.006207775549127066,0.951505016722408,0.8855218855218856,0.8653846153846154,0.8986013986013985,0.8951048951048951,0.8992235622670405,0.028578002934174198,56,0.9962121212121212,0.9957865168539326,0.997003745318352,0.9949705724986624,0.9960406634563939,0.9960027238678923,0.0006571776816531131
0.9466516971588135,0.006129984815590591,0.2045072078704834,0.004353672903482557,10,sqrt,2,5,300,"{'classifier__max_depth': 10, 'classifier__max_features': 'sqrt', 'classifier__min_samples_leaf': 2, 'classifier__min_samples_split': 5, 'classifier__n_estimators': 300}",0.8571428571428571,0.8367346938775511,0.7916666666666666,0.8125,0.8125,0.8221088435374149,0.022595059142924725,10,0.9585492227979274,0.9689119170984456,0.9587628865979382,0.9639175257731959,0.9484536082474226,0.959719032102986,0.006801895711065548,0.8076923076923077,0.8888888888888888,0.8333333333333334,0.76,0.8095238095238095,0.8198876678876678,0.04191568573801554,32,0.9651162790697675,0.9662921348314607,0.9764705882352941,0.9880952380952381,0.9759036144578314,0.9743755709379183,0.00831901083746714,0.9130434782608695,0.7272727272727273,0.6818181818181818,0.8636363636363636,0.7727272727272727,0.791699604743083,0.08542122914951522,10,0.9431818181818182,0.9662921348314607,0.9325842696629213,0.9325842696629213,0.9101123595505618,0.9369509703779366,0.018210846093777152,0.8571428571428571,0.8,0.75,0.8085106382978723,0.7906976744186046,0.8012702339718668,0.03439826413117977,7,0.9540229885057471,0.9662921348314607,0.9540229885057471,0.9595375722543352,0.9418604651162791,0.9551472298427137,0.008031811349410504,0.9515050167224081,0.8754208754208754,0.8653846153846154,0.8986013986013986,0.8951048951048951,0.8972033602468386,0.029805828735279608,145,0.9958874458874459,0.9964347450302506,0.9962546816479402,0.9956126270733012,0.9955056179775281,0.9959390235232932,0.0003584452890756657
0.3345495700836182,0.010264820988180028,0.11331400871276856,0.004273092140250544,10,sqrt,2,10,100,"{'classifier__max_depth': 10, 'classifier__max_features': 'sqrt', 'classifier__min_samples_leaf': 2, 'classifier__min_samples_split': 10, 'classifier__n_estimators': 100}",0.8571428571428571,0.8367346938775511,0.7916666666666666,0.7916666666666666,0.7708333333333334,0.8096088435374149,0.03207078988558619,112,0.917098445595855,0.927461139896373,0.9381443298969072,0.9072164948453608,0.9175257731958762,0.9214892366860743,0.010504808486616446,0.8076923076923077,0.8888888888888888,0.8333333333333334,0.75,0.7391304347826086,0.8038089929394276,0.05514359275625172,144,0.95,0.9518072289156626,0.963855421686747,0.9493670886075949,0.9506172839506173,0.9531294046321243,0.005423182387117457,0.9130434782608695,0.7272727272727273,0.6818181818181818,0.8181818181818182,0.7727272727272727,0.7826086956521738,0.0794948037988884,45,0.8636363636363636,0.8876404494382022,0.898876404494382,0.8426966292134831,0.8651685393258427,0.8716036772216548,0.019705259328764036,0.8571428571428571,0.8,0.75,0.782608695652174,0.7555555555555555,0.7890614216701173,0.03858706973054084,97,0.9047619047619048,0.9186046511627907,0.9302325581395349,0.8928571428571429,0.9058823529411765,0.9104677219725099,0.01281072067707302,0.9481605351170568,0.8821548821548821,0.8618881118881119,0.8933566433566434,0.8968531468531469,0.8964826638739682,0.028574744073120696,155,0.9778138528138528,0.9846585998271392,0.980952380952381,0.9778491171749599,0.9803103263777422,0.9803168554292151,0.0025143362511819596
0.7095534801483154,0.15430816169035047,0.1990358352661133,0.053486018046266064,10,sqrt,2,10,200,"{'classifier__max_depth': 10, 'classifier__max_features': 'sqrt', 'classifier__min_samples_leaf': 2, 'classifier__min_samples_split': 10, 'classifier__n_estimators': 200}",0.8775510204081632,0.8163265306122449,0.7916666666666666,0.7708333333333334,0.7916666666666666,0.8096088435374149,0.03690162687709215,112,0.9119170984455959,0.9222797927461139,0.9381443298969072,0.9072164948453608,0.9175257731958762,0.9194166978259707,0.01065444559887579,0.84,0.8823529411764706,0.8333333333333334,0.72,0.75,0.8051372549019608,0.06043370101505903,139,0.9382716049382716,0.9404761904761905,0.963855421686747,0.9493670886075949,0.9397590361445783,0.9463458683706765,0.009578574386451618,0.9130434782608695,0.6818181818181818,0.6818181818181818,0.8181818181818182,0.8181818181818182,0.782608695652174,0.0892878289186563,33,0.8636363636363636,0.8876404494382022,0.898876404494382,0.8426966292134831,0.8764044943820225,0.8738508682328907,0.019482678124598155,0.875,0.7692307692307693,0.75,0.7659574468085106,0.782608695652174,0.7885593823382907,0.044449206504587245,101,0.8994082840236687,0.9132947976878613,0.9302325581395349,0.8928571428571429,0.9069767441860465,0.9085539053788508,0.0128449073680373,0.9498327759197325,0.8973063973063974,0.8583916083916083,0.8968531468531469,0.8881118881118881,0.8980991633165546,0.02951265251406928,118,0.9803030303030303,0.9837942955920483,0.9818084537185661,0.979454253611557,0.9815944355270199,0.9813908937504443,0.0014782522045837633
1.2994655132293702,0.33867460845865777,0.2411931037902832,0.041184932380385016,10,sqrt,2,10,300,"{'classifier__max_depth': 10, 'classifier__max_features': 'sqrt', 'classifier__min_samples_leaf': 2, 'classifier__min_samples_split': 10, 'classifier__n_estimators': 300}",0.8775510204081632,0.8163265306122449,0.7916666666666666,0.7708333333333334,0.7916666666666666,0.8096088435374149,0.03690162687709215,112,0.9222797927461139,0.9222797927461139,0.9381443298969072,0.9175257731958762,0.9175257731958762,0.9235510923561774,0.007600051700932637,0.84,0.8823529411764706,0.8333333333333334,0.72,0.7727272727272727,0.8096827094474153,0.056865007470681954,106,0.9397590361445783,0.9404761904761905,0.963855421686747,0.9506172839506173,0.9397590361445783,0.9468933936805423,0.009429277434615085,0.9130434782608695,0.6818181818181818,0.6818181818181818,0.8181818181818182,0.7727272727272727,0.7735177865612648,0.08749920490730415,83,0.8863636363636364,0.8876404494382022,0.898876404494382,0.8651685393258427,0.8764044943820225,0.8828907048008172,0.01136934472317987,0.875,0.7692307692307693,0.75,0.7659574468085106,0.7727272727272727,0.7865830977533104,0.04488736194817427,121,0.9122807017543859,0.9132947976878613,0.9302325581395349,0.9058823529411765,0.9069767441860465,0.913733430941801,0.008738606996515066,0.9481605351170568,0.888888888888889,0.8671328671328671,0.8986013986013985,0.8933566433566433,0.8992280666193709,0.026706752791879576,53,0.9805194805194806,0.9842264477095937,0.9806313536650615,0.9803103263777421,0.9805243445692885,0.9812423905682331,0.0014956534204371
0.33287625312805175,0.01735616421131809,0.11366748809814453,0.005919719666071965,10,sqrt,4,2,100,"{'classifier__max_depth': 10, 'classifier__max_features': 'sqrt', 'classifier__min_samples_leaf': 4, 'classifier__min_samples_split': 2, 'classifier__n_estimators': 100}",0.8571428571428571,0.8367346938775511,0.7708333333333334,0.7916666666666666,0.7916666666666666,0.8096088435374149,0.03207078988558619,112,0.8963730569948186,0.9119170984455959,0.9175257731958762,0.8969072164948454,0.9226804123711341,0.9090807115004541,0.010714424719976417,0.8076923076923077,0.8888888888888888,0.7894736842105263,0.75,0.8,0.8072109761583446,0.04541193368235494,125,0.925,0.9390243902439024,0.9397590361445783,0.9156626506024096,0.9512195121951219,0.9341331178372023,0.012426523053629561,0.9130434782608695,0.7272727272727273,0.6818181818181818,0.8181818181818182,0.7272727272727273,0.7735177865612648,0.0826417847001059,83,0.8409090909090909,0.8651685393258427,0.8764044943820225,0.8539325842696629,0.8764044943820225,0.8625638406537283,0.01366263971343711,0.8571428571428571,0.8,0.7317073170731707,0.782608695652174,0.7619047619047619,0.7866727263545927,0.04194000520302108,115,0.8809523809523809,0.9005847953216374,0.9069767441860465,0.8837209302325582,0.9122807017543859,0.8969031104894019,0.01248758472450227,0.9548494983277591,0.8888888888888888,0.8601398601398601,0.8933566433566433,0.8933566433566433,0.898118306813959,0.030955838012723603,105,0.9715367965367965,0.9775280898876404,0.9771000535045478,0.9748528624933118,0.9723916532905298,0.9746818911425652,0.002413064325967466
0.6189731121063232,0.015387832818255629,0.1580957889556885,0.0036678371594295353,10,sqrt,4,2,200,"{'classifier__max_depth': 10, 'classifier__max_features': 'sqrt', 'classifier__min_samples_leaf': 4, 'classifier__min_samples_split': 2, 'classifier__n_estimators': 200}",0.8367346938775511,0.8367346938775511,0.75,0.7916666666666666,0.7708333333333334,0.7971938775510204,0.03487016702412057,209,0.9067357512953368,0.9067357512953368,0.9226804123711341,0.8969072164948454,0.9175257731958762,0.9101169809305059,0.00905641558821048,0.8,0.8888888888888888,0.75,0.75,0.7894736842105263,0.7956725146198831,0.050829916866792765,202,0.9375,0.927710843373494,0.9404761904761905,0.9259259259259259,0.9506172839506173,0.9364460487452456,0.00900170605924362,0.8695652173913043,0.7272727272727273,0.6818181818181818,0.8181818181818182,0.6818181818181818,0.7557312252964427,0.07562329853979173,205,0.8522727272727273,0.8651685393258427,0.8876404494382022,0.8426966292134831,0.8651685393258427,0.8625893769152195,0.015119623427872503,0.8333333333333334,0.8,0.7142857142857143,0.782608695652174,0.7317073170731707,0.7723870120688785,0.04384521041679046,206,0.8928571428571429,0.8953488372093024,0.9132947976878613,0.8823529411764706,0.9058823529411765,0.8979472143743907,0.010717802817295447,0.9531772575250835,0.8872053872053872,0.8618881118881119,0.9003496503496504,0.8916083916083916,0.8988457597153248,0.03002638454259018,78,0.9742424242424242,0.9793647363872083,0.9761369716425896,0.9751738897806312,0.9752808988764045,0.9760397841858515,0.0017675370062987645
0.913145923614502,0.02577413507909043,0.21188583374023437,0.007963682265380126,10,sqrt,4,2,300,"{'classifier__max_depth': 10, 'classifier__max_features': 'sqrt', 'classifier__min_samples_leaf': 4, 'classifier__min_samples_split': 2, 'classifier__n_estimators': 300}",0.8571428571428571,0.8367346938775511,0.7708333333333334,0.7708333333333334,0.7916666666666666,0.8054421768707483,0.03531993982043897,167,0.9067357512953368,0.9015544041450777,0.9226804123711341,0.9020618556701031,0.9175257731958762,0.9101116393355057,0.008513111625539384,0.8076923076923077,0.8888888888888888,0.7894736842105263,0.72,0.8,0.8012109761583446,0.053784527837201834,171,0.9375,0.926829268292683,0.9404761904761905,0.9375,0.9506172839506173,0.9385845485438982,0.007601370079674739,0.9130434782608695,0.7272727272727273,0.6818181818181818,0.8181818181818182,0.7272727272727273,0.7735177865612648,0.0826417847001059,83,0.8522727272727273,0.8539325842696629,0.8876404494382022,0.8426966292134831,0.8651685393258427,0.8603421859039836,0.015401647353229788,0.8571428571428571,0.8,0.7317073170731707,0.7659574468085106,0.7619047619047619,0.7833424765858601,0.04278311308368894,150,0.8928571428571429,0.8888888888888888,0.9132947976878613,0.8875739644970414,0.9058823529411765,0.8976994293744222,0.010136805732348637,0.951505016722408,0.8855218855218855,0.8618881118881119,0.8986013986013986,0.8898601398601399,0.8974753105187887,0.02962364301201117,130,0.9737012987012987,0.9797968885047537,0.9754949170679508,0.9759229534510433,0.9734617442482612,0.9756755603946615,0.0022749888742940863
0.44433255195617677,0.1337745337947458,0.14787764549255372,0.03922925805083367,10,sqrt,4,5,100,"{'classifier__max_depth': 10, 'classifier__max_features': 'sqrt', 'classifier__min_samples_leaf': 4, 'classifier__min_samples_split': 5, 'classifier__n_estimators': 100}",0.8571428571428571,0.8367346938775511,0.7708333333333334,0.7916666666666666,0.7916666666666666,0.8096088435374149,0.03207078988558619,112,0.8963730569948186,0.9119170984455959,0.9175257731958762,0.8969072164948454,0.9226804123711341,0.9090807115004541,0.010714424719976417,0.8076923076923077,0.8888888888888888,0.7894736842105263,0.75,0.8,0.8072109761583446,0.04541193368235494,125,0.925,0.9390243902439024,0.9397590361445783,0.9156626506024096,0.9512195121951219,0.9341331178372023,0.012426523053629561,0.9130434782608695,0.7272727272727273,0.6818181818181818,0.8181818181818182,0.7272727272727273,0.7735177865612648,0.0826417847001059,83,0.8409090909090909,0.8651685393258427,0.8764044943820225,0.8539325842696629,0.8764044943820225,0.8625638406537283,0.01366263971343711,0.8571428571428571,0.8,0.7317073170731707,0.782608695652174,0.7619047619047619,0.7866727263545927,0.04194000520302108,115,0.8809523809523809,0.9005847953216374,0.9069767441860465,0.8837209302325582,0.9122807017543859,0.8969031104894019,0.01248758472450227,0.9548494983277591,0.8888888888888888,0.8601398601398601,0.8933566433566433,0.8933566433566433,0.898118306813959,0.030955838012723603,105,0.9715367965367965,0.9775280898876404,0.9771000535045478,0.9748528624933118,0.9723916532905298,0.9746818911425652,0.002413064325967466
0.9786098003387451,0.2016968243568833,0.21507577896118163,0.06772547038446532,10,sqrt,4,5,200,"{'classifier__max_depth': 10, 'classifier__max_features': 'sqrt', 'classifier__min_samples_leaf': 4, 'classifier__min_samples_split': 5, 'classifier__n_estimators': 200}",0.8367346938775511,0.8367346938775511,0.75,0.7916666666666666,0.7708333333333334,0.7971938775510204,0.03487016702412057,209,0.9067357512953368,0.9067357512953368,0.9226804123711341,0.8969072164948454,0.9175257731958762,0.9101169809305059,0.00905641558821048,0.8,0.8888888888888888,0.75,0.75,0.7894736842105263,0.7956725146198831,0.050829916866792765,202,0.9375,0.927710843373494,0.9404761904761905,0.9259259259259259,0.9506172839506173,0.9364460487452456,0.00900170605924362,0.8695652173913043,0.7272727272727273,0.6818181818181818,0.8181818181818182,0.6818181818181818,0.7557312252964427,0.07562329853979173,205,0.8522727272727273,0.8651685393258427,0.8876404494382022,0.8426966292134831,0.8651685393258427,0.8625893769152195,0.015119623427872503,0.8333333333333334,0.8,0.7142857142857143,0.782608695652174,0.7317073170731707,0.7723870120688785,0.04384521041679046,206,0.8928571428571429,0.8953488372093024,0.9132947976878613,0.8823529411764706,0.9058823529411765,0.8979472143743907,0.010717802817295447,0.9531772575250835,0.8872053872053872,0.8618881118881119,0.9003496503496504,0.8916083916083916,0.8988457597153248,0.03002638454259018,78,0.9742424242424242,0.9793647363872083,0.9761369716425896,0.9751738897806312,0.9752808988764045,0.9760397841858515,0.0017675370062987645
0.9222114562988282,0.012569977048783144,0.20458035469055175,0.00336145739105319,10,sqrt,4,5,300,"{'classifier__max_depth': 10, 'classifier__max_features': 'sqrt', 'classifier__min_samples_leaf': 4, 'classifier__min_samples_split': 5, 'classifier__n_estimators': 300}",0.8571428571428571,0.8367346938775511,0.7708333333333334,0.7708333333333334,0.7916666666666666,0.8054421768707483,0.03531993982043897,167,0.9067357512953368,0.9015544041450777,0.9226804123711341,0.9020618556701031,0.9175257731958762,0.9101116393355057,0.008513111625539384,0.8076923076923077,0.8888888888888888,0.7894736842105263,0.72,0.8,0.8012109761583446,0.053784527837201834,171,0.9375,0.926829268292683,0.9404761904761905,0.9375,0.9506172839506173,0.9385845485438982,0.007601370079674739,0.9130434782608695,0.7272727272727273,0.6818181818181818,0.8181818181818182,0.7272727272727273,0.7735177865612648,0.0826417847001059,83,0.8522727272727273,0.8539325842696629,0.8876404494382022,0.8426966292134831,0.8651685393258427,0.8603421859039836,0.015401647353229788,0.8571428571428571,0.8,0.7317073170731707,0.7659574468085106,0.7619047619047619,0.7833424765858601,0.04278311308368894,150,0.8928571428571429,0.8888888888888888,0.9132947976878613,0.8875739644970414,0.9058823529411765,0.8976994293744222,0.010136805732348637,0.951505016722408,0.8855218855218855,0.8618881118881119,0.8986013986013986,0.8898601398601399,0.8974753105187887,0.02962364301201117,130,0.9737012987012987,0.9797968885047537,0.9754949170679508,0.9759229534510433,0.9734617442482612,0.9756755603946615,0.0022749888742940863
0.33435792922973634,0.009535916818819158,0.11403560638427734,0.0016902200578035604,10,sqrt,4,10,100,"{'classifier__max_depth': 10, 'classifier__max_features': 'sqrt', 'classifier__min_samples_leaf': 4, 'classifier__min_samples_split': 10, 'classifier__n_estimators': 100}",0.8571428571428571,0.8367346938775511,0.7916666666666666,0.7708333333333334,0.7708333333333334,0.8054421768707483,0.03531993982043897,167,0.8808290155440415,0.917098445595855,0.9072164948453608,0.8917525773195877,0.9072164948453608,0.9008226056300412,0.012873815776744334,0.8076923076923077,0.8888888888888888,0.8333333333333334,0.72,0.7894736842105263,0.8078776428250112,0.05526668855350924,116,0.9012345679012346,0.9397590361445783,0.9176470588235294,0.925,0.9176470588235294,0.9202575443385743,0.012476393470425121,0.9130434782608695,0.7272727272727273,0.6818181818181818,0.8181818181818182,0.6818181818181818,0.7644268774703556,0.089448657623281,169,0.8295454545454546,0.8764044943820225,0.8764044943820225,0.8314606741573034,0.8764044943820225,0.8580439223697651,0.02249517089381843,0.8571428571428571,0.8,0.75,0.7659574468085106,0.7317073170731707,0.7809615242049077,0.04421713307890329,168,0.863905325443787,0.9069767441860465,0.896551724137931,0.8757396449704142,0.896551724137931,0.8879450325752221,0.01573045029042442,0.951505016722408,0.893939393939394,0.8671328671328671,0.8916083916083917,0.8881118881118881,0.8984595115029897,0.02817668145086791,88,0.967099567099567,0.9739628349178912,0.971107544141252,0.9676832530765115,0.9715355805243446,0.9702777559519132,0.0025566700073070413
0.618127965927124,0.007004767659671179,0.15904526710510253,0.0022802829508106275,10,sqrt,4,10,200,"{'classifier__max_depth': 10, 'classifier__max_features': 'sqrt', 'classifier__min_samples_leaf': 4, 'classifier__min_samples_split': 10, 'classifier__n_estimators': 200}",0.8775510204081632,0.8367346938775511,0.75,0.7708333333333334,0.7708333333333334,0.8011904761904762,0.0480788960391421,200,0.8860103626943006,0.8963730569948186,0.9226804123711341,0.8969072164948454,0.9072164948453608,0.9018375086800919,0.012393762057973792,0.84,0.8888888888888888,0.75,0.72,0.7894736842105263,0.7976725146198831,0.06080288143012247,192,0.9125,0.9259259259259259,0.9512195121951219,0.9259259259259259,0.9382716049382716,0.9307685937970491,0.01307807037029194,0.9130434782608695,0.7272727272727273,0.6818181818181818,0.8181818181818182,0.6818181818181818,0.7644268774703556,0.089448657623281,169,0.8295454545454546,0.8426966292134831,0.8764044943820225,0.8426966292134831,0.8539325842696629,0.8490551583248213,0.01570519527478246,0.875,0.8,0.7142857142857143,0.7659574468085106,0.7317073170731707,0.777390095633479,0.05698892149766291,194,0.8690476190476191,0.8823529411764706,0.9122807017543859,0.8823529411764706,0.8941176470588236,0.888030370042754,0.014490995562771126,0.9531772575250836,0.8956228956228957,0.8618881118881119,0.8986013986013985,0.8881118881118881,0.8994803103498755,0.029804122800526824,49,0.9704545454545455,0.9750432152117545,0.9714285714285715,0.9707865168539325,0.9722846441947565,0.9719994986287122,0.0016449730451224829
1.1924849987030028,0.3754057890667225,0.29329466819763184,0.07966204450732317,10,sqrt,4,10,300,"{'classifier__max_depth': 10, 'classifier__max_features': 'sqrt', 'classifier__min_samples_leaf': 4, 'classifier__min_samples_split': 10, 'classifier__n_estimators': 300}",0.8571428571428571,0.8367346938775511,0.7916666666666666,0.7708333333333334,0.7708333333333334,0.8054421768707483,0.03531993982043897,167,0.8911917098445595,0.9015544041450777,0.9175257731958762,0.8969072164948454,0.9072164948453608,0.902879119705144,0.009026088079584573,0.8076923076923077,0.8888888888888888,0.8333333333333334,0.72,0.7894736842105263,0.8078776428250112,0.05526668855350924,116,0.9240506329113924,0.926829268292683,0.9397590361445783,0.9259259259259259,0.927710843373494,0.9288551413296148,0.005585196604094007,0.9130434782608695,0.7272727272727273,0.6818181818181818,0.8181818181818182,0.6818181818181818,0.7644268774703556,0.089448657623281,169,0.8295454545454546,0.8539325842696629,0.8764044943820225,0.8426966292134831,0.8651685393258427,0.853549540347293,0.016440672730153094,0.8571428571428571,0.8,0.75,0.7659574468085106,0.7317073170731707,0.7809615242049077,0.04421713307890329,168,0.874251497005988,0.8888888888888888,0.9069767441860465,0.8823529411764706,0.8953488372093024,0.8895637816933393,0.011167774117512476,0.951505016722408,0.8905723905723906,0.8636363636363636,0.9003496503496503,0.8916083916083917,0.8995343625778409,0.028752105566036013,46,0.9706709956709956,0.9752592912705271,0.9720706260032103,0.9712145532370251,0.9713215623327983,0.9721074057029113,0.001637909917280727
0.46716866493225095,0.12070865451788809,0.13442549705505372,0.022929965894537288,10,log2,1,2,100,"{'classifier__max_depth': 10, 'classifier__max_features': 'log2', 'classifier__min_samples_leaf': 1, 'classifier__min_samples_split': 2, 'classifier__n_estimators': 100}",0.8775510204081632,0.8163265306122449,0.8333333333333334,0.8125,0.7916666666666666,0.8262755102040817,0.02886350547425413,5,1.0,1.0,1.0,1.0,1.0,1.0,0.0,0.84,0.9333333333333333,0.8888888888888888,0.782608695652174,0.7727272727272727,0.8435116381203338,0.061414913833556545,1,1.0,1.0,1.0,1.0,1.0,1.0,0.0,0.9130434782608695,0.6363636363636364,0.7272727272727273,0.8181818181818182,0.7727272727272727,0.7735177865612648,0.09210079880436504,83,1.0,1.0,1.0,1.0,1.0,1.0,0.0,0.875,0.7567567567567568,0.8,0.8,0.7727272727272727,0.8008968058968058,0.0405826525377633,14,1.0,1.0,1.0,1.0,1.0,1.0,0.0,0.9607023411371236,0.851851851851852,0.8872377622377623,0.8942307692307692,0.8706293706293706,0.8929304190173756,0.03691047580096933,203,1.0,1.0,1.0,1.0,1.0,1.0,0.0
0.6370263576507569,0.01293351416190751,0.15889811515808105,0.0030648663441770908,10,log2,1,2,200,"{'classifier__max_depth': 10, 'classifier__max_features': 'log2', 'classifier__min_samples_leaf': 1, 'classifier__min_samples_split': 2, 'classifier__n_estimators': 200}",0.8571428571428571,0.8163265306122449,0.8333333333333334,0.8125,0.7708333333333334,0.8180272108843537,0.02837257696612096,25,1.0,1.0,1.0,1.0,1.0,1.0,0.0,0.8333333333333334,0.8823529411764706,0.8888888888888888,0.782608695652174,0.7391304347826086,0.8252628587666951,0.05763827525311739,20,1.0,1.0,1.0,1.0,1.0,1.0,0.0,0.8695652173913043,0.6818181818181818,0.7272727272727273,0.8181818181818182,0.7727272727272727,0.773913043478261,0.06598068123361654,64,1.0,1.0,1.0,1.0,1.0,1.0,0.0,0.851063829787234,0.7692307692307693,0.8,0.8,0.7555555555555555,0.7951700309147117,0.032902662232168686,35,1.0,1.0,1.0,1.0,1.0,1.0,0.0,0.9581939799331103,0.8535353535353536,0.8951048951048951,0.895104895104895,0.8846153846153846,0.8973109016587276,0.03404102500364923,140,1.0,1.0,1.0,1.0,1.0,1.0,0.0
0.9296794891357422,0.01005708737665188,0.20607118606567382,0.0075909387604168686,10,log2,1,2,300,"{'classifier__max_depth': 10, 'classifier__max_features': 'log2', 'classifier__min_samples_leaf': 1, 'classifier__min_samples_split': 2, 'classifier__n_estimators': 300}",0.8571428571428571,0.7959183673469388,0.8125,0.8125,0.8125,0.8181122448979592,0.020544823052755987,20,1.0,1.0,1.0,1.0,1.0,1.0,0.0,0.8333333333333334,0.8333333333333334,0.8421052631578947,0.782608695652174,0.8095238095238095,0.8201808870001089,0.021688221789840083,30,1.0,1.0,1.0,1.0,1.0,1.0,0.0,0.8695652173913043,0.6818181818181818,0.7272727272727273,0.8181818181818182,0.7727272727272727,0.773913043478261,0.06598068123361654,64,1.0,1.0,1.0,1.0,1.0,1.0,0.0,0.851063829787234,0.75,0.7804878048780488,0.8,0.7906976744186046,0.7944498618167775,0.03292644397129659,39,1.0,1.0,1.0,1.0,1.0,1.0,0.0,0.9565217391304348,0.8569023569023569,0.8986013986013986,0.8977272727272727,0.8846153846153847,0.8988736303953697,0.03252561470020353,74,1.0,1.0,1.0,1.0,1.0,1.0,0.0
0.33268370628356936,0.013454612565885838,0.1176638126373291,0.0041475385582248935,10,log2,1,5,100,"{'classifier__max_depth': 10, 'classifier__max_features': 'log2', 'classifier__min_samples_leaf': 1, 'classifier__min_samples_split': 5, 'classifier__n_estimators': 100}",0.8979591836734694,0.7959183673469388,0.8125,0.8125,0.7708333333333334,0.8179421768707483,0.04281646244431086,31,0.9740932642487047,0.9844559585492227,0.9742268041237113,0.9845360824742269,0.9742268041237113,0.9783077827039154,0.005052973825524196,0.875,0.8333333333333334,0.8421052631578947,0.76,0.7391304347826086,0.8099138062547674,0.051619086574978476,105,0.9770114942528736,0.9777777777777777,0.9883720930232558,1.0,0.9772727272727273,0.9840868184653269,0.009032042631452044,0.9130434782608695,0.6818181818181818,0.7272727272727273,0.8636363636363636,0.7727272727272727,0.791699604743083,0.08542122914951522,10,0.9659090909090909,0.9887640449438202,0.9550561797752809,0.9662921348314607,0.9662921348314607,0.9684627170582226,0.011025633920580228,0.8936170212765957,0.75,0.7804878048780488,0.8085106382978723,0.7555555555555555,0.7976342040016144,0.05227738915413107,24,0.9714285714285714,0.9832402234636871,0.9714285714285714,0.9828571428571429,0.9717514124293786,0.9761411843214705,0.005642481610370243,0.9515050167224081,0.8720538720538721,0.8846153846153846,0.9003496503496504,0.8846153846153847,0.8986278616713399,0.027920723605322603,84,0.997943722943723,0.9985955056179775,0.9983948635634029,0.9990369181380417,0.9975387907972177,0.9983019602120725,0.0005187917862043698
0.7475186824798584,0.20020749504804372,0.1827845096588135,0.06041991953273647,10,log2,1,5,200,"{'classifier__max_depth': 10, 'classifier__max_features': 'log2', 'classifier__min_samples_leaf': 1, 'classifier__min_samples_split': 5, 'classifier__n_estimators': 200}",0.8775510204081632,0.8163265306122449,0.8125,0.8333333333333334,0.7708333333333334,0.8221088435374149,0.034510193018660436,10,0.9792746113989638,0.9844559585492227,0.979381443298969,0.9742268041237113,0.979381443298969,0.9793440521339672,0.003234978596866345,0.84,0.8823529411764706,0.8421052631578947,0.7916666666666666,0.7391304347826086,0.819051061156728,0.049223355968935144,42,0.9883720930232558,0.9777777777777777,0.9885057471264368,1.0,0.9775280898876404,0.9864367415630222,0.008322620707827268,0.9130434782608695,0.6818181818181818,0.7272727272727273,0.8636363636363636,0.7727272727272727,0.791699604743083,0.08542122914951522,10,0.9659090909090909,0.9887640449438202,0.9662921348314607,0.9438202247191011,0.9775280898876404,0.9684627170582228,0.014918510387107786,0.875,0.7692307692307693,0.7804878048780488,0.8260869565217391,0.7555555555555555,0.8012722172372225,0.04381829887080569,6,0.9770114942528736,0.9832402234636871,0.9772727272727273,0.9710982658959537,0.9775280898876404,0.9772301601545763,0.0038434197543439725,0.9548494983277591,0.8737373737373738,0.8916083916083916,0.9020979020979021,0.8863636363636364,0.9017313604270127,0.02808549682027983,16,0.9981601731601732,0.9991356957649092,0.9989299090422685,0.9992509363295881,0.998501872659176,0.998795717391223,0.0004076955167286649
1.2827866554260254,0.30978680161040256,0.24333443641662597,0.05002947246512478,10,log2,1,5,300,"{'classifier__max_depth': 10, 'classifier__max_features': 'log2', 'classifier__min_samples_leaf': 1, 'classifier__min_samples_split': 5, 'classifier__n_estimators': 300}",0.8571428571428571,0.8163265306122449,0.8125,0.8333333333333334,0.7708333333333334,0.8180272108843537,0.02837257696612096,25,0.9844559585492227,0.9896373056994818,0.979381443298969,0.979381443298969,0.9690721649484536,0.9803856631590193,0.006814284277532296,0.8076923076923077,0.8823529411764706,0.8421052631578947,0.7916666666666666,0.7391304347826086,0.8125895226951897,0.04815828009673757,86,0.9885057471264368,0.9887640449438202,0.9885057471264368,0.9885057471264368,0.9770114942528736,0.9862585561152007,0.004624613057953768,0.9130434782608695,0.6818181818181818,0.7272727272727273,0.8636363636363636,0.7727272727272727,0.791699604743083,0.08542122914951522,10,0.9772727272727273,0.9887640449438202,0.9662921348314607,0.9662921348314607,0.9550561797752809,0.9707354443309499,0.011428839345641368,0.8571428571428571,0.7692307692307693,0.7804878048780488,0.8260869565217391,0.7555555555555555,0.7977007886657941,0.038005745675626354,23,0.9828571428571429,0.9887640449438202,0.9772727272727273,0.9772727272727273,0.9659090909090909,0.9784151466511017,0.007560988036784174,0.9565217391304348,0.8653198653198654,0.8898601398601398,0.8986013986013985,0.8811188811188811,0.8982844048061438,0.03112546192796608,99,0.9984848484848485,0.9988115816767502,0.998501872659176,0.9986088817549491,0.9982878544676297,0.9985390078086708,0.00017121281162884864
0.33121886253356936,0.008131957281422185,0.12131872177124023,0.012323370222664713,10,log2,1,10,100,"{'classifier__max_depth': 10, 'classifier__max_features': 'log2', 'classifier__min_samples_leaf': 1, 'classifier__min_samples_split': 10, 'classifier__n_estimators': 100}",0.8571428571428571,0.7755102040816326,0.8125,0.8125,0.8125,0.8140306122448979,0.025882487619001606,44,0.9222797927461139,0.9430051813471503,0.9329896907216495,0.9381443298969072,0.9381443298969072,0.9349126649217456,0.007066306366113786,0.8076923076923077,0.8235294117647058,0.8823529411764706,0.76,0.782608695652174,0.8112366712571315,0.04163161130260492,96,0.9294117647058824,0.9534883720930233,0.9523809523809523,0.963855421686747,0.9529411764705882,0.9504155374674387,0.011326720433030827,0.9130434782608695,0.6363636363636364,0.6818181818181818,0.8636363636363636,0.8181818181818182,0.782608695652174,0.10619840637681045,33,0.8977272727272727,0.9213483146067416,0.898876404494382,0.898876404494382,0.9101123595505618,0.9053881511746681,0.009171038216031616,0.8571428571428571,0.717948717948718,0.7692307692307693,0.8085106382978723,0.8,0.7905665965240434,0.04598249673381044,79,0.9132947976878613,0.9371428571428572,0.9248554913294798,0.9302325581395349,0.9310344827586207,0.9273120374116708,0.008019335201856421,0.9397993311036789,0.8754208754208754,0.8706293706293706,0.9020979020979021,0.8916083916083917,0.8959111741720438,0.02466569193173767,163,0.9813852813852814,0.9868193604148661,0.984055644729802,0.9834135901551632,0.9850187265917604,0.9841385206553745,0.0017930077207908995
0.6288926124572753,0.020712455352559386,0.1615358352661133,0.0073200944508413,10,log2,1,10,200,"{'classifier__max_depth': 10, 'classifier__max_features': 'log2', 'classifier__min_samples_leaf': 1, 'classifier__min_samples_split': 10, 'classifier__n_estimators': 200}",0.8775510204081632,0.8163265306122449,0.8125,0.7708333333333334,0.7916666666666666,0.8137755102040817,0.03580022863098789,72,0.9326424870466321,0.9430051813471503,0.9278350515463918,0.9278350515463918,0.9278350515463918,0.9318305646065916,0.005889374350297278,0.84,0.8823529411764706,0.8823529411764706,0.72,0.7727272727272727,0.8194866310160427,0.06388923469872841,39,0.9518072289156626,0.9534883720930233,0.9518072289156626,0.9629629629629629,0.9411764705882353,0.9522484526951093,0.006918327471510736,0.9130434782608695,0.6818181818181818,0.6818181818181818,0.8181818181818182,0.7727272727272727,0.7735177865612648,0.08749920490730415,83,0.8977272727272727,0.9213483146067416,0.8876404494382022,0.8764044943820225,0.898876404494382,0.8963993871297241,0.01487859269497304,0.875,0.7692307692307693,0.7692307692307693,0.7659574468085106,0.7727272727272727,0.7904292515994642,0.042339560886283455,83,0.9239766081871345,0.9371428571428572,0.9186046511627907,0.9176470588235294,0.9195402298850575,0.9233822810402739,0.007213689175913273,0.9481605351170568,0.8804713804713805,0.8723776223776224,0.8968531468531469,0.9003496503496504,0.8996424670337714,0.026355969570301275,41,0.9850649350649351,0.9876836646499568,0.9836276083467095,0.9845906902086676,0.9844836811128946,0.9850901158766329,0.0013771889273780378
0.9157922267913818,0.018466026157582117,0.2114412784576416,0.006049735588277157,10,log2,1,10,300,"{'classifier__max_depth': 10, 'classifier__max_features': 'log2', 'classifier__min_samples_leaf': 1, 'classifier__min_samples_split': 10, 'classifier__n_estimators': 300}",0.8775510204081632,0.8163265306122449,0.8125,0.7708333333333334,0.8333333333333334,0.8221088435374149,0.034510193018660436,10,0.9378238341968912,0.9430051813471503,0.9329896907216495,0.9278350515463918,0.9278350515463918,0.9338977618716949,0.005877016923494348,0.84,0.8823529411764706,0.8823529411764706,0.72,0.85,0.8349411764705881,0.05993260343934094,8,0.9523809523809523,0.9534883720930233,0.9523809523809523,0.9629629629629629,0.9411764705882353,0.9524779420812253,0.006909395105361972,0.9130434782608695,0.6818181818181818,0.6818181818181818,0.8181818181818182,0.7727272727272727,0.7735177865612648,0.08749920490730415,83,0.9090909090909091,0.9213483146067416,0.898876404494382,0.8764044943820225,0.898876404494382,0.9009193054136875,0.014788119363312648,0.875,0.7692307692307693,0.7692307692307693,0.7659574468085106,0.8095238095238095,0.7977885589587717,0.04181778842193211,20,0.9302325581395349,0.9371428571428572,0.9248554913294798,0.9176470588235294,0.9195402298850575,0.9258836390640918,0.007138911271419725,0.9498327759197324,0.8838383838383838,0.8723776223776223,0.8986013986013986,0.8933566433566433,0.899601364818756,0.026656312054218152,42,0.9852813852813853,0.9891961970613656,0.9843766720171214,0.9854467629748529,0.9839486356340289,0.9856499305937507,0.0018584240921221407
0.4055001258850098,0.09569855978346495,0.14948930740356445,0.05366480131677928,10,log2,2,2,100,"{'classifier__max_depth': 10, 'classifier__max_features': 'log2', 'classifier__min_samples_leaf': 2, 'classifier__min_samples_split': 2, 'classifier__n_estimators': 100}",0.8571428571428571,0.7959183673469388,0.7916666666666666,0.8333333333333334,0.7916666666666666,0.8139455782312925,0.026681716910791246,50,0.9689119170984456,0.9637305699481865,0.9690721649484536,0.9639175257731959,0.9536082474226805,0.9638480850381924,0.005617941121929864,0.8076923076923077,0.875,0.8333333333333334,0.7916666666666666,0.8,0.8215384615384614,0.030150291958685103,27,0.9767441860465116,0.9767441860465116,0.9882352941176471,0.9880952380952381,0.9651162790697675,0.9789870366751352,0.008613341665853536,0.9130434782608695,0.6363636363636364,0.6818181818181818,0.8636363636363636,0.7272727272727273,0.7644268774703556,0.10633366106070968,169,0.9545454545454546,0.9438202247191011,0.9438202247191011,0.9325842696629213,0.9325842696629213,0.9414708886619,0.008245326280126924,0.8571428571428571,0.7368421052631579,0.75,0.8260869565217391,0.7619047619047619,0.7863953361665033,0.04682001252888922,124,0.9655172413793104,0.96,0.9655172413793104,0.9595375722543352,0.9485714285714286,0.959828696716877,0.006189656939104533,0.951505016722408,0.8754208754208754,0.8706293706293706,0.9003496503496503,0.8671328671328672,0.8930075560510342,0.03148152886584183,202,0.9952380952380953,0.996542783059637,0.9964686998394864,0.9966827180310327,0.9947565543071161,0.9959377700950736,0.0007858358799761532
0.970561408996582,0.1881310157362777,0.25124545097351075,0.07634452010091554,10,log2,2,2,200,"{'classifier__max_depth': 10, 'classifier__max_features': 'log2', 'classifier__min_samples_leaf': 2, 'classifier__min_samples_split': 2, 'classifier__n_estimators': 200}",0.8367346938775511,0.8163265306122449,0.7916666666666666,0.8541666666666666,0.7916666666666666,0.8181122448979592,0.024692682829366198,20,0.9637305699481865,0.9689119170984456,0.9587628865979382,0.9690721649484536,0.9639175257731959,0.964879012873244,0.003833985394511651,0.8,0.8823529411764706,0.8333333333333334,0.8260869565217391,0.7727272727272727,0.8229001007517631,0.03659337621149895,25,0.9764705882352941,0.9770114942528736,0.9764705882352941,0.9882352941176471,0.9767441860465116,0.9789864301775241,0.004628788960171119,0.8695652173913043,0.6818181818181818,0.6818181818181818,0.8636363636363636,0.7727272727272727,0.773913043478261,0.08266068678052056,64,0.9431818181818182,0.9550561797752809,0.9325842696629213,0.9438202247191011,0.9438202247191011,0.9436925434116444,0.007110828677087662,0.8333333333333334,0.7692307692307693,0.75,0.8444444444444444,0.7727272727272727,0.7939471639471639,0.037666385137670434,48,0.9595375722543352,0.9659090909090909,0.9540229885057471,0.9655172413793104,0.96,0.9609973786096967,0.004389122763752807,0.9481605351170568,0.8720538720538721,0.8828671328671329,0.9073426573426573,0.8758741258741258,0.897259664650969,0.028257330292150912,141,0.9955627705627705,0.9967588591184098,0.9960406634563939,0.9963616907437132,0.9955056179775281,0.9960459203717631,0.00047610516371415654
0.9411195278167724,0.013618398836665808,0.2110499382019043,0.009675639300882242,10,log2,2,2,300,"{'classifier__max_depth': 10, 'classifier__max_features': 'log2', 'classifier__min_samples_leaf': 2, 'classifier__min_samples_split': 2, 'classifier__n_estimators': 300}",0.8571428571428571,0.8163265306122449,0.7916666666666666,0.8333333333333334,0.7708333333333334,0.8138605442176872,0.03033986913033493,60,0.9637305699481865,0.9689119170984456,0.9639175257731959,0.9742268041237113,0.9536082474226805,0.964879012873244,0.0068252333321177005,0.8076923076923077,0.8823529411764706,0.8333333333333334,0.7916666666666666,0.7619047619047619,0.815390002154708,0.04071540349186586,64,0.9764705882352941,0.9770114942528736,0.9767441860465116,0.9883720930232558,0.9761904761904762,0.9789577675496822,0.004715112073918975,0.9130434782608695,0.6818181818181818,0.6818181818181818,0.8636363636363636,0.7272727272727273,0.7735177865612648,0.09648317688278028,83,0.9431818181818182,0.9550561797752809,0.9438202247191011,0.9550561797752809,0.9213483146067416,0.9436925434116447,0.01231102080635417,0.8571428571428571,0.7692307692307693,0.75,0.8260869565217391,0.7441860465116279,0.7893293258813987,0.04458354395608649,95,0.9595375722543352,0.9659090909090909,0.96,0.9714285714285714,0.9479768786127167,0.9609704226409429,0.007817803874143894,0.9498327759197325,0.8771043771043772,0.881118881118881,0.9055944055944055,0.8811188811188811,0.8989538641712554,0.027372737448580212,73,0.995995670995671,0.9965427830596371,0.9959336543606208,0.996147672552167,0.9957196361690743,0.996067883427434,0.000274373539440655
0.33211531639099123,0.013074691383547516,0.11558971405029297,0.00675317047645001,10,log2,2,5,100,"{'classifier__max_depth': 10, 'classifier__max_features': 'log2', 'classifier__min_samples_leaf': 2, 'classifier__min_samples_split': 5, 'classifier__n_estimators': 100}",0.8367346938775511,0.8163265306122449,0.7916666666666666,0.8125,0.7708333333333334,0.8056122448979591,0.022516197552097914,143,0.9378238341968912,0.9533678756476683,0.9536082474226805,0.9432989690721649,0.9432989690721649,0.946279579082314,0.006216446275390137,0.8,0.8823529411764706,0.8333333333333334,0.782608695652174,0.7391304347826086,0.8074850809889172,0.04820901841179936,124,0.9523809523809523,0.9761904761904762,0.9651162790697675,0.975609756097561,0.9534883720930233,0.9645571671663561,0.010281873739052858,0.8695652173913043,0.6818181818181818,0.6818181818181818,0.8181818181818182,0.7727272727272727,0.7648221343873518,0.07437764823951035,143,0.9090909090909091,0.9213483146067416,0.9325842696629213,0.898876404494382,0.9213483146067416,0.9166496424923392,0.011585247704807214,0.8333333333333334,0.7692307692307693,0.75,0.8,0.7555555555555555,0.7816239316239317,0.031128012690844566,164,0.9302325581395349,0.9479768786127167,0.9485714285714286,0.935672514619883,0.9371428571428572,0.939919247417284,0.007202231470563264,0.9481605351170568,0.8838383838383839,0.8601398601398602,0.9038461538461537,0.8741258741258742,0.8940221614134657,0.030577953651975073,191,0.9911255411255411,0.9942739844425238,0.9951845906902087,0.994649545211343,0.9930444087747459,0.9936556140488726,0.0014479565983634398
0.6138812065124511,0.009787646654445991,0.1542743682861328,0.013056869313908568,10,log2,2,5,200,"{'classifier__max_depth': 10, 'classifier__max_features': 'log2', 'classifier__min_samples_leaf': 2, 'classifier__min_samples_split': 5, 'classifier__n_estimators': 200}",0.8571428571428571,0.8367346938775511,0.7916666666666666,0.7916666666666666,0.7916666666666666,0.8137755102040816,0.027836141195021678,81,0.9481865284974094,0.9585492227979274,0.9587628865979382,0.9536082474226805,0.9587628865979382,0.9555739543827787,0.004186379451333791,0.8333333333333334,0.8888888888888888,0.8333333333333334,0.75,0.7727272727272727,0.8156565656565657,0.049278023909698855,57,0.9642857142857143,0.9764705882352941,0.9655172413793104,0.9761904761904762,0.9764705882352941,0.9717869216652177,0.005636342086389676,0.8695652173913043,0.7272727272727273,0.6818181818181818,0.8181818181818182,0.7727272727272727,0.773913043478261,0.06598068123361654,64,0.9204545454545454,0.9325842696629213,0.9438202247191011,0.9213483146067416,0.9325842696629213,0.9301583248212462,0.00860462131120238,0.851063829787234,0.8,0.75,0.782608695652174,0.7727272727272727,0.7912799596333361,0.03398110743448381,70,0.9418604651162791,0.9540229885057471,0.9545454545454546,0.9479768786127167,0.9540229885057471,0.9504857550571888,0.004943587532402144,0.9498327759197325,0.8888888888888888,0.8741258741258742,0.8986013986013985,0.8758741258741258,0.8974646126820038,0.027669859702167825,137,0.9938311688311688,0.9950302506482283,0.9949705724986624,0.9951845906902086,0.9936864633493847,0.9945406092035306,0.0006437701634592258
1.1727728366851806,0.3363034846590115,0.27544193267822265,0.07237234558630302,10,log2,2,5,300,"{'classifier__max_depth': 10, 'classifier__max_features': 'log2', 'classifier__min_samples_leaf': 2, 'classifier__min_samples_split': 5, 'classifier__n_estimators': 300}",0.8571428571428571,0.8367346938775511,0.7916666666666666,0.8125,0.7708333333333334,0.8137755102040816,0.030797108106773476,81,0.9533678756476683,0.9689119170984456,0.9587628865979382,0.9484536082474226,0.9587628865979382,0.9576518348378826,0.006814954193456572,0.8333333333333334,0.8888888888888888,0.8333333333333334,0.76,0.7619047619047619,0.8154920634920636,0.04893809109363728,60,0.9647058823529412,0.9770114942528736,0.9655172413793104,0.9759036144578314,0.9764705882352941,0.9719217641356501,0.005577439322528437,0.8695652173913043,0.7272727272727273,0.6818181818181818,0.8636363636363636,0.7272727272727273,0.773913043478261,0.0775005990817851,64,0.9318181818181818,0.9550561797752809,0.9438202247191011,0.9101123595505618,0.9325842696629213,0.9346782431052094,0.014932403965344938,0.851063829787234,0.8,0.75,0.8085106382978723,0.7441860465116279,0.7907521029193469,0.039667430163062546,71,0.9479768786127167,0.9659090909090909,0.9545454545454546,0.9418604651162791,0.9540229885057471,0.9528629755378576,0.007991328684455698,0.9498327759197325,0.8888888888888888,0.8723776223776224,0.9020979020979021,0.8811188811188811,0.8988632140806054,0.02729173693184664,75,0.9939393939393939,0.9950302506482283,0.9944355270197967,0.9945425361155698,0.9936864633493847,0.9943268342144747,0.00047187306067418897
0.4531121730804443,0.09293811560565693,0.1567228317260742,0.0403965889671486,10,log2,2,10,100,"{'classifier__max_depth': 10, 'classifier__max_features': 'log2', 'classifier__min_samples_leaf': 2, 'classifier__min_samples_split': 10, 'classifier__n_estimators': 100}",0.8571428571428571,0.7755102040816326,0.8125,0.7708333333333334,0.7708333333333334,0.7973639455782313,0.03372818169094951,203,0.9119170984455959,0.9378238341968912,0.9175257731958762,0.9123711340206185,0.9278350515463918,0.9214945782810746,0.009975599921502263,0.8076923076923077,0.8235294117647058,0.8823529411764706,0.72,0.7619047619047619,0.7990958845076491,0.055212266349891445,180,0.927710843373494,0.9425287356321839,0.9397590361445783,0.95,0.9518072289156626,0.9423611688131839,0.008590820704833663,0.9130434782608695,0.6363636363636364,0.6818181818181818,0.8181818181818182,0.7272727272727273,0.7553359683794467,0.09916459624073816,211,0.875,0.9213483146067416,0.8764044943820225,0.8539325842696629,0.8876404494382022,0.8828651685393257,0.0221108636563533,0.8571428571428571,0.717948717948718,0.7692307692307693,0.7659574468085106,0.7441860465116279,0.7708931675284967,0.04686687299151695,212,0.9005847953216374,0.9318181818181818,0.9069767441860465,0.8994082840236687,0.9186046511627907,0.9114785313024651,0.012240207576655272,0.94314381270903,0.8686868686868686,0.8723776223776223,0.8968531468531469,0.8916083916083917,0.8945339684470118,0.026592595904323314,187,0.9734848484848485,0.9816335350043215,0.9775280898876405,0.9765650080256822,0.9793472445157838,0.9777117451836552,0.0027302265306193146
0.625915813446045,0.008832995982203617,0.17220735549926758,0.006003113546442802,10,log2,2,10,200,"{'classifier__max_depth': 10, 'classifier__max_features': 'log2', 'classifier__min_samples_leaf': 2, 'classifier__min_samples_split': 10, 'classifier__n_estimators': 200}",0.8775510204081632,0.8367346938775511,0.8125,0.7708333333333334,0.7708333333333334,0.8136904761904763,0.040704033455920906,93,0.917098445595855,0.9326424870466321,0.9175257731958762,0.9123711340206185,0.9226804123711341,0.9204636504460231,0.00690916265393895,0.84,0.8888888888888888,0.8823529411764706,0.72,0.7391304347826086,0.8140744529695935,0.07127116433187296,76,0.95,0.9418604651162791,0.9397590361445783,0.95,0.9404761904761905,0.9444191383474096,0.004606565591205563,0.9130434782608695,0.7272727272727273,0.6818181818181818,0.8181818181818182,0.7727272727272727,0.7826086956521738,0.0794948037988884,45,0.8636363636363636,0.9101123595505618,0.8764044943820225,0.8539325842696629,0.8876404494382022,0.8783452502553626,0.019553240653567394,0.875,0.8,0.7692307692307693,0.7659574468085106,0.7555555555555555,0.7931487543189671,0.04352298655880937,54,0.9047619047619048,0.9257142857142857,0.9069767441860465,0.8994082840236687,0.9132947976878613,0.9100312032747533,0.009017225336605438,0.9464882943143813,0.8804713804713805,0.8758741258741258,0.8986013986013985,0.8916083916083917,0.8986087181739355,0.02524790344945194,85,0.9778138528138529,0.9824978392394123,0.9766720171214553,0.9780631353665061,0.9794542536115569,0.9789002196305567,0.002004774792800761
0.917283296585083,0.009830342705868696,0.20776653289794922,0.010330753225991527,10,log2,2,10,300,"{'classifier__max_depth': 10, 'classifier__max_features': 'log2', 'classifier__min_samples_leaf': 2, 'classifier__min_samples_split': 10, 'classifier__n_estimators': 300}",0.8571428571428571,0.8367346938775511,0.8125,0.7708333333333334,0.7708333333333334,0.8096088435374149,0.03467198689138722,112,0.9119170984455959,0.9326424870466321,0.9226804123711341,0.9123711340206185,0.9175257731958762,0.9194273810159712,0.0076815664892915725,0.8076923076923077,0.8888888888888888,0.8823529411764706,0.72,0.7619047619047619,0.8121677799324857,0.06611109726673041,89,0.9493670886075949,0.9523809523809523,0.9512195121951219,0.95,0.9294117647058824,0.9464758635779104,0.008594585109049813,0.9130434782608695,0.7272727272727273,0.6818181818181818,0.8181818181818182,0.7272727272727273,0.7735177865612648,0.0826417847001059,83,0.8522727272727273,0.898876404494382,0.8764044943820225,0.8539325842696629,0.8876404494382022,0.8738253319713994,0.0183592045815489,0.8571428571428571,0.8,0.7692307692307693,0.7659574468085106,0.7441860465116279,0.787303423938753,0.03919216579364183,109,0.8982035928143712,0.9248554913294798,0.9122807017543859,0.8994082840236687,0.9080459770114943,0.90855880938668,0.009702164159249555,0.9481605351170568,0.8838383838383839,0.8653846153846154,0.8986013986013985,0.8933566433566434,0.8978683152596195,0.02757618431178912,122,0.979112554112554,0.9837942955920485,0.9773140716960942,0.9774210807918673,0.9789192081326913,0.9793122420650511,0.0023601834909089455
0.3357851028442383,0.013411311801716341,0.1296764373779297,0.016698609836522858,10,log2,4,2,100,"{'classifier__max_depth': 10, 'classifier__max_features': 'log2', 'classifier__min_samples_leaf': 4, 'classifier__min_samples_split': 2, 'classifier__n_estimators': 100}",0.8571428571428571,0.8163265306122449,0.8125,0.7708333333333334,0.7708333333333334,0.8055272108843538,0.0323627882370164,147,0.8911917098445595,0.9119170984455959,0.9175257731958762,0.9123711340206185,0.9072164948453608,0.9080444420704022,0.009036741123067404,0.8076923076923077,0.8421052631578947,0.8823529411764706,0.72,0.7619047619047619,0.802811054786287,0.057316260736582025,157,0.9135802469135802,0.9285714285714286,0.9397590361445783,0.9390243902439024,0.927710843373494,0.9297291890493966,0.00952051530849873,0.9130434782608695,0.7272727272727273,0.6818181818181818,0.8181818181818182,0.7272727272727273,0.7735177865612648,0.0826417847001059,83,0.8409090909090909,0.8764044943820225,0.8764044943820225,0.8651685393258427,0.8651685393258427,0.8648110316649642,0.012964375425727924,0.8571428571428571,0.7804878048780488,0.7692307692307693,0.7659574468085106,0.7441860465116279,0.7834009849143627,0.038702025181604455,144,0.8757396449704142,0.9017341040462428,0.9069767441860465,0.9005847953216374,0.8953488372093024,0.8960768251467286,0.010819109932608609,0.9548494983277591,0.8973063973063974,0.8671328671328671,0.9038461538461539,0.8863636363636364,0.9018997105953627,0.029252932147339893,8,0.9694805194805195,0.9754753673293,0.9731407169609416,0.9739967897271268,0.9727126805778491,0.9729612148151474,0.0019800307352511146
0.6337704658508301,0.053317335225424665,0.18256011009216308,0.0558695243612093,10,log2,4,2,200,"{'classifier__max_depth': 10, 'classifier__max_features': 'log2', 'classifier__min_samples_leaf': 4, 'classifier__min_samples_split': 2, 'classifier__n_estimators': 200}",0.8775510204081632,0.8163265306122449,0.8125,0.7708333333333334,0.7708333333333334,0.8096088435374149,0.03918342988161245,112,0.8963730569948186,0.9067357512953368,0.9072164948453608,0.8969072164948454,0.9072164948453608,0.9028898028951445,0.005108642926013387,0.8695652173913043,0.8421052631578947,0.8823529411764706,0.72,0.7619047619047619,0.8151856367260862,0.06339149616211909,65,0.9146341463414634,0.927710843373494,0.927710843373494,0.9367088607594937,0.927710843373494,0.9268951074442878,0.0070517685244948225,0.8695652173913043,0.7272727272727273,0.6818181818181818,0.8181818181818182,0.7272727272727273,0.7648221343873518,0.06859729059262179,143,0.8522727272727273,0.8651685393258427,0.8651685393258427,0.8314606741573034,0.8651685393258427,0.8558478038815117,0.013176809906905888,0.8695652173913043,0.7804878048780488,0.7692307692307693,0.7659574468085106,0.7441860465116279,0.7858854569640521,0.043462126035287624,127,0.8823529411764706,0.8953488372093024,0.8953488372093024,0.8809523809523809,0.8953488372093024,0.8898703667513518,0.006724330058235329,0.9565217391304348,0.8872053872053872,0.8706293706293706,0.9038461538461539,0.8723776223776224,0.8981160546377938,0.03156290663041821,111,0.9715367965367966,0.9774200518582541,0.971856607811664,0.9735687533440343,0.9712145532370251,0.9731193525575547,0.002298923393483431
1.3510304927825927,0.32793021434314795,0.2598818302154541,0.06606182250352013,10,log2,4,2,300,"{'classifier__max_depth': 10, 'classifier__max_features': 'log2', 'classifier__min_samples_leaf': 4, 'classifier__min_samples_split': 2, 'classifier__n_estimators': 300}",0.8571428571428571,0.8163265306122449,0.7916666666666666,0.7708333333333334,0.7708333333333334,0.8013605442176871,0.032537485012746344,190,0.8963730569948186,0.9015544041450777,0.9123711340206185,0.9020618556701031,0.9020618556701031,0.9028844613001443,0.005206107133236861,0.8333333333333334,0.8421052631578947,0.8333333333333334,0.72,0.7619047619047619,0.7981353383458647,0.04863936216261201,185,0.9146341463414634,0.926829268292683,0.9285714285714286,0.9375,0.9166666666666666,0.9248403019744483,0.008356065745854888,0.8695652173913043,0.7272727272727273,0.6818181818181818,0.8181818181818182,0.7272727272727273,0.7648221343873518,0.06859729059262179,143,0.8522727272727273,0.8539325842696629,0.8764044943820225,0.8426966292134831,0.8651685393258427,0.8580949948927478,0.011606954212207308,0.851063829787234,0.7804878048780488,0.75,0.7659574468085106,0.7441860465116279,0.7783390255970842,0.03851322952543815,185,0.8823529411764706,0.8888888888888888,0.9017341040462428,0.8875739644970414,0.8901734104046243,0.8901446618026536,0.006375144838576104,0.951505016722408,0.8905723905723906,0.8706293706293706,0.9055944055944056,0.8828671328671329,0.9002336632771417,0.028031553486147432,31,0.9721861471861473,0.9764477095937769,0.9717495987158908,0.9735687533440343,0.9721776350989834,0.9732259687877665,0.0017237758641128556
0.3363060474395752,0.0187306744770218,0.11266942024230957,0.00398368083127506,10,log2,4,5,100,"{'classifier__max_depth': 10, 'classifier__max_features': 'log2', 'classifier__min_samples_leaf': 4, 'classifier__min_samples_split': 5, 'classifier__n_estimators': 100}",0.8571428571428571,0.8163265306122449,0.8125,0.7708333333333334,0.7708333333333334,0.8055272108843538,0.0323627882370164,147,0.8911917098445595,0.9119170984455959,0.9175257731958762,0.9123711340206185,0.9072164948453608,0.9080444420704022,0.009036741123067404,0.8076923076923077,0.8421052631578947,0.8823529411764706,0.72,0.7619047619047619,0.802811054786287,0.057316260736582025,157,0.9135802469135802,0.9285714285714286,0.9397590361445783,0.9390243902439024,0.927710843373494,0.9297291890493966,0.00952051530849873,0.9130434782608695,0.7272727272727273,0.6818181818181818,0.8181818181818182,0.7272727272727273,0.7735177865612648,0.0826417847001059,83,0.8409090909090909,0.8764044943820225,0.8764044943820225,0.8651685393258427,0.8651685393258427,0.8648110316649642,0.012964375425727924,0.8571428571428571,0.7804878048780488,0.7692307692307693,0.7659574468085106,0.7441860465116279,0.7834009849143627,0.038702025181604455,144,0.8757396449704142,0.9017341040462428,0.9069767441860465,0.9005847953216374,0.8953488372093024,0.8960768251467286,0.010819109932608609,0.9548494983277591,0.8973063973063974,0.8671328671328671,0.9038461538461539,0.8863636363636364,0.9018997105953627,0.029252932147339893,8,0.9694805194805195,0.9754753673293,0.9731407169609416,0.9739967897271268,0.9727126805778491,0.9729612148151474,0.0019800307352511146
0.6189475059509277,0.013664560553813791,0.1704587459564209,0.012210066249860523,10,log2,4,5,200,"{'classifier__max_depth': 10, 'classifier__max_features': 'log2', 'classifier__min_samples_leaf': 4, 'classifier__min_samples_split': 5, 'classifier__n_estimators': 200}",0.8775510204081632,0.8163265306122449,0.8125,0.7708333333333334,0.7708333333333334,0.8096088435374149,0.03918342988161245,112,0.8963730569948186,0.9067357512953368,0.9072164948453608,0.8969072164948454,0.9072164948453608,0.9028898028951445,0.005108642926013387,0.8695652173913043,0.8421052631578947,0.8823529411764706,0.72,0.7619047619047619,0.8151856367260862,0.06339149616211909,65,0.9146341463414634,0.927710843373494,0.927710843373494,0.9367088607594937,0.927710843373494,0.9268951074442878,0.0070517685244948225,0.8695652173913043,0.7272727272727273,0.6818181818181818,0.8181818181818182,0.7272727272727273,0.7648221343873518,0.06859729059262179,143,0.8522727272727273,0.8651685393258427,0.8651685393258427,0.8314606741573034,0.8651685393258427,0.8558478038815117,0.013176809906905888,0.8695652173913043,0.7804878048780488,0.7692307692307693,0.7659574468085106,0.7441860465116279,0.7858854569640521,0.043462126035287624,127,0.8823529411764706,0.8953488372093024,0.8953488372093024,0.8809523809523809,0.8953488372093024,0.8898703667513518,0.006724330058235329,0.9565217391304348,0.8872053872053872,0.8706293706293706,0.9038461538461539,0.8723776223776224,0.8981160546377938,0.03156290663041821,111,0.9715367965367966,0.9774200518582541,0.971856607811664,0.9735687533440343,0.9712145532370251,0.9731193525575547,0.002298923393483431
0.9070414543151856,0.02561634563361981,0.20706191062927246,0.006679088030143555,10,log2,4,5,300,"{'classifier__max_depth': 10, 'classifier__max_features': 'log2', 'classifier__min_samples_leaf': 4, 'classifier__min_samples_split': 5, 'classifier__n_estimators': 300}",0.8571428571428571,0.8163265306122449,0.7916666666666666,0.7708333333333334,0.7708333333333334,0.8013605442176871,0.032537485012746344,190,0.8963730569948186,0.9015544041450777,0.9123711340206185,0.9020618556701031,0.9020618556701031,0.9028844613001443,0.005206107133236861,0.8333333333333334,0.8421052631578947,0.8333333333333334,0.72,0.7619047619047619,0.7981353383458647,0.04863936216261201,185,0.9146341463414634,0.926829268292683,0.9285714285714286,0.9375,0.9166666666666666,0.9248403019744483,0.008356065745854888,0.8695652173913043,0.7272727272727273,0.6818181818181818,0.8181818181818182,0.7272727272727273,0.7648221343873518,0.06859729059262179,143,0.8522727272727273,0.8539325842696629,0.8764044943820225,0.8426966292134831,0.8651685393258427,0.8580949948927478,0.011606954212207308,0.851063829787234,0.7804878048780488,0.75,0.7659574468085106,0.7441860465116279,0.7783390255970842,0.03851322952543815,185,0.8823529411764706,0.8888888888888888,0.9017341040462428,0.8875739644970414,0.8901734104046243,0.8901446618026536,0.006375144838576104,0.951505016722408,0.8905723905723906,0.8706293706293706,0.9055944055944056,0.8828671328671329,0.9002336632771417,0.028031553486147432,31,0.9721861471861473,0.9764477095937769,0.9717495987158908,0.9735687533440343,0.9721776350989834,0.9732259687877665,0.0017237758641128556
0.3250574588775635,0.005714471575069918,0.1345210075378418,0.022552615818148603,10,log2,4,10,100,"{'classifier__max_depth': 10, 'classifier__max_features': 'log2', 'classifier__min_samples_leaf': 4, 'classifier__min_samples_split': 10, 'classifier__n_estimators': 100}",0.8571428571428571,0.8367346938775511,0.8125,0.7916666666666666,0.7708333333333334,0.8137755102040816,0.030797108106773476,81,0.8911917098445595,0.9015544041450777,0.8969072164948454,0.8969072164948454,0.8969072164948454,0.8966935526948348,0.0032874034808267304,0.8076923076923077,0.8888888888888888,0.8823529411764706,0.75,0.7619047619047619,0.8181677799324858,0.05838376334753747,47,0.9135802469135802,0.926829268292683,0.9156626506024096,0.9259259259259259,0.9259259259259259,0.9215848035321048,0.005733060611629368,0.9130434782608695,0.7272727272727273,0.6818181818181818,0.8181818181818182,0.7272727272727273,0.7735177865612648,0.0826417847001059,83,0.8409090909090909,0.8539325842696629,0.8539325842696629,0.8426966292134831,0.8426966292134831,0.8468335035750766,0.00583300982033472,0.8571428571428571,0.8,0.7692307692307693,0.782608695652174,0.7441860465116279,0.7906336737074856,0.037923782022395394,76,0.8757396449704142,0.8888888888888888,0.8837209302325582,0.8823529411764706,0.8823529411764706,0.8826110692889605,0.004195057631398934,0.9431438127090301,0.8922558922558923,0.8636363636363636,0.895104895104895,0.8898601398601399,0.8968002207132642,0.02576532440153581,150,0.964935064935065,0.9696413137424373,0.9675762439807385,0.9689673622257892,0.9693953986088818,0.9681030766985822,0.0017376484018259905
1.0363981246948242,0.20074188281930877,0.2534807205200195,0.04478322420112401,10,log2,4,10,200,"{'classifier__max_depth': 10, 'classifier__max_features': 'log2', 'classifier__min_samples_leaf': 4, 'classifier__min_samples_split': 10, 'classifier__n_estimators': 200}",0.8367346938775511,0.8163265306122449,0.8125,0.7708333333333334,0.7708333333333334,0.8014455782312926,0.02631799286756081,185,0.8860103626943006,0.8911917098445595,0.9072164948453608,0.8917525773195877,0.8865979381443299,0.8925538165696277,0.007691303266929459,0.8,0.8421052631578947,0.8823529411764706,0.72,0.7619047619047619,0.8012725932478254,0.05726780911414652,168,0.9230769230769231,0.925,0.9176470588235294,0.925,0.9135802469135802,0.9208608457628065,0.0045279518627105685,0.8695652173913043,0.7272727272727273,0.6818181818181818,0.8181818181818182,0.7272727272727273,0.7648221343873518,0.06859729059262179,143,0.8181818181818182,0.8314606741573034,0.8764044943820225,0.8314606741573034,0.8314606741573034,0.8377936670071501,0.019978693652130987,0.8333333333333334,0.7804878048780488,0.7692307692307693,0.7659574468085106,0.7441860465116279,0.778639080152458,0.029769886730890874,181,0.8674698795180723,0.8757396449704142,0.896551724137931,0.8757396449704142,0.8705882352941177,0.87721782577819,0.010169991042890804,0.9531772575250836,0.8855218855218855,0.8671328671328671,0.9020979020979022,0.8881118881118881,0.8992083600779253,0.02918999783584014,60,0.9675324675324676,0.9722342264477096,0.9676832530765115,0.969502407704655,0.9689673622257892,0.9691839433974266,0.0016989407039423538
0.9262403011322021,0.012439974044822043,0.2047971248626709,0.004803770930928558,10,log2,4,10,300,"{'classifier__max_depth': 10, 'classifier__max_features': 'log2', 'classifier__min_samples_leaf': 4, 'classifier__min_samples_split': 10, 'classifier__n_estimators': 300}",0.8367346938775511,0.8163265306122449,0.7916666666666666,0.7708333333333334,0.7708333333333334,0.7972789115646259,0.025883605073782335,206,0.8808290155440415,0.8911917098445595,0.9072164948453608,0.8969072164948454,0.8969072164948454,0.8946103306447306,0.008614851817065812,0.8,0.8421052631578947,0.8333333333333334,0.72,0.7619047619047619,0.791468671679198,0.04554403066847064,211,0.922077922077922,0.925,0.9176470588235294,0.9259259259259259,0.9156626506024096,0.9212627114859574,0.004020226081561648,0.8695652173913043,0.7272727272727273,0.6818181818181818,0.8181818181818182,0.7272727272727273,0.7648221343873518,0.06859729059262179,143,0.8068181818181818,0.8314606741573034,0.8764044943820225,0.8426966292134831,0.8539325842696629,0.8422625127681307,0.023130215080392973,0.8333333333333334,0.7804878048780488,0.75,0.7659574468085106,0.7441860465116279,0.7747929263063041,0.031902811413380756,203,0.8606060606060606,0.8757396449704142,0.896551724137931,0.8823529411764706,0.8837209302325582,0.879794260224687,0.011725229992045762,0.9498327759197325,0.888888888888889,0.8653846153846154,0.8968531468531469,0.8951048951048951,0.8992128644302557,0.027697487332597102,57,0.9673160173160172,0.9721261884183233,0.9687533440342428,0.9695024077046549,0.9686463349384697,0.9692688584823417,0.0015928439303374883
0.34636659622192384,0.012006169186466615,0.11597294807434082,0.004836723655240509,15,sqrt,1,2,100,"{'classifier__max_depth': 15, 'classifier__max_features': 'sqrt', 'classifier__min_samples_leaf': 1, 'classifier__min_samples_split': 2, 'classifier__n_estimators': 100}",0.8571428571428571,0.7959183673469388,0.8333333333333334,0.8333333333333334,0.7708333333333334,0.8181122448979592,0.030707052733897906,20,1.0,1.0,1.0,1.0,1.0,1.0,0.0,0.8076923076923077,0.875,0.85,0.7916666666666666,0.7619047619047619,0.8172527472527472,0.04053782620904721,50,1.0,1.0,1.0,1.0,1.0,1.0,0.0,0.9130434782608695,0.6363636363636364,0.7727272727272727,0.8636363636363636,0.7272727272727273,0.7826086956521738,0.09810814927920464,45,1.0,1.0,1.0,1.0,1.0,1.0,0.0,0.8571428571428571,0.7368421052631579,0.8095238095238095,0.8260869565217391,0.7441860465116279,0.7947563549926383,0.04691092916930539,37,1.0,1.0,1.0,1.0,1.0,1.0,0.0,0.9448160535117057,0.8585858585858586,0.8968531468531469,0.9055944055944056,0.8784965034965035,0.8968691936083241,0.02890744000662197,149,1.0,0.9999999999999999,1.0,1.0,1.0,1.0,4.965068306494546e-17
0.6303647041320801,0.013834400080644587,0.17010698318481446,0.00462541344293502,15,sqrt,1,2,200,"{'classifier__max_depth': 15, 'classifier__max_features': 'sqrt', 'classifier__min_samples_leaf': 1, 'classifier__min_samples_split': 2, 'classifier__n_estimators': 200}",0.8571428571428571,0.7959183673469388,0.7916666666666666,0.8333333333333334,0.7916666666666666,0.8139455782312925,0.026681716910791246,50,1.0,1.0,1.0,1.0,1.0,1.0,0.0,0.8333333333333334,0.8333333333333334,0.8333333333333334,0.7916666666666666,0.7727272727272727,0.8128787878787879,0.025757575757575788,84,1.0,1.0,1.0,1.0,1.0,1.0,0.0,0.8695652173913043,0.6818181818181818,0.6818181818181818,0.8636363636363636,0.7727272727272727,0.773913043478261,0.08266068678052056,64,1.0,1.0,1.0,1.0,1.0,1.0,0.0,0.851063829787234,0.75,0.75,0.8260869565217391,0.7727272727272727,0.7899756118072492,0.04130230955480449,90,1.0,1.0,1.0,1.0,1.0,1.0,0.0,0.9464882943143812,0.8535353535353535,0.881118881118881,0.9117132867132867,0.8706293706293706,0.8926970372622547,0.03289313047144679,205,1.0,1.0,1.0,1.0,0.9999999999999999,1.0,4.965068306494546e-17
1.214006519317627,0.34347176599922424,0.26709871292114257,0.08292032633654028,15,sqrt,1,2,300,"{'classifier__max_depth': 15, 'classifier__max_features': 'sqrt', 'classifier__min_samples_leaf': 1, 'classifier__min_samples_split': 2, 'classifier__n_estimators': 300}",0.8571428571428571,0.7959183673469388,0.8125,0.8125,0.7916666666666666,0.8139455782312925,0.023201355697383113,50,1.0,1.0,1.0,1.0,1.0,1.0,0.0,0.8076923076923077,0.8333333333333334,0.8095238095238095,0.76,0.7727272727272727,0.7966553446553446,0.0266415229017035,199,1.0,1.0,1.0,1.0,1.0,1.0,0.0,0.9130434782608695,0.6818181818181818,0.7727272727272727,0.8636363636363636,0.7727272727272727,0.8007905138339921,0.080349033159226,1,1.0,1.0,1.0,1.0,1.0,1.0,0.0,0.8571428571428571,0.75,0.7906976744186046,0.8085106382978723,0.7727272727272727,0.7958156885173213,0.03627817439695842,30,1.0,1.0,1.0,1.0,1.0,1.0,0.0,0.9498327759197325,0.8493265993265994,0.8846153846153846,0.9047202797202798,0.8793706293706294,0.893573133790525,0.0332539152853765,194,1.0,0.9999999999999999,0.9999999999999999,1.0,1.0,1.0,7.021666937153402e-17
0.4730062007904053,0.09735622483088431,0.18378028869628907,0.05627161098943855,15,sqrt,1,5,100,"{'classifier__max_depth': 15, 'classifier__max_features': 'sqrt', 'classifier__min_samples_leaf': 1, 'classifier__min_samples_split': 5, 'classifier__n_estimators': 100}",0.8367346938775511,0.7959183673469388,0.8333333333333334,0.8125,0.7916666666666666,0.8140306122448979,0.01853975520396145,44,0.9792746113989638,0.9844559585492227,0.9845360824742269,0.9845360824742269,0.9690721649484536,0.9803749799690188,0.006004138117479645,0.7777777777777778,0.8333333333333334,0.85,0.76,0.7727272727272727,0.7987676767676767,0.03589191224148661,183,0.9883720930232558,0.9886363636363636,1.0,1.0,0.9770114942528736,0.9908039901824987,0.008602079582665215,0.9130434782608695,0.6818181818181818,0.7727272727272727,0.8636363636363636,0.7727272727272727,0.8007905138339921,0.080349033159226,1,0.9659090909090909,0.9775280898876404,0.9662921348314607,0.9662921348314607,0.9550561797752809,0.9662155260469868,0.007107893501821111,0.84,0.75,0.8095238095238095,0.8085106382978723,0.7727272727272727,0.7961523441097909,0.031409913357818335,28,0.9770114942528736,0.9830508474576272,0.9828571428571429,0.9828571428571429,0.9659090909090909,0.9783371436667755,0.006622592098356988,0.9414715719063546,0.8720538720538721,0.8933566433566433,0.8968531468531469,0.8881118881118881,0.8983694244563811,0.023164401727784827,92,0.9991341991341991,0.9984874675885912,0.9995719636169074,0.9994649545211343,0.9978598180845372,0.998903680589074,0.0006446164164673326
0.6390453338623047,0.01842391491613504,0.16065530776977538,0.0030333647002253644,15,sqrt,1,5,200,"{'classifier__max_depth': 15, 'classifier__max_features': 'sqrt', 'classifier__min_samples_leaf': 1, 'classifier__min_samples_split': 5, 'classifier__n_estimators': 200}",0.8571428571428571,0.7755102040816326,0.7916666666666666,0.8125,0.7708333333333334,0.801530612244898,0.0313997810382174,182,0.9844559585492227,0.9896373056994818,0.9896907216494846,0.979381443298969,0.9845360824742269,0.985540302334277,0.003850382335686867,0.8076923076923077,0.8235294117647058,0.8333333333333334,0.76,0.7619047619047619,0.7972919629390217,0.030784722732719396,196,0.9885057471264368,0.9887640449438202,0.9887640449438202,1.0,0.9886363636363636,0.9909340401300881,0.004533989650652073,0.9130434782608695,0.6363636363636364,0.6818181818181818,0.8636363636363636,0.7272727272727273,0.7644268774703556,0.10633366106070968,169,0.9772727272727273,0.9887640449438202,0.9887640449438202,0.9550561797752809,0.9775280898876404,0.9774770173646576,0.012308795913484195,0.8571428571428571,0.717948717948718,0.75,0.8085106382978723,0.7441860465116279,0.775557651980215,0.05039485190641195,200,0.9828571428571429,0.9887640449438202,0.9887640449438202,0.9770114942528736,0.9830508474576272,0.9840895148910567,0.0043908634560907095,0.9448160535117057,0.8653198653198654,0.8776223776223777,0.8986013986013986,0.8811188811188811,0.8934957152348458,0.027780829763042827,196,0.9994588744588744,0.9992437337942955,0.9996789727126806,0.9990369181380417,0.9992509363295881,0.999333887086696,0.00021813066412839166
0.9512202262878418,0.01675802585412559,0.20510129928588866,0.004353151685248584,15,sqrt,1,5,300,"{'classifier__max_depth': 15, 'classifier__max_features': 'sqrt', 'classifier__min_samples_leaf': 1, 'classifier__min_samples_split': 5, 'classifier__n_estimators': 300}",0.8571428571428571,0.8163265306122449,0.7916666666666666,0.8125,0.7916666666666666,0.8138605442176872,0.023943379807863985,60,0.9844559585492227,0.9896373056994818,0.9845360824742269,0.979381443298969,0.9845360824742269,0.9845093744992255,0.0032433204184815928,0.8076923076923077,0.8823529411764706,0.8333333333333334,0.76,0.8,0.8166757164404223,0.04040270296688728,53,0.9885057471264368,0.9887640449438202,0.9886363636363636,0.9885057471264368,0.9886363636363636,0.9886096532938842,9.680562961720175e-05,0.9130434782608695,0.6818181818181818,0.6818181818181818,0.8636363636363636,0.7272727272727273,0.7735177865612648,0.09648317688278028,83,0.9772727272727273,0.9887640449438202,0.9775280898876404,0.9662921348314607,0.9775280898876404,0.9774770173646579,0.007106976010949504,0.8571428571428571,0.7692307692307693,0.75,0.8085106382978723,0.7619047619047619,0.7893578053152521,0.03916490335953572,92,0.9828571428571429,0.9887640449438202,0.9830508474576272,0.9772727272727273,0.9830508474576272,0.9829991219977889,0.003634596050282923,0.9531772575250836,0.867003367003367,0.881118881118881,0.9055944055944055,0.8881118881118881,0.899001159870725,0.029801782924537366,69,0.9993506493506493,0.9992437337942955,0.9993579454253612,0.9990369181380416,0.9991439272338148,0.9992266347884324,0.00012308323853418005
0.3331879138946533,0.021837174091956096,0.11998190879821777,0.0021088607867697554,15,sqrt,1,10,100,"{'classifier__max_depth': 15, 'classifier__max_features': 'sqrt', 'classifier__min_samples_leaf': 1, 'classifier__min_samples_split': 10, 'classifier__n_estimators': 100}",0.8571428571428571,0.8163265306122449,0.75,0.7916666666666666,0.8125,0.8055272108843538,0.034942254844029165,147,0.927461139896373,0.9430051813471503,0.9432989690721649,0.9278350515463918,0.9381443298969072,0.9359489343517975,0.007021554565007843,0.8076923076923077,0.8823529411764706,0.75,0.75,0.782608695652174,0.7945307889041905,0.04897769826138105,208,0.9625,0.9534883720930233,0.9642857142857143,0.9629629629629629,0.9529411764705882,0.9592356451624576,0.004953858950123436,0.9130434782608695,0.6818181818181818,0.6818181818181818,0.8181818181818182,0.8181818181818182,0.782608695652174,0.0892878289186563,33,0.875,0.9213483146067416,0.9101123595505618,0.8764044943820225,0.9101123595505618,0.8985955056179774,0.019142387682472832,0.8571428571428571,0.7692307692307693,0.7142857142857143,0.782608695652174,0.8,0.7846536072623029,0.04622529410768493,134,0.9166666666666666,0.9371428571428572,0.9364161849710982,0.9176470588235294,0.9310344827586207,0.9277814500725544,0.00893332084847258,0.9414715719063544,0.8636363636363635,0.8723776223776224,0.8916083916083917,0.8793706293706294,0.8896929157798723,0.027459101113627007,214,0.9852813852813853,0.990600691443388,0.9858747993579455,0.9843766720171214,0.9836276083467095,0.9859522312893099,0.002447466883119709
0.6349123954772949,0.014369632985887752,0.19499545097351073,0.0652628663809979,15,sqrt,1,10,200,"{'classifier__max_depth': 15, 'classifier__max_features': 'sqrt', 'classifier__min_samples_leaf': 1, 'classifier__min_samples_split': 10, 'classifier__n_estimators': 200}",0.8571428571428571,0.8163265306122449,0.7708333333333334,0.8125,0.7916666666666666,0.8096938775510205,0.02876940841692629,105,0.9378238341968912,0.9326424870466321,0.9432989690721649,0.9226804123711341,0.9484536082474226,0.936979862186849,0.008894687598599876,0.8076923076923077,0.8823529411764706,0.7894736842105263,0.76,0.7727272727272727,0.8024492411613154,0.0430483207191854,163,0.9523809523809523,0.9523809523809523,0.9642857142857143,0.9512195121951219,0.9759036144578314,0.9592341491401145,0.009607875950473401,0.9130434782608695,0.6818181818181818,0.6818181818181818,0.8636363636363636,0.7727272727272727,0.7826086956521738,0.09380171999488587,45,0.9090909090909091,0.898876404494382,0.9101123595505618,0.8764044943820225,0.9101123595505618,0.9009193054136875,0.01296880101990101,0.8571428571428571,0.7692307692307693,0.7317073170731707,0.8085106382978723,0.7727272727272727,0.7878637708943884,0.042321943619200414,104,0.9302325581395349,0.9248554913294798,0.9364161849710982,0.9122807017543859,0.9418604651162791,0.9291290802621555,0.010183704036109152,0.9498327759197325,0.867003367003367,0.8653846153846154,0.9003496503496503,0.8846153846153847,0.8934371586545501,0.030957268646712274,198,0.9864718614718615,0.9894122731201382,0.9865168539325841,0.984697699304441,0.9854467629748529,0.9865090901607754,0.001602472678789114
1.3162060737609864,0.2759059760409184,0.2871192455291748,0.07679343564218805,15,sqrt,1,10,300,"{'classifier__max_depth': 15, 'classifier__max_features': 'sqrt', 'classifier__min_samples_leaf': 1, 'classifier__min_samples_split': 10, 'classifier__n_estimators': 300}",0.8571428571428571,0.8163265306122449,0.7916666666666666,0.7916666666666666,0.7708333333333334,0.8055272108843538,0.02955907561753001,147,0.9481865284974094,0.9326424870466321,0.9381443298969072,0.9278350515463918,0.9381443298969072,0.9369905453768496,0.006793248913382066,0.8076923076923077,0.8823529411764706,0.8333333333333334,0.7307692307692307,0.7619047619047619,0.8032105149752209,0.053188155017721374,154,0.9642857142857143,0.9523809523809523,0.963855421686747,0.9629629629629629,0.9529411764705882,0.9592852455573929,0.0054283198047990104,0.9130434782608695,0.6818181818181818,0.6818181818181818,0.8636363636363636,0.7272727272727273,0.7735177865612648,0.09648317688278028,83,0.9204545454545454,0.898876404494382,0.898876404494382,0.8764044943820225,0.9101123595505618,0.9009448416751787,0.014665997651470067,0.8571428571428571,0.7692307692307693,0.75,0.7916666666666666,0.7441860465116279,0.7824452679103842,0.0408799472586128,161,0.9418604651162791,0.9248554913294798,0.9302325581395349,0.9176470588235294,0.9310344827586207,0.9291260112334887,0.007962872772951763,0.9498327759197325,0.8686868686868687,0.8706293706293706,0.9003496503496504,0.8863636363636364,0.8951724603898518,0.02965130214098176,172,0.987012987012987,0.9898444252376837,0.9860888175494917,0.9860888175494916,0.9846976993044408,0.986746549330819,0.001716440083180156
0.3337357521057129,0.009490184394250045,0.11607723236083985,0.014156960285859081,15,sqrt,2,2,100,"{'classifier__max_depth': 15, 'classifier__max_features': 'sqrt', 'classifier__min_samples_leaf': 2, 'classifier__min_samples_split': 2, 'classifier__n_estimators': 100}",0.8367346938775511,0.8163265306122449,0.75,0.8125,0.8333333333333334,0.8097789115646258,0.03132161838180526,103,0.9585492227979274,0.9792746113989638,0.9690721649484536,0.9587628865979382,0.9587628865979382,0.9648843544682443,0.00824252245620117,0.7777777777777778,0.8421052631578947,0.75,0.76,0.8181818181818182,0.7896129718234981,0.03509360935209962,215,0.9761904761904762,0.9775280898876404,0.9882352941176471,0.9879518072289156,0.9655172413793104,0.9790845817607978,0.008452626374929186,0.9130434782608695,0.7272727272727273,0.6818181818181818,0.8636363636363636,0.8181818181818182,0.800790513833992,0.0853370576632106,6,0.9318181818181818,0.9775280898876404,0.9438202247191011,0.9213483146067416,0.9438202247191011,0.9436670071501532,0.018895177024821578,0.84,0.7804878048780488,0.7142857142857143,0.8085106382978723,0.8181818181818182,0.7922931951286908,0.04343662004345877,62,0.9534883720930233,0.9775280898876404,0.9655172413793104,0.9534883720930233,0.9545454545454546,0.9609135059996904,0.009466320125613359,0.9548494983277591,0.8821548821548821,0.8723776223776224,0.8951048951048951,0.9003496503496503,0.9009673096629618,0.028668161122077623,24,0.9955627705627706,0.9987035436473639,0.9981808453718566,0.9966827180310327,0.9956126270733012,0.9969485009372651,0.0012941635077688776
0.6400551795959473,0.004594057990383633,0.16018033027648926,0.002606107093074216,15,sqrt,2,2,200,"{'classifier__max_depth': 15, 'classifier__max_features': 'sqrt', 'classifier__min_samples_leaf': 2, 'classifier__min_samples_split': 2, 'classifier__n_estimators': 200}",0.8571428571428571,0.8163265306122449,0.7708333333333334,0.8333333333333334,0.7916666666666666,0.8138605442176872,0.030339869130334932,60,0.9689119170984456,0.9689119170984456,0.9742268041237113,0.9690721649484536,0.9742268041237113,0.9710699214785535,0.0025782479722976158,0.8076923076923077,0.8823529411764706,0.7894736842105263,0.7916666666666666,0.7727272727272727,0.8087825744946487,0.038417599783731445,112,0.9767441860465116,0.9770114942528736,0.9883720930232558,0.9882352941176471,0.9772727272727273,0.9815271589426031,0.005535710365320814,0.9130434782608695,0.6818181818181818,0.6818181818181818,0.8636363636363636,0.7727272727272727,0.7826086956521738,0.09380171999488587,45,0.9545454545454546,0.9550561797752809,0.9550561797752809,0.9438202247191011,0.9662921348314607,0.9549540347293156,0.007109177790114548,0.8571428571428571,0.7692307692307693,0.7317073170731707,0.8260869565217391,0.7727272727272727,0.7913790345391618,0.04456157078021023,68,0.9655172413793104,0.9659090909090909,0.9714285714285714,0.9655172413793104,0.9717514124293786,0.9680247115051325,0.002916341047523286,0.9531772575250836,0.8771043771043772,0.8653846153846154,0.8933566433566433,0.8846153846153847,0.8947276555972209,0.03063360121910066,183,0.9971861471861472,0.9977312013828867,0.9982878544676298,0.9963616907437132,0.997645799892991,0.9974425387346736,0.0006439206344039904
0.9376236915588378,0.01482230638221094,0.2162501335144043,0.012245632256241213,15,sqrt,2,2,300,"{'classifier__max_depth': 15, 'classifier__max_features': 'sqrt', 'classifier__min_samples_leaf': 2, 'classifier__min_samples_split': 2, 'classifier__n_estimators': 300}",0.8571428571428571,0.8367346938775511,0.7708333333333334,0.8125,0.7916666666666666,0.8137755102040817,0.030797108106773476,72,0.9740932642487047,0.9740932642487047,0.9690721649484536,0.9742268041237113,0.9690721649484536,0.9721115325036056,0.0024821122342276467,0.8076923076923077,0.8888888888888888,0.7894736842105263,0.76,0.7727272727272727,0.8037564307037991,0.045485068504652,149,0.9770114942528736,0.9883720930232558,0.9882352941176471,0.9883720930232558,0.9882352941176471,0.9860452537069359,0.004517294019275265,0.9130434782608695,0.7272727272727273,0.6818181818181818,0.8636363636363636,0.7727272727272727,0.791699604743083,0.08542122914951522,10,0.9659090909090909,0.9550561797752809,0.9438202247191011,0.9550561797752809,0.9438202247191011,0.9527323799795709,0.008285877439048392,0.8571428571428571,0.8,0.7317073170731707,0.8085106382978723,0.7727272727272727,0.7940176170482346,0.04139199138001292,45,0.9714285714285714,0.9714285714285714,0.9655172413793104,0.9714285714285714,0.9655172413793104,0.969064039408867,0.0028959484643741756,0.9565217391304348,0.8787878787878789,0.868881118881119,0.8968531468531469,0.8811188811188811,0.896432552954292,0.03135541990007102,157,0.996969696969697,0.9977312013828868,0.9976457998929908,0.9966827180310327,0.9971107544141252,0.9972280341381465,0.00040138953276014724
0.3305656433105469,0.0053904598466959315,0.11744461059570313,0.010126352786310522,15,sqrt,2,5,100,"{'classifier__max_depth': 15, 'classifier__max_features': 'sqrt', 'classifier__min_samples_leaf': 2, 'classifier__min_samples_split': 5, 'classifier__n_estimators': 100}",0.8571428571428571,0.8367346938775511,0.7916666666666666,0.8125,0.8125,0.8221088435374149,0.022595059142924725,10,0.9481865284974094,0.9689119170984456,0.9639175257731959,0.9432989690721649,0.9536082474226805,0.9555846375727792,0.009556455323385895,0.8076923076923077,0.8888888888888888,0.8333333333333334,0.76,0.8095238095238095,0.8198876678876678,0.04191568573801554,32,0.975609756097561,0.9662921348314607,0.9880952380952381,0.975609756097561,0.9651162790697675,0.9741446328383176,0.008271462459344842,0.9130434782608695,0.7272727272727273,0.6818181818181818,0.8636363636363636,0.7727272727272727,0.791699604743083,0.08542122914951522,10,0.9090909090909091,0.9662921348314607,0.9325842696629213,0.898876404494382,0.9325842696629213,0.927885597548519,0.023298028848870975,0.8571428571428571,0.8,0.75,0.8085106382978723,0.7906976744186046,0.8012702339718668,0.03439826413117977,7,0.9411764705882353,0.9662921348314607,0.9595375722543352,0.935672514619883,0.9485714285714286,0.9502500241730685,0.011324828531698318,0.9414715719063544,0.893939393939394,0.8706293706293706,0.9020979020979021,0.8951048951048951,0.9006486267355832,0.02300224229838714,26,0.9946969696969697,0.9964347450302506,0.9966827180310326,0.9952915997859818,0.9936864633493847,0.9953584991787239,0.0011090231106980098
1.000781774520874,0.18406338665948607,0.2834764003753662,0.054201913384631616,15,sqrt,2,5,200,"{'classifier__max_depth': 15, 'classifier__max_features': 'sqrt', 'classifier__min_samples_leaf': 2, 'classifier__min_samples_split': 5, 'classifier__n_estimators': 200}",0.8571428571428571,0.8367346938775511,0.7708333333333334,0.8125,0.8125,0.8179421768707483,0.028873273963528026,31,0.9585492227979274,0.9689119170984456,0.9639175257731959,0.9536082474226805,0.9587628865979382,0.9607499599380376,0.005223921517006172,0.8076923076923077,0.8888888888888888,0.7894736842105263,0.76,0.8095238095238095,0.8111157380631064,0.04276473845130335,99,0.9761904761904762,0.9662921348314607,0.9880952380952381,0.9761904761904762,0.9764705882352941,0.9766477827085891,0.0069098962968886495,0.9130434782608695,0.7272727272727273,0.6818181818181818,0.8636363636363636,0.7727272727272727,0.791699604743083,0.08542122914951522,10,0.9318181818181818,0.9662921348314607,0.9325842696629213,0.9213483146067416,0.9325842696629213,0.9369254341164452,0.015289376748370592,0.8571428571428571,0.8,0.7317073170731707,0.8085106382978723,0.7906976744186046,0.7976116973865011,0.04014882549311916,25,0.9534883720930233,0.9662921348314607,0.9595375722543352,0.9479768786127167,0.9540229885057471,0.9562635892594565,0.006207775549127066,0.9548494983277591,0.8855218855218856,0.8653846153846154,0.8986013986013986,0.8951048951048951,0.8998924585881107,0.029806604737034822,38,0.9958874458874459,0.9958945548833189,0.9968967362225789,0.9952915997859818,0.9960406634563939,0.9960022000471438,0.0005160199865585728
0.9377717971801758,0.006355524765209516,0.20759367942810059,0.008607899793923525,15,sqrt,2,5,300,"{'classifier__max_depth': 15, 'classifier__max_features': 'sqrt', 'classifier__min_samples_leaf': 2, 'classifier__min_samples_split': 5, 'classifier__n_estimators': 300}",0.8571428571428571,0.8367346938775511,0.7916666666666666,0.8125,0.8125,0.8221088435374149,0.022595059142924725,10,0.9585492227979274,0.9689119170984456,0.9536082474226805,0.9690721649484536,0.9484536082474226,0.959719032102986,0.008217178912856475,0.8076923076923077,0.8888888888888888,0.8333333333333334,0.76,0.8095238095238095,0.8198876678876678,0.04191568573801554,32,0.9651162790697675,0.9662921348314607,0.9651162790697675,0.9882352941176471,0.9759036144578314,0.9721327203092948,0.009012057034798064,0.9130434782608695,0.7272727272727273,0.6818181818181818,0.8636363636363636,0.7727272727272727,0.791699604743083,0.08542122914951522,10,0.9431818181818182,0.9662921348314607,0.9325842696629213,0.9438202247191011,0.9101123595505618,0.9391981613891727,0.018226594965162227,0.8571428571428571,0.8,0.75,0.8085106382978723,0.7906976744186046,0.8012702339718668,0.03439826413117977,7,0.9540229885057471,0.9662921348314607,0.9485714285714286,0.9655172413793104,0.9418604651162791,0.9552528516808453,0.009515602602596443,0.9515050167224081,0.8754208754208754,0.8653846153846154,0.9003496503496503,0.8951048951048951,0.897553010596489,0.029830422344711362,127,0.9958874458874459,0.9964347450302506,0.9963616907437133,0.9958266452648475,0.9955056179775281,0.996003228980757,0.000348397812974722
0.32358493804931643,0.006409784089045286,0.1226879596710205,0.006594049488076036,15,sqrt,2,10,100,"{'classifier__max_depth': 15, 'classifier__max_features': 'sqrt', 'classifier__min_samples_leaf': 2, 'classifier__min_samples_split': 10, 'classifier__n_estimators': 100}",0.8571428571428571,0.8367346938775511,0.7916666666666666,0.7916666666666666,0.7708333333333334,0.8096088435374149,0.03207078988558619,112,0.917098445595855,0.927461139896373,0.9381443298969072,0.9123711340206185,0.9175257731958762,0.9225201645211258,0.009228971581526958,0.8076923076923077,0.8888888888888888,0.8333333333333334,0.75,0.7391304347826086,0.8038089929394276,0.05514359275625172,144,0.95,0.9518072289156626,0.963855421686747,0.9615384615384616,0.9506172839506173,0.9555636792182977,0.005898869186561858,0.9130434782608695,0.7272727272727273,0.6818181818181818,0.8181818181818182,0.7727272727272727,0.7826086956521738,0.0794948037988884,45,0.8636363636363636,0.8876404494382022,0.898876404494382,0.8426966292134831,0.8651685393258427,0.8716036772216548,0.019705259328764036,0.8571428571428571,0.8,0.75,0.782608695652174,0.7555555555555555,0.7890614216701173,0.03858706973054084,97,0.9047619047619048,0.9186046511627907,0.9302325581395349,0.8982035928143712,0.9058823529411765,0.9115370119639558,0.01144667884698272,0.9481605351170568,0.8821548821548821,0.8618881118881119,0.8916083916083917,0.8968531468531469,0.8961330135243178,0.0286215137378543,161,0.9779220779220779,0.9846585998271392,0.980952380952381,0.9783841626538256,0.9803103263777422,0.9804455095466332,0.002393415174979226
0.6334615230560303,0.015178104632027128,0.164674711227417,0.0066063993048256445,15,sqrt,2,10,200,"{'classifier__max_depth': 15, 'classifier__max_features': 'sqrt', 'classifier__min_samples_leaf': 2, 'classifier__min_samples_split': 10, 'classifier__n_estimators': 200}",0.8775510204081632,0.8163265306122449,0.7916666666666666,0.7708333333333334,0.7916666666666666,0.8096088435374149,0.03690162687709215,112,0.9119170984455959,0.9222797927461139,0.9381443298969072,0.9072164948453608,0.9175257731958762,0.9194166978259707,0.01065444559887579,0.84,0.8823529411764706,0.8333333333333334,0.72,0.75,0.8051372549019608,0.06043370101505903,139,0.9382716049382716,0.9404761904761905,0.963855421686747,0.9493670886075949,0.9397590361445783,0.9463458683706765,0.009578574386451618,0.9130434782608695,0.6818181818181818,0.6818181818181818,0.8181818181818182,0.8181818181818182,0.782608695652174,0.0892878289186563,33,0.8636363636363636,0.8876404494382022,0.898876404494382,0.8426966292134831,0.8764044943820225,0.8738508682328907,0.019482678124598155,0.875,0.7692307692307693,0.75,0.7659574468085106,0.782608695652174,0.7885593823382907,0.044449206504587245,101,0.8994082840236687,0.9132947976878613,0.9302325581395349,0.8928571428571429,0.9069767441860465,0.9085539053788508,0.0128449073680373,0.9498327759197325,0.8973063973063974,0.8583916083916083,0.8968531468531469,0.8881118881118881,0.8980991633165546,0.02951265251406928,118,0.9800865800865801,0.9837942955920483,0.9818084537185661,0.979454253611557,0.9815944355270199,0.9813476037071543,0.0015122542786229407
1.1026572704315185,0.28769784827056094,0.25057024955749513,0.054706104762304586,15,sqrt,2,10,300,"{'classifier__max_depth': 15, 'classifier__max_features': 'sqrt', 'classifier__min_samples_leaf': 2, 'classifier__min_samples_split': 10, 'classifier__n_estimators': 300}",0.8775510204081632,0.8163265306122449,0.7916666666666666,0.7708333333333334,0.7916666666666666,0.8096088435374149,0.03690162687709215,112,0.9222797927461139,0.9222797927461139,0.9381443298969072,0.9175257731958762,0.9175257731958762,0.9235510923561774,0.007600051700932637,0.84,0.8823529411764706,0.8333333333333334,0.72,0.7727272727272727,0.8096827094474153,0.056865007470681954,106,0.9397590361445783,0.9404761904761905,0.963855421686747,0.9506172839506173,0.9397590361445783,0.9468933936805423,0.009429277434615085,0.9130434782608695,0.6818181818181818,0.6818181818181818,0.8181818181818182,0.7727272727272727,0.7735177865612648,0.08749920490730415,83,0.8863636363636364,0.8876404494382022,0.898876404494382,0.8651685393258427,0.8764044943820225,0.8828907048008172,0.01136934472317987,0.875,0.7692307692307693,0.75,0.7659574468085106,0.7727272727272727,0.7865830977533104,0.04488736194817427,121,0.9122807017543859,0.9132947976878613,0.9302325581395349,0.9058823529411765,0.9069767441860465,0.913733430941801,0.008738606996515066,0.9481605351170568,0.888888888888889,0.8671328671328671,0.8986013986013985,0.8933566433566433,0.8992280666193709,0.026706752791879576,53,0.9803030303030303,0.9842264477095937,0.9806313536650615,0.9804173354735152,0.9805243445692885,0.9812205023440977,0.0015069353882582836
0.5527058124542237,0.15057180711282286,0.18373584747314453,0.05117993214829979,15,sqrt,4,2,100,"{'classifier__max_depth': 15, 'classifier__max_features': 'sqrt', 'classifier__min_samples_leaf': 4, 'classifier__min_samples_split': 2, 'classifier__n_estimators': 100}",0.8571428571428571,0.8367346938775511,0.7708333333333334,0.7916666666666666,0.7916666666666666,0.8096088435374149,0.03207078988558619,112,0.8963730569948186,0.9119170984455959,0.9175257731958762,0.8969072164948454,0.9226804123711341,0.9090807115004541,0.010714424719976417,0.8076923076923077,0.8888888888888888,0.7894736842105263,0.75,0.8,0.8072109761583446,0.04541193368235494,125,0.925,0.9390243902439024,0.9397590361445783,0.9156626506024096,0.9512195121951219,0.9341331178372023,0.012426523053629561,0.9130434782608695,0.7272727272727273,0.6818181818181818,0.8181818181818182,0.7272727272727273,0.7735177865612648,0.0826417847001059,83,0.8409090909090909,0.8651685393258427,0.8764044943820225,0.8539325842696629,0.8764044943820225,0.8625638406537283,0.01366263971343711,0.8571428571428571,0.8,0.7317073170731707,0.782608695652174,0.7619047619047619,0.7866727263545927,0.04194000520302108,115,0.8809523809523809,0.9005847953216374,0.9069767441860465,0.8837209302325582,0.9122807017543859,0.8969031104894019,0.01248758472450227,0.9548494983277591,0.8888888888888888,0.8601398601398601,0.8933566433566433,0.8933566433566433,0.898118306813959,0.030955838012723603,105,0.9715367965367965,0.9775280898876404,0.9771000535045478,0.9748528624933118,0.9723916532905298,0.9746818911425652,0.002413064325967466
0.61631760597229,0.006060527484060425,0.15987734794616698,0.0011688135641739416,15,sqrt,4,2,200,"{'classifier__max_depth': 15, 'classifier__max_features': 'sqrt', 'classifier__min_samples_leaf': 4, 'classifier__min_samples_split': 2, 'classifier__n_estimators': 200}",0.8367346938775511,0.8367346938775511,0.75,0.7916666666666666,0.7708333333333334,0.7971938775510204,0.03487016702412057,209,0.9067357512953368,0.9067357512953368,0.9226804123711341,0.8969072164948454,0.9175257731958762,0.9101169809305059,0.00905641558821048,0.8,0.8888888888888888,0.75,0.75,0.7894736842105263,0.7956725146198831,0.050829916866792765,202,0.9375,0.927710843373494,0.9404761904761905,0.9259259259259259,0.9506172839506173,0.9364460487452456,0.00900170605924362,0.8695652173913043,0.7272727272727273,0.6818181818181818,0.8181818181818182,0.6818181818181818,0.7557312252964427,0.07562329853979173,205,0.8522727272727273,0.8651685393258427,0.8876404494382022,0.8426966292134831,0.8651685393258427,0.8625893769152195,0.015119623427872503,0.8333333333333334,0.8,0.7142857142857143,0.782608695652174,0.7317073170731707,0.7723870120688785,0.04384521041679046,206,0.8928571428571429,0.8953488372093024,0.9132947976878613,0.8823529411764706,0.9058823529411765,0.8979472143743907,0.010717802817295447,0.9531772575250835,0.8872053872053872,0.8618881118881119,0.9003496503496504,0.8916083916083916,0.8988457597153248,0.03002638454259018,78,0.9742424242424242,0.9793647363872083,0.9761369716425896,0.9751738897806312,0.9752808988764045,0.9760397841858515,0.0017675370062987645
0.918231725692749,0.01259731880944348,0.2110875129699707,0.018850781416453834,15,sqrt,4,2,300,"{'classifier__max_depth': 15, 'classifier__max_features': 'sqrt', 'classifier__min_samples_leaf': 4, 'classifier__min_samples_split': 2, 'classifier__n_estimators': 300}",0.8571428571428571,0.8367346938775511,0.7708333333333334,0.7708333333333334,0.7916666666666666,0.8054421768707483,0.03531993982043897,167,0.9067357512953368,0.9015544041450777,0.9226804123711341,0.9020618556701031,0.9175257731958762,0.9101116393355057,0.008513111625539384,0.8076923076923077,0.8888888888888888,0.7894736842105263,0.72,0.8,0.8012109761583446,0.053784527837201834,171,0.9375,0.926829268292683,0.9404761904761905,0.9375,0.9506172839506173,0.9385845485438982,0.007601370079674739,0.9130434782608695,0.7272727272727273,0.6818181818181818,0.8181818181818182,0.7272727272727273,0.7735177865612648,0.0826417847001059,83,0.8522727272727273,0.8539325842696629,0.8876404494382022,0.8426966292134831,0.8651685393258427,0.8603421859039836,0.015401647353229788,0.8571428571428571,0.8,0.7317073170731707,0.7659574468085106,0.7619047619047619,0.7833424765858601,0.04278311308368894,150,0.8928571428571429,0.8888888888888888,0.9132947976878613,0.8875739644970414,0.9058823529411765,0.8976994293744222,0.010136805732348637,0.951505016722408,0.8855218855218855,0.8618881118881119,0.8986013986013986,0.8898601398601399,0.8974753105187887,0.02962364301201117,130,0.9737012987012987,0.9797968885047537,0.9754949170679508,0.9759229534510433,0.9734617442482612,0.9756755603946615,0.0022749888742940863
0.3339104652404785,0.005918231560889934,0.12148880958557129,0.010051012291985063,15,sqrt,4,5,100,"{'classifier__max_depth': 15, 'classifier__max_features': 'sqrt', 'classifier__min_samples_leaf': 4, 'classifier__min_samples_split': 5, 'classifier__n_estimators': 100}",0.8571428571428571,0.8367346938775511,0.7708333333333334,0.7916666666666666,0.7916666666666666,0.8096088435374149,0.03207078988558619,112,0.8963730569948186,0.9119170984455959,0.9175257731958762,0.8969072164948454,0.9226804123711341,0.9090807115004541,0.010714424719976417,0.8076923076923077,0.8888888888888888,0.7894736842105263,0.75,0.8,0.8072109761583446,0.04541193368235494,125,0.925,0.9390243902439024,0.9397590361445783,0.9156626506024096,0.9512195121951219,0.9341331178372023,0.012426523053629561,0.9130434782608695,0.7272727272727273,0.6818181818181818,0.8181818181818182,0.7272727272727273,0.7735177865612648,0.0826417847001059,83,0.8409090909090909,0.8651685393258427,0.8764044943820225,0.8539325842696629,0.8764044943820225,0.8625638406537283,0.01366263971343711,0.8571428571428571,0.8,0.7317073170731707,0.782608695652174,0.7619047619047619,0.7866727263545927,0.04194000520302108,115,0.8809523809523809,0.9005847953216374,0.9069767441860465,0.8837209302325582,0.9122807017543859,0.8969031104894019,0.01248758472450227,0.9548494983277591,0.8888888888888888,0.8601398601398601,0.8933566433566433,0.8933566433566433,0.898118306813959,0.030955838012723603,105,0.9715367965367965,0.9775280898876404,0.9771000535045478,0.9748528624933118,0.9723916532905298,0.9746818911425652,0.002413064325967466
0.6374022483825683,0.011052926031327421,0.17480792999267578,0.035756377566312635,15,sqrt,4,5,200,"{'classifier__max_depth': 15, 'classifier__max_features': 'sqrt', 'classifier__min_samples_leaf': 4, 'classifier__min_samples_split': 5, 'classifier__n_estimators': 200}",0.8367346938775511,0.8367346938775511,0.75,0.7916666666666666,0.7708333333333334,0.7971938775510204,0.03487016702412057,209,0.9067357512953368,0.9067357512953368,0.9226804123711341,0.8969072164948454,0.9175257731958762,0.9101169809305059,0.00905641558821048,0.8,0.8888888888888888,0.75,0.75,0.7894736842105263,0.7956725146198831,0.050829916866792765,202,0.9375,0.927710843373494,0.9404761904761905,0.9259259259259259,0.9506172839506173,0.9364460487452456,0.00900170605924362,0.8695652173913043,0.7272727272727273,0.6818181818181818,0.8181818181818182,0.6818181818181818,0.7557312252964427,0.07562329853979173,205,0.8522727272727273,0.8651685393258427,0.8876404494382022,0.8426966292134831,0.8651685393258427,0.8625893769152195,0.015119623427872503,0.8333333333333334,0.8,0.7142857142857143,0.782608695652174,0.7317073170731707,0.7723870120688785,0.04384521041679046,206,0.8928571428571429,0.8953488372093024,0.9132947976878613,0.8823529411764706,0.9058823529411765,0.8979472143743907,0.010717802817295447,0.9531772575250835,0.8872053872053872,0.8618881118881119,0.9003496503496504,0.8916083916083916,0.8988457597153248,0.03002638454259018,78,0.9742424242424242,0.9793647363872083,0.9761369716425896,0.9751738897806312,0.9752808988764045,0.9760397841858515,0.0017675370062987645
1.3168771743774415,0.3263476116527114,0.30622663497924807,0.10293421759975269,15,sqrt,4,5,300,"{'classifier__max_depth': 15, 'classifier__max_features': 'sqrt', 'classifier__min_samples_leaf': 4, 'classifier__min_samples_split': 5, 'classifier__n_estimators': 300}",0.8571428571428571,0.8367346938775511,0.7708333333333334,0.7708333333333334,0.7916666666666666,0.8054421768707483,0.03531993982043897,167,0.9067357512953368,0.9015544041450777,0.9226804123711341,0.9020618556701031,0.9175257731958762,0.9101116393355057,0.008513111625539384,0.8076923076923077,0.8888888888888888,0.7894736842105263,0.72,0.8,0.8012109761583446,0.053784527837201834,171,0.9375,0.926829268292683,0.9404761904761905,0.9375,0.9506172839506173,0.9385845485438982,0.007601370079674739,0.9130434782608695,0.7272727272727273,0.6818181818181818,0.8181818181818182,0.7272727272727273,0.7735177865612648,0.0826417847001059,83,0.8522727272727273,0.8539325842696629,0.8876404494382022,0.8426966292134831,0.8651685393258427,0.8603421859039836,0.015401647353229788,0.8571428571428571,0.8,0.7317073170731707,0.7659574468085106,0.7619047619047619,0.7833424765858601,0.04278311308368894,150,0.8928571428571429,0.8888888888888888,0.9132947976878613,0.8875739644970414,0.9058823529411765,0.8976994293744222,0.010136805732348637,0.951505016722408,0.8855218855218855,0.8618881118881119,0.8986013986013986,0.8898601398601399,0.8974753105187887,0.02962364301201117,130,0.9737012987012987,0.9797968885047537,0.9754949170679508,0.9759229534510433,0.9734617442482612,0.9756755603946615,0.0022749888742940863
0.31612229347229004,0.011423246787840643,0.12053546905517579,0.007802437830394102,15,sqrt,4,10,100,"{'classifier__max_depth': 15, 'classifier__max_features': 'sqrt', 'classifier__min_samples_leaf': 4, 'classifier__min_samples_split': 10, 'classifier__n_estimators': 100}",0.8571428571428571,0.8367346938775511,0.7916666666666666,0.7708333333333334,0.7708333333333334,0.8054421768707483,0.03531993982043897,167,0.8808290155440415,0.917098445595855,0.9072164948453608,0.8917525773195877,0.9072164948453608,0.9008226056300412,0.012873815776744334,0.8076923076923077,0.8888888888888888,0.8333333333333334,0.72,0.7894736842105263,0.8078776428250112,0.05526668855350924,116,0.9012345679012346,0.9397590361445783,0.9176470588235294,0.925,0.9176470588235294,0.9202575443385743,0.012476393470425121,0.9130434782608695,0.7272727272727273,0.6818181818181818,0.8181818181818182,0.6818181818181818,0.7644268774703556,0.089448657623281,169,0.8295454545454546,0.8764044943820225,0.8764044943820225,0.8314606741573034,0.8764044943820225,0.8580439223697651,0.02249517089381843,0.8571428571428571,0.8,0.75,0.7659574468085106,0.7317073170731707,0.7809615242049077,0.04421713307890329,168,0.863905325443787,0.9069767441860465,0.896551724137931,0.8757396449704142,0.896551724137931,0.8879450325752221,0.01573045029042442,0.951505016722408,0.893939393939394,0.8671328671328671,0.8916083916083917,0.8881118881118881,0.8984595115029897,0.02817668145086791,88,0.967099567099567,0.9739628349178912,0.971107544141252,0.9676832530765115,0.9715355805243446,0.9702777559519132,0.0025566700073070413
0.6351823806762695,0.029829289493680886,0.15892448425292968,0.00046418253397160114,15,sqrt,4,10,200,"{'classifier__max_depth': 15, 'classifier__max_features': 'sqrt', 'classifier__min_samples_leaf': 4, 'classifier__min_samples_split': 10, 'classifier__n_estimators': 200}",0.8775510204081632,0.8367346938775511,0.75,0.7708333333333334,0.7708333333333334,0.8011904761904762,0.0480788960391421,200,0.8860103626943006,0.8963730569948186,0.9226804123711341,0.8969072164948454,0.9072164948453608,0.9018375086800919,0.012393762057973792,0.84,0.8888888888888888,0.75,0.72,0.7894736842105263,0.7976725146198831,0.06080288143012247,192,0.9125,0.9259259259259259,0.9512195121951219,0.9259259259259259,0.9382716049382716,0.9307685937970491,0.01307807037029194,0.9130434782608695,0.7272727272727273,0.6818181818181818,0.8181818181818182,0.6818181818181818,0.7644268774703556,0.089448657623281,169,0.8295454545454546,0.8426966292134831,0.8764044943820225,0.8426966292134831,0.8539325842696629,0.8490551583248213,0.01570519527478246,0.875,0.8,0.7142857142857143,0.7659574468085106,0.7317073170731707,0.777390095633479,0.05698892149766291,194,0.8690476190476191,0.8823529411764706,0.9122807017543859,0.8823529411764706,0.8941176470588236,0.888030370042754,0.014490995562771126,0.9531772575250836,0.8956228956228957,0.8618881118881119,0.8986013986013985,0.8881118881118881,0.8994803103498755,0.029804122800526824,49,0.9704545454545455,0.9750432152117545,0.9714285714285715,0.9707865168539325,0.9722846441947565,0.9719994986287122,0.0016449730451224829
0.9242424964904785,0.01363815131363376,0.2113269329071045,0.013850969289477658,15,sqrt,4,10,300,"{'classifier__max_depth': 15, 'classifier__max_features': 'sqrt', 'classifier__min_samples_leaf': 4, 'classifier__min_samples_split': 10, 'classifier__n_estimators': 300}",0.8571428571428571,0.8367346938775511,0.7916666666666666,0.7708333333333334,0.7708333333333334,0.8054421768707483,0.03531993982043897,167,0.8911917098445595,0.9015544041450777,0.9175257731958762,0.8969072164948454,0.9072164948453608,0.902879119705144,0.009026088079584573,0.8076923076923077,0.8888888888888888,0.8333333333333334,0.72,0.7894736842105263,0.8078776428250112,0.05526668855350924,116,0.9240506329113924,0.926829268292683,0.9397590361445783,0.9259259259259259,0.927710843373494,0.9288551413296148,0.005585196604094007,0.9130434782608695,0.7272727272727273,0.6818181818181818,0.8181818181818182,0.6818181818181818,0.7644268774703556,0.089448657623281,169,0.8295454545454546,0.8539325842696629,0.8764044943820225,0.8426966292134831,0.8651685393258427,0.853549540347293,0.016440672730153094,0.8571428571428571,0.8,0.75,0.7659574468085106,0.7317073170731707,0.7809615242049077,0.04421713307890329,168,0.874251497005988,0.8888888888888888,0.9069767441860465,0.8823529411764706,0.8953488372093024,0.8895637816933393,0.011167774117512476,0.951505016722408,0.8905723905723906,0.8636363636363636,0.9003496503496503,0.8916083916083917,0.8995343625778409,0.028752105566036013,46,0.9706709956709956,0.9752592912705271,0.9720706260032103,0.9712145532370251,0.9713215623327983,0.9721074057029113,0.001637909917280727
0.33806862831115725,0.010765708568947664,0.12025070190429688,0.002829386064543555,15,log2,1,2,100,"{'classifier__max_depth': 15, 'classifier__max_features': 'log2', 'classifier__min_samples_leaf': 1, 'classifier__min_samples_split': 2, 'classifier__n_estimators': 100}",0.8775510204081632,0.8163265306122449,0.8333333333333334,0.8125,0.7916666666666666,0.8262755102040817,0.02886350547425413,5,1.0,1.0,1.0,1.0,1.0,1.0,0.0,0.84,0.9333333333333333,0.8888888888888888,0.782608695652174,0.7727272727272727,0.8435116381203338,0.061414913833556545,1,1.0,1.0,1.0,1.0,1.0,1.0,0.0,0.9130434782608695,0.6363636363636364,0.7272727272727273,0.8181818181818182,0.7727272727272727,0.7735177865612648,0.09210079880436504,83,1.0,1.0,1.0,1.0,1.0,1.0,0.0,0.875,0.7567567567567568,0.8,0.8,0.7727272727272727,0.8008968058968058,0.0405826525377633,14,1.0,1.0,1.0,1.0,1.0,1.0,0.0,0.9632107023411371,0.8367003367003368,0.895979020979021,0.8986013986013985,0.8662587412587414,0.892150039976127,0.042073573183252284,210,1.0,1.0,1.0,1.0,1.0,1.0,0.0
1.0075412273406983,0.16715849797603866,0.24718823432922363,0.06171852365651667,15,log2,1,2,200,"{'classifier__max_depth': 15, 'classifier__max_features': 'log2', 'classifier__min_samples_leaf': 1, 'classifier__min_samples_split': 2, 'classifier__n_estimators': 200}",0.8571428571428571,0.8163265306122449,0.8333333333333334,0.8125,0.8125,0.8263605442176871,0.01721093476909073,1,1.0,1.0,1.0,1.0,1.0,1.0,0.0,0.8333333333333334,0.8823529411764706,0.8888888888888888,0.782608695652174,0.8095238095238095,0.8393415337149353,0.04110652415122237,4,1.0,1.0,1.0,1.0,1.0,1.0,0.0,0.8695652173913043,0.6818181818181818,0.7272727272727273,0.8181818181818182,0.7727272727272727,0.773913043478261,0.06598068123361654,64,1.0,1.0,1.0,1.0,1.0,1.0,0.0,0.851063829787234,0.7692307692307693,0.8,0.8,0.7906976744186046,0.8021984546873215,0.026894711453484817,4,1.0,1.0,1.0,1.0,1.0,1.0,0.0,0.9531772575250836,0.8425925925925927,0.8951048951048951,0.8924825174825175,0.8784965034965035,0.8923707532403184,0.03570792368575686,207,0.9999999999999999,1.0,1.0,1.0,1.0,1.0,4.965068306494546e-17
0.9640007972717285,0.03663603730975442,0.20363092422485352,0.001954280644791633,15,log2,1,2,300,"{'classifier__max_depth': 15, 'classifier__max_features': 'log2', 'classifier__min_samples_leaf': 1, 'classifier__min_samples_split': 2, 'classifier__n_estimators': 300}",0.8571428571428571,0.8163265306122449,0.8125,0.8333333333333334,0.8125,0.8263605442176871,0.01721093476909073,1,1.0,1.0,1.0,1.0,1.0,1.0,0.0,0.8333333333333334,0.8823529411764706,0.8421052631578947,0.7916666666666666,0.8095238095238095,0.831796402771635,0.03089033008348073,12,1.0,1.0,1.0,1.0,1.0,1.0,0.0,0.8695652173913043,0.6818181818181818,0.7272727272727273,0.8636363636363636,0.7727272727272727,0.7830039525691699,0.07408721631456242,31,1.0,1.0,1.0,1.0,1.0,1.0,0.0,0.851063829787234,0.7692307692307693,0.7804878048780488,0.8260869565217391,0.7906976744186046,0.8035134069672791,0.030464170602029012,1,1.0,1.0,1.0,1.0,1.0,1.0,0.0,0.9548494983277591,0.8459595959595959,0.895979020979021,0.8951048951048951,0.8811188811188811,0.8946023782980304,0.035156188956976794,185,1.0,1.0,1.0,1.0,1.0,1.0,0.0
0.33881940841674807,0.014702577735758662,0.12196145057678223,0.010979481275114993,15,log2,1,5,100,"{'classifier__max_depth': 15, 'classifier__max_features': 'log2', 'classifier__min_samples_leaf': 1, 'classifier__min_samples_split': 5, 'classifier__n_estimators': 100}",0.8775510204081632,0.8163265306122449,0.8125,0.7916666666666666,0.7708333333333334,0.8137755102040816,0.03580022863098788,81,0.9792746113989638,0.9844559585492227,0.9690721649484536,0.9845360824742269,0.9742268041237113,0.9783131242989157,0.005991284016188037,0.84,0.8823529411764706,0.8421052631578947,0.7307692307692307,0.7391304347826086,0.806871573977241,0.06069064316585481,131,0.9883720930232558,0.9777777777777777,0.9770114942528736,1.0,0.9772727272727273,0.9840868184653269,0.009032042631452044,0.9130434782608695,0.6818181818181818,0.7272727272727273,0.8636363636363636,0.7727272727272727,0.791699604743083,0.08542122914951522,10,0.9659090909090909,0.9887640449438202,0.9550561797752809,0.9662921348314607,0.9662921348314607,0.9684627170582226,0.011025633920580228,0.875,0.7692307692307693,0.7804878048780488,0.7916666666666666,0.7555555555555555,0.794388159266208,0.04204702278383047,40,0.9770114942528736,0.9832402234636871,0.9659090909090909,0.9828571428571429,0.9717514124293786,0.9761538727824346,0.0066366094212533915,0.9531772575250836,0.8686868686868687,0.8863636363636364,0.8933566433566433,0.8846153846153846,0.8972399581095234,0.02911018634630515,142,0.9978354978354979,0.9987035436473639,0.9983948635634029,0.999143927233815,0.9981808453718566,0.9984517355303872,0.00044696789085783666
0.6295944213867187,0.0044412176254154025,0.16222143173217773,0.0038455800674664056,15,log2,1,5,200,"{'classifier__max_depth': 15, 'classifier__max_features': 'log2', 'classifier__min_samples_leaf': 1, 'classifier__min_samples_split': 5, 'classifier__n_estimators': 200}",0.8571428571428571,0.8163265306122449,0.8333333333333334,0.8125,0.7708333333333334,0.8180272108843537,0.02837257696612096,25,0.9844559585492227,0.9844559585492227,0.9742268041237113,0.979381443298969,0.9742268041237113,0.9793493937289675,0.004574644996710269,0.8076923076923077,0.8823529411764706,0.8888888888888888,0.76,0.7391304347826086,0.8156129145080551,0.061365628096719825,58,0.9885057471264368,0.9886363636363636,0.9883720930232558,1.0,0.9772727272727273,0.9885573862117567,0.007187769824800278,0.9130434782608695,0.6818181818181818,0.7272727272727273,0.8636363636363636,0.7727272727272727,0.791699604743083,0.08542122914951522,10,0.9772727272727273,0.9775280898876404,0.9550561797752809,0.9550561797752809,0.9662921348314607,0.966241062308478,0.009993001815487245,0.8571428571428571,0.7692307692307693,0.8,0.8085106382978723,0.7555555555555555,0.7980879640454109,0.03533132288305509,18,0.9828571428571429,0.9830508474576272,0.9714285714285714,0.9770114942528736,0.9717514124293786,0.9772198936851189,0.005084598925609355,0.9531772575250835,0.8754208754208755,0.8916083916083916,0.9020979020979021,0.8863636363636364,0.9017336126031779,0.027120832278930248,14,0.9983766233766234,0.9991356957649092,0.999250936329588,0.9992509363295881,0.9990369181380417,0.9990102219877501,0.00032673853214753066
1.1031974792480468,0.2629095943445735,0.2778663158416748,0.08631464689200086,15,log2,1,5,300,"{'classifier__max_depth': 15, 'classifier__max_features': 'log2', 'classifier__min_samples_leaf': 1, 'classifier__min_samples_split': 5, 'classifier__n_estimators': 300}",0.8571428571428571,0.8163265306122449,0.8125,0.8125,0.7708333333333334,0.8138605442176872,0.0273294081116796,60,0.9844559585492227,0.9896373056994818,0.979381443298969,0.979381443298969,0.9690721649484536,0.9803856631590193,0.006814284277532296,0.8076923076923077,0.8823529411764706,0.8421052631578947,0.76,0.7391304347826086,0.8062561893618563,0.05238976263878499,135,0.9885057471264368,0.9887640449438202,0.9885057471264368,0.9885057471264368,0.9770114942528736,0.9862585561152007,0.004624613057953768,0.9130434782608695,0.6818181818181818,0.7272727272727273,0.8636363636363636,0.7727272727272727,0.791699604743083,0.08542122914951522,10,0.9772727272727273,0.9887640449438202,0.9662921348314607,0.9662921348314607,0.9550561797752809,0.9707354443309499,0.011428839345641368,0.8571428571428571,0.7692307692307693,0.7804878048780488,0.8085106382978723,0.7555555555555555,0.7941855250210207,0.035976315689250006,43,0.9828571428571429,0.9887640449438202,0.9772727272727273,0.9772727272727273,0.9659090909090909,0.9784151466511017,0.007560988036784174,0.9565217391304348,0.8653198653198654,0.8863636363636364,0.9003496503496504,0.8828671328671329,0.8982844048061439,0.031184323645697114,97,0.9987012987012986,0.9988115816767502,0.9987158908507223,0.9986088817549492,0.9986088817549491,0.9986893069477338,7.581297867330247e-05
0.5129129409790039,0.06006935855307494,0.17227320671081542,0.045105596154567364,15,log2,1,10,100,"{'classifier__max_depth': 15, 'classifier__max_features': 'log2', 'classifier__min_samples_leaf': 1, 'classifier__min_samples_split': 10, 'classifier__n_estimators': 100}",0.8571428571428571,0.7755102040816326,0.8125,0.8125,0.8125,0.8140306122448979,0.025882487619001606,44,0.9222797927461139,0.9430051813471503,0.9329896907216495,0.9381443298969072,0.9329896907216495,0.9338817370866941,0.006893526507616113,0.8076923076923077,0.8235294117647058,0.8823529411764706,0.76,0.782608695652174,0.8112366712571315,0.04163161130260492,96,0.9294117647058824,0.9534883720930233,0.9523809523809523,0.963855421686747,0.9418604651162791,0.9481993951965769,0.011693818508733848,0.9130434782608695,0.6363636363636364,0.6818181818181818,0.8636363636363636,0.8181818181818182,0.782608695652174,0.10619840637681045,33,0.8977272727272727,0.9213483146067416,0.898876404494382,0.898876404494382,0.9101123595505618,0.9053881511746681,0.009171038216031616,0.8571428571428571,0.717948717948718,0.7692307692307693,0.8085106382978723,0.8,0.7905665965240434,0.04598249673381044,79,0.9132947976878613,0.9371428571428572,0.9248554913294798,0.9302325581395349,0.9257142857142857,0.9262479980028037,0.007804921488471559,0.94314381270903,0.8754208754208754,0.8706293706293706,0.9020979020979021,0.8898601398601398,0.8962304201434635,0.02593964188329957,159,0.9816017316017316,0.9868193604148661,0.984055644729802,0.9834135901551632,0.9851257356875335,0.9842032125178193,0.0017382900507290056
0.6181567668914795,0.012159040549647856,0.16566128730773927,0.012941718410519066,15,log2,1,10,200,"{'classifier__max_depth': 15, 'classifier__max_features': 'log2', 'classifier__min_samples_leaf': 1, 'classifier__min_samples_split': 10, 'classifier__n_estimators': 200}",0.8775510204081632,0.8163265306122449,0.8125,0.7708333333333334,0.7916666666666666,0.8137755102040817,0.03580022863098789,72,0.9326424870466321,0.9430051813471503,0.9329896907216495,0.9278350515463918,0.9278350515463918,0.9328614924416432,0.0055405602409983705,0.84,0.8823529411764706,0.8823529411764706,0.72,0.7727272727272727,0.8194866310160427,0.06388923469872841,39,0.9518072289156626,0.9534883720930233,0.9523809523809523,0.9629629629629629,0.9411764705882353,0.9523631973881672,0.006914814835345558,0.9130434782608695,0.6818181818181818,0.6818181818181818,0.8181818181818182,0.7727272727272727,0.7735177865612648,0.08749920490730415,83,0.8977272727272727,0.9213483146067416,0.898876404494382,0.8764044943820225,0.898876404494382,0.8986465781409603,0.01421991484679482,0.875,0.7692307692307693,0.7692307692307693,0.7659574468085106,0.7727272727272727,0.7904292515994642,0.042339560886283455,83,0.9239766081871345,0.9371428571428572,0.9248554913294798,0.9176470588235294,0.9195402298850575,0.9246324490736116,0.006807592208491124,0.9481605351170568,0.8787878787878788,0.8706293706293706,0.8968531468531469,0.8968531468531469,0.8982568156481199,0.026969008175082673,100,0.9850649350649351,0.9875756266205705,0.9838416265382558,0.9843766720171214,0.9849117174959872,0.985154115547374,0.0012851047967512394
0.9269750118255615,0.03297031488985753,0.21639857292175294,0.02265702556516932,15,log2,1,10,300,"{'classifier__max_depth': 15, 'classifier__max_features': 'log2', 'classifier__min_samples_leaf': 1, 'classifier__min_samples_split': 10, 'classifier__n_estimators': 300}",0.8775510204081632,0.8163265306122449,0.8125,0.7708333333333334,0.8333333333333334,0.8221088435374149,0.034510193018660436,10,0.9378238341968912,0.9430051813471503,0.9329896907216495,0.9278350515463918,0.9278350515463918,0.9338977618716949,0.005877016923494348,0.84,0.8823529411764706,0.8823529411764706,0.72,0.85,0.8349411764705881,0.05993260343934094,8,0.9523809523809523,0.9534883720930233,0.9523809523809523,0.9629629629629629,0.9411764705882353,0.9524779420812253,0.006909395105361972,0.9130434782608695,0.6818181818181818,0.6818181818181818,0.8181818181818182,0.7727272727272727,0.7735177865612648,0.08749920490730415,83,0.9090909090909091,0.9213483146067416,0.898876404494382,0.8764044943820225,0.898876404494382,0.9009193054136875,0.014788119363312648,0.875,0.7692307692307693,0.7692307692307693,0.7659574468085106,0.8095238095238095,0.7977885589587717,0.04181778842193211,20,0.9302325581395349,0.9371428571428572,0.9248554913294798,0.9176470588235294,0.9195402298850575,0.9258836390640918,0.007138911271419725,0.9498327759197324,0.8838383838383838,0.8741258741258742,0.8986013986013986,0.8916083916083917,0.899601364818756,0.026402857458250367,42,0.9852813852813853,0.988980121002593,0.9845906902086676,0.985553772070626,0.9842696629213483,0.9857351262969241,0.0016867766757727857
0.3412492752075195,0.02233876794615671,0.12262859344482421,0.01597252076380089,15,log2,2,2,100,"{'classifier__max_depth': 15, 'classifier__max_features': 'log2', 'classifier__min_samples_leaf': 2, 'classifier__min_samples_split': 2, 'classifier__n_estimators': 100}",0.8571428571428571,0.7959183673469388,0.7916666666666666,0.8333333333333334,0.7916666666666666,0.8139455782312925,0.026681716910791246,50,0.9689119170984456,0.9637305699481865,0.9690721649484536,0.9639175257731959,0.9587628865979382,0.964879012873244,0.0038339853945116506,0.8076923076923077,0.875,0.8333333333333334,0.7916666666666666,0.8,0.8215384615384614,0.030150291958685103,27,0.9767441860465116,0.9767441860465116,0.9882352941176471,0.9880952380952381,0.9764705882352941,0.9812578985082405,0.005640900675280208,0.9130434782608695,0.6363636363636364,0.6818181818181818,0.8636363636363636,0.7272727272727273,0.7644268774703556,0.10633366106070968,169,0.9545454545454546,0.9438202247191011,0.9438202247191011,0.9325842696629213,0.9325842696629213,0.9414708886619,0.008245326280126924,0.8571428571428571,0.7368421052631579,0.75,0.8260869565217391,0.7619047619047619,0.7863953361665033,0.04682001252888922,124,0.9655172413793104,0.96,0.9655172413793104,0.9595375722543352,0.9540229885057471,0.9609190087037407,0.004303382988063852,0.951505016722408,0.8771043771043772,0.8688811188811189,0.9020979020979021,0.8758741258741258,0.8950925081359863,0.03036907200102847,175,0.99491341991342,0.996542783059637,0.9964686998394864,0.9965757089352596,0.9948635634028892,0.9958728350301385,0.0008046146336609539
0.646257734298706,0.06321357700496506,0.19969019889831544,0.07671199397111624,15,log2,2,2,200,"{'classifier__max_depth': 15, 'classifier__max_features': 'log2', 'classifier__min_samples_leaf': 2, 'classifier__min_samples_split': 2, 'classifier__n_estimators': 200}",0.8571428571428571,0.8163265306122449,0.7708333333333334,0.8333333333333334,0.7916666666666666,0.8138605442176872,0.030339869130334932,60,0.9637305699481865,0.9689119170984456,0.9587628865979382,0.9742268041237113,0.9639175257731959,0.9659099407082955,0.005253224456611428,0.8333333333333334,0.8823529411764706,0.7894736842105263,0.7916666666666666,0.7727272727272727,0.813910779622854,0.03962226269254452,79,0.9764705882352941,0.9770114942528736,0.9764705882352941,0.9883720930232558,0.9767441860465116,0.9790137899586459,0.004683457617438974,0.8695652173913043,0.6818181818181818,0.6818181818181818,0.8636363636363636,0.7727272727272727,0.773913043478261,0.08266068678052056,64,0.9431818181818182,0.9550561797752809,0.9325842696629213,0.9550561797752809,0.9438202247191011,0.9459397344228805,0.008446135377298282,0.851063829787234,0.7692307692307693,0.7317073170731707,0.8260869565217391,0.7727272727272727,0.7901632290680372,0.04279876507011471,88,0.9595375722543352,0.9659090909090909,0.9540229885057471,0.9714285714285714,0.96,0.962179644619549,0.005961775788380665,0.9498327759197325,0.8720538720538721,0.8828671328671329,0.9073426573426573,0.8793706293706294,0.8982934135108047,0.028364591029768783,95,0.9956709956709957,0.9966508210890234,0.996147672552167,0.9965757089352595,0.9959336543606208,0.9961957705216132,0.00037358564143265694
1.3196293354034423,0.36708468215990075,0.2842757225036621,0.07170727450574102,15,log2,2,2,300,"{'classifier__max_depth': 15, 'classifier__max_features': 'log2', 'classifier__min_samples_leaf': 2, 'classifier__min_samples_split': 2, 'classifier__n_estimators': 300}",0.8367346938775511,0.8163265306122449,0.7916666666666666,0.8333333333333334,0.7708333333333334,0.8097789115646259,0.025175812913056417,100,0.9637305699481865,0.9689119170984456,0.9639175257731959,0.9690721649484536,0.9639175257731959,0.9659099407082955,0.0025179601207841276,0.8,0.8823529411764706,0.8333333333333334,0.7916666666666666,0.7619047619047619,0.8138515406162465,0.04112051496342436,81,0.9764705882352941,0.9770114942528736,0.9767441860465116,0.9882352941176471,0.9767441860465116,0.9790411497397675,0.004600253538693839,0.8695652173913043,0.6818181818181818,0.6818181818181818,0.8636363636363636,0.7272727272727273,0.7648221343873518,0.08476394941025227,143,0.9431818181818182,0.9550561797752809,0.9438202247191011,0.9438202247191011,0.9438202247191011,0.9459397344228805,0.004564923701646349,0.8333333333333334,0.7692307692307693,0.75,0.8260869565217391,0.7441860465116279,0.784567421119494,0.03784907112016186,138,0.9595375722543352,0.9659090909090909,0.96,0.9655172413793104,0.96,0.9621927809085473,0.0028820030071111673,0.9498327759197325,0.8737373737373738,0.8828671328671329,0.9073426573426573,0.8811188811188811,0.8989797641971554,0.027827228003725852,71,0.996103896103896,0.9964347450302506,0.9960406634563939,0.996147672552167,0.9957196361690743,0.9960893226623565,0.0002288971510180857
0.32604503631591797,0.008069109292220978,0.1178715705871582,0.002465168992254276,15,log2,2,5,100,"{'classifier__max_depth': 15, 'classifier__max_features': 'log2', 'classifier__min_samples_leaf': 2, 'classifier__min_samples_split': 5, 'classifier__n_estimators': 100}",0.8367346938775511,0.8163265306122449,0.7916666666666666,0.8125,0.75,0.8014455782312926,0.029432088945368688,185,0.9378238341968912,0.9533678756476683,0.9536082474226805,0.9432989690721649,0.9432989690721649,0.946279579082314,0.006216446275390137,0.8,0.8823529411764706,0.8333333333333334,0.782608695652174,0.7272727272727273,0.8051135394869411,0.05167995794574455,142,0.9523809523809523,0.9761904761904762,0.9651162790697675,0.975609756097561,0.9534883720930233,0.9645571671663561,0.010281873739052858,0.8695652173913043,0.6818181818181818,0.6818181818181818,0.8181818181818182,0.7272727272727273,0.7557312252964428,0.07562329853979173,198,0.9090909090909091,0.9213483146067416,0.9325842696629213,0.898876404494382,0.9213483146067416,0.9166496424923392,0.011585247704807214,0.8333333333333334,0.7692307692307693,0.75,0.8,0.7272727272727273,0.775967365967366,0.03730757397327198,198,0.9302325581395349,0.9479768786127167,0.9485714285714286,0.935672514619883,0.9371428571428572,0.939919247417284,0.007202231470563264,0.9481605351170568,0.8804713804713806,0.8601398601398602,0.9038461538461537,0.8758741258741258,0.8936984110897154,0.030620043961103124,192,0.9913419913419914,0.9940579083837511,0.9951845906902087,0.9943285179240235,0.992402354200107,0.9934630725080164,0.0013921608369989117
0.6404693126678467,0.013423926150570267,0.16640934944152833,0.006837684415653657,15,log2,2,5,200,"{'classifier__max_depth': 15, 'classifier__max_features': 'log2', 'classifier__min_samples_leaf': 2, 'classifier__min_samples_split': 5, 'classifier__n_estimators': 200}",0.8571428571428571,0.8163265306122449,0.7916666666666666,0.7916666666666666,0.7708333333333334,0.8055272108843538,0.02955907561753001,147,0.9481865284974094,0.9585492227979274,0.9587628865979382,0.9536082474226805,0.9587628865979382,0.9555739543827787,0.004186379451333791,0.8333333333333334,0.8823529411764706,0.8333333333333334,0.75,0.7619047619047619,0.8121848739495799,0.0494229107648155,87,0.9534883720930233,0.9764705882352941,0.9655172413793104,0.9761904761904762,0.9764705882352941,0.9696274532266796,0.009100484000146004,0.8695652173913043,0.6818181818181818,0.6818181818181818,0.8181818181818182,0.7272727272727273,0.7557312252964428,0.07562329853979173,198,0.9318181818181818,0.9325842696629213,0.9438202247191011,0.9213483146067416,0.9325842696629213,0.9324310520939735,0.007112845907478505,0.851063829787234,0.7692307692307693,0.75,0.782608695652174,0.7441860465116279,0.7794178682363611,0.038350474327996736,179,0.9425287356321839,0.9540229885057471,0.9545454545454546,0.9479768786127167,0.9540229885057471,0.9506194091603698,0.004712207612600942,0.9498327759197325,0.8905723905723906,0.8741258741258742,0.8986013986013985,0.8776223776223776,0.8981509633683545,0.027303022367341428,103,0.9938311688311688,0.9950302506482283,0.9948635634028893,0.9949705724986624,0.9934724451578384,0.9944336001077574,0.0006505293124779204
0.9293359279632568,0.005237081214290487,0.2073430061340332,0.0032379772307998744,15,log2,2,5,300,"{'classifier__max_depth': 15, 'classifier__max_features': 'log2', 'classifier__min_samples_leaf': 2, 'classifier__min_samples_split': 5, 'classifier__n_estimators': 300}",0.8571428571428571,0.8367346938775511,0.7916666666666666,0.8125,0.7708333333333334,0.8137755102040816,0.030797108106773476,81,0.9533678756476683,0.9689119170984456,0.9587628865979382,0.9536082474226805,0.9587628865979382,0.9586827626729342,0.005632888585158996,0.8333333333333334,0.8888888888888888,0.8333333333333334,0.76,0.7619047619047619,0.8154920634920636,0.04893809109363728,60,0.9647058823529412,0.9770114942528736,0.9655172413793104,0.9761904761904762,0.9764705882352941,0.9719791364821792,0.005619420960747887,0.8695652173913043,0.7272727272727273,0.6818181818181818,0.8636363636363636,0.7272727272727273,0.773913043478261,0.0775005990817851,64,0.9318181818181818,0.9550561797752809,0.9438202247191011,0.9213483146067416,0.9325842696629213,0.9369254341164452,0.011522486386801303,0.851063829787234,0.8,0.75,0.8085106382978723,0.7441860465116279,0.7907521029193469,0.039667430163062546,71,0.9479768786127167,0.9659090909090909,0.9545454545454546,0.9479768786127167,0.9540229885057471,0.9540862582371451,0.006551996268131831,0.951505016722408,0.8872053872053872,0.8741258741258742,0.9020979020979021,0.8793706293706294,0.8988609619044402,0.027962204279170615,76,0.9939393939393939,0.9951382886776146,0.9944355270197967,0.9945425361155698,0.993900481540931,0.9943912454586611,0.0004534186385491107
0.33757867813110354,0.011297492009940477,0.11690425872802734,0.0035332807378083567,15,log2,2,10,100,"{'classifier__max_depth': 15, 'classifier__max_features': 'log2', 'classifier__min_samples_leaf': 2, 'classifier__min_samples_split': 10, 'classifier__n_estimators': 100}",0.8571428571428571,0.7755102040816326,0.8125,0.7708333333333334,0.7708333333333334,0.7973639455782313,0.03372818169094951,203,0.9119170984455959,0.9378238341968912,0.9175257731958762,0.9123711340206185,0.9278350515463918,0.9214945782810746,0.009975599921502263,0.8076923076923077,0.8235294117647058,0.8823529411764706,0.72,0.7619047619047619,0.7990958845076491,0.055212266349891445,180,0.927710843373494,0.9425287356321839,0.9397590361445783,0.95,0.9518072289156626,0.9423611688131839,0.008590820704833663,0.9130434782608695,0.6363636363636364,0.6818181818181818,0.8181818181818182,0.7272727272727273,0.7553359683794467,0.09916459624073816,211,0.875,0.9213483146067416,0.8764044943820225,0.8539325842696629,0.8876404494382022,0.8828651685393257,0.0221108636563533,0.8571428571428571,0.717948717948718,0.7692307692307693,0.7659574468085106,0.7441860465116279,0.7708931675284967,0.04686687299151695,212,0.9005847953216374,0.9318181818181818,0.9069767441860465,0.8994082840236687,0.9186046511627907,0.9114785313024651,0.012240207576655272,0.94314381270903,0.8703703703703703,0.8723776223776223,0.8968531468531469,0.8916083916083917,0.8948706687837122,0.02627192743240652,179,0.9734848484848485,0.9816335350043215,0.9775280898876405,0.9765650080256822,0.9793472445157838,0.9777117451836552,0.0027302265306193146
1.0121851444244385,0.15694729875687938,0.25324077606201173,0.047674316439342,15,log2,2,10,200,"{'classifier__max_depth': 15, 'classifier__max_features': 'log2', 'classifier__min_samples_leaf': 2, 'classifier__min_samples_split': 10, 'classifier__n_estimators': 200}",0.8775510204081632,0.8367346938775511,0.8125,0.7708333333333334,0.7708333333333334,0.8136904761904763,0.040704033455920906,93,0.917098445595855,0.9326424870466321,0.9175257731958762,0.9123711340206185,0.9226804123711341,0.9204636504460231,0.00690916265393895,0.84,0.8888888888888888,0.8823529411764706,0.72,0.7391304347826086,0.8140744529695935,0.07127116433187296,76,0.95,0.9418604651162791,0.9397590361445783,0.95,0.9404761904761905,0.9444191383474096,0.004606565591205563,0.9130434782608695,0.7272727272727273,0.6818181818181818,0.8181818181818182,0.7727272727272727,0.7826086956521738,0.0794948037988884,45,0.8636363636363636,0.9101123595505618,0.8764044943820225,0.8539325842696629,0.8876404494382022,0.8783452502553626,0.019553240653567394,0.875,0.8,0.7692307692307693,0.7659574468085106,0.7555555555555555,0.7931487543189671,0.04352298655880937,54,0.9047619047619048,0.9257142857142857,0.9069767441860465,0.8994082840236687,0.9132947976878613,0.9100312032747533,0.009017225336605438,0.9464882943143813,0.8804713804713805,0.8758741258741258,0.8986013986013985,0.8916083916083917,0.8986087181739355,0.02524790344945194,85,0.9778138528138529,0.982713915298185,0.9766720171214553,0.9780631353665061,0.9794542536115569,0.9789434348423113,0.002082675196562171
0.926764726638794,0.043130632649006746,0.20374588966369628,0.006366527229808936,15,log2,2,10,300,"{'classifier__max_depth': 15, 'classifier__max_features': 'log2', 'classifier__min_samples_leaf': 2, 'classifier__min_samples_split': 10, 'classifier__n_estimators': 300}",0.8571428571428571,0.8367346938775511,0.8125,0.7708333333333334,0.7708333333333334,0.8096088435374149,0.03467198689138722,112,0.9119170984455959,0.9326424870466321,0.9226804123711341,0.9123711340206185,0.9175257731958762,0.9194273810159712,0.0076815664892915725,0.8076923076923077,0.8888888888888888,0.8823529411764706,0.72,0.7619047619047619,0.8121677799324857,0.06611109726673041,89,0.9493670886075949,0.9523809523809523,0.9512195121951219,0.95,0.9294117647058824,0.9464758635779104,0.008594585109049813,0.9130434782608695,0.7272727272727273,0.6818181818181818,0.8181818181818182,0.7272727272727273,0.7735177865612648,0.0826417847001059,83,0.8522727272727273,0.898876404494382,0.8764044943820225,0.8539325842696629,0.8876404494382022,0.8738253319713994,0.0183592045815489,0.8571428571428571,0.8,0.7692307692307693,0.7659574468085106,0.7441860465116279,0.787303423938753,0.03919216579364183,109,0.8982035928143712,0.9248554913294798,0.9122807017543859,0.8994082840236687,0.9080459770114943,0.90855880938668,0.009702164159249555,0.9481605351170568,0.8838383838383839,0.8653846153846154,0.8986013986013985,0.8933566433566434,0.8978683152596195,0.02757618431178912,122,0.979112554112554,0.9839023336214348,0.9773140716960942,0.9774210807918673,0.9789192081326913,0.9793338496709282,0.002401255204585805
0.3354959011077881,0.02048568074332224,0.11672611236572265,0.006379813307326336,15,log2,4,2,100,"{'classifier__max_depth': 15, 'classifier__max_features': 'log2', 'classifier__min_samples_leaf': 4, 'classifier__min_samples_split': 2, 'classifier__n_estimators': 100}",0.8571428571428571,0.8163265306122449,0.8125,0.7708333333333334,0.7708333333333334,0.8055272108843538,0.0323627882370164,147,0.8911917098445595,0.9119170984455959,0.9175257731958762,0.9123711340206185,0.9072164948453608,0.9080444420704022,0.009036741123067404,0.8076923076923077,0.8421052631578947,0.8823529411764706,0.72,0.7619047619047619,0.802811054786287,0.057316260736582025,157,0.9135802469135802,0.9285714285714286,0.9397590361445783,0.9390243902439024,0.927710843373494,0.9297291890493966,0.00952051530849873,0.9130434782608695,0.7272727272727273,0.6818181818181818,0.8181818181818182,0.7272727272727273,0.7735177865612648,0.0826417847001059,83,0.8409090909090909,0.8764044943820225,0.8764044943820225,0.8651685393258427,0.8651685393258427,0.8648110316649642,0.012964375425727924,0.8571428571428571,0.7804878048780488,0.7692307692307693,0.7659574468085106,0.7441860465116279,0.7834009849143627,0.038702025181604455,144,0.8757396449704142,0.9017341040462428,0.9069767441860465,0.9005847953216374,0.8953488372093024,0.8960768251467286,0.010819109932608609,0.9548494983277591,0.8973063973063974,0.8671328671328671,0.9038461538461539,0.8863636363636364,0.9018997105953627,0.029252932147339893,8,0.9694805194805195,0.9754753673293,0.9731407169609416,0.9739967897271268,0.9727126805778491,0.9729612148151474,0.0019800307352511146
0.6261312961578369,0.00903710153885329,0.16921782493591309,0.012678052619374021,15,log2,4,2,200,"{'classifier__max_depth': 15, 'classifier__max_features': 'log2', 'classifier__min_samples_leaf': 4, 'classifier__min_samples_split': 2, 'classifier__n_estimators': 200}",0.8775510204081632,0.8163265306122449,0.8125,0.7708333333333334,0.7708333333333334,0.8096088435374149,0.03918342988161245,112,0.8963730569948186,0.9067357512953368,0.9072164948453608,0.8969072164948454,0.9072164948453608,0.9028898028951445,0.005108642926013387,0.8695652173913043,0.8421052631578947,0.8823529411764706,0.72,0.7619047619047619,0.8151856367260862,0.06339149616211909,65,0.9146341463414634,0.927710843373494,0.927710843373494,0.9367088607594937,0.927710843373494,0.9268951074442878,0.0070517685244948225,0.8695652173913043,0.7272727272727273,0.6818181818181818,0.8181818181818182,0.7272727272727273,0.7648221343873518,0.06859729059262179,143,0.8522727272727273,0.8651685393258427,0.8651685393258427,0.8314606741573034,0.8651685393258427,0.8558478038815117,0.013176809906905888,0.8695652173913043,0.7804878048780488,0.7692307692307693,0.7659574468085106,0.7441860465116279,0.7858854569640521,0.043462126035287624,127,0.8823529411764706,0.8953488372093024,0.8953488372093024,0.8809523809523809,0.8953488372093024,0.8898703667513518,0.006724330058235329,0.9565217391304348,0.8872053872053872,0.8706293706293706,0.9038461538461539,0.8723776223776224,0.8981160546377938,0.03156290663041821,111,0.9715367965367966,0.9774200518582541,0.971856607811664,0.9735687533440343,0.9712145532370251,0.9731193525575547,0.002298923393483431
1.026236629486084,0.15491878134522402,0.29184532165527344,0.09626649206126697,15,log2,4,2,300,"{'classifier__max_depth': 15, 'classifier__max_features': 'log2', 'classifier__min_samples_leaf': 4, 'classifier__min_samples_split': 2, 'classifier__n_estimators': 300}",0.8571428571428571,0.8163265306122449,0.7916666666666666,0.7708333333333334,0.7708333333333334,0.8013605442176871,0.032537485012746344,190,0.8963730569948186,0.9015544041450777,0.9123711340206185,0.9020618556701031,0.9020618556701031,0.9028844613001443,0.005206107133236861,0.8333333333333334,0.8421052631578947,0.8333333333333334,0.72,0.7619047619047619,0.7981353383458647,0.04863936216261201,185,0.9146341463414634,0.926829268292683,0.9285714285714286,0.9375,0.9166666666666666,0.9248403019744483,0.008356065745854888,0.8695652173913043,0.7272727272727273,0.6818181818181818,0.8181818181818182,0.7272727272727273,0.7648221343873518,0.06859729059262179,143,0.8522727272727273,0.8539325842696629,0.8764044943820225,0.8426966292134831,0.8651685393258427,0.8580949948927478,0.011606954212207308,0.851063829787234,0.7804878048780488,0.75,0.7659574468085106,0.7441860465116279,0.7783390255970842,0.03851322952543815,185,0.8823529411764706,0.8888888888888888,0.9017341040462428,0.8875739644970414,0.8901734104046243,0.8901446618026536,0.006375144838576104,0.951505016722408,0.8905723905723906,0.8706293706293706,0.9055944055944056,0.8828671328671329,0.9002336632771417,0.028031553486147432,31,0.9721861471861473,0.9764477095937769,0.9717495987158908,0.9735687533440343,0.9721776350989834,0.9732259687877665,0.0017237758641128556
0.5122743129730225,0.06736942029606276,0.1915532112121582,0.04718707640835084,15,log2,4,5,100,"{'classifier__max_depth': 15, 'classifier__max_features': 'log2', 'classifier__min_samples_leaf': 4, 'classifier__min_samples_split': 5, 'classifier__n_estimators': 100}",0.8571428571428571,0.8163265306122449,0.8125,0.7708333333333334,0.7708333333333334,0.8055272108843538,0.0323627882370164,147,0.8911917098445595,0.9119170984455959,0.9175257731958762,0.9123711340206185,0.9072164948453608,0.9080444420704022,0.009036741123067404,0.8076923076923077,0.8421052631578947,0.8823529411764706,0.72,0.7619047619047619,0.802811054786287,0.057316260736582025,157,0.9135802469135802,0.9285714285714286,0.9397590361445783,0.9390243902439024,0.927710843373494,0.9297291890493966,0.00952051530849873,0.9130434782608695,0.7272727272727273,0.6818181818181818,0.8181818181818182,0.7272727272727273,0.7735177865612648,0.0826417847001059,83,0.8409090909090909,0.8764044943820225,0.8764044943820225,0.8651685393258427,0.8651685393258427,0.8648110316649642,0.012964375425727924,0.8571428571428571,0.7804878048780488,0.7692307692307693,0.7659574468085106,0.7441860465116279,0.7834009849143627,0.038702025181604455,144,0.8757396449704142,0.9017341040462428,0.9069767441860465,0.9005847953216374,0.8953488372093024,0.8960768251467286,0.010819109932608609,0.9548494983277591,0.8973063973063974,0.8671328671328671,0.9038461538461539,0.8863636363636364,0.9018997105953627,0.029252932147339893,8,0.9694805194805195,0.9754753673293,0.9731407169609416,0.9739967897271268,0.9727126805778491,0.9729612148151474,0.0019800307352511146
0.6210284233093262,0.015921927981518286,0.16608238220214844,0.006340159370415216,15,log2,4,5,200,"{'classifier__max_depth': 15, 'classifier__max_features': 'log2', 'classifier__min_samples_leaf': 4, 'classifier__min_samples_split': 5, 'classifier__n_estimators': 200}",0.8775510204081632,0.8163265306122449,0.8125,0.7708333333333334,0.7708333333333334,0.8096088435374149,0.03918342988161245,112,0.8963730569948186,0.9067357512953368,0.9072164948453608,0.8969072164948454,0.9072164948453608,0.9028898028951445,0.005108642926013387,0.8695652173913043,0.8421052631578947,0.8823529411764706,0.72,0.7619047619047619,0.8151856367260862,0.06339149616211909,65,0.9146341463414634,0.927710843373494,0.927710843373494,0.9367088607594937,0.927710843373494,0.9268951074442878,0.0070517685244948225,0.8695652173913043,0.7272727272727273,0.6818181818181818,0.8181818181818182,0.7272727272727273,0.7648221343873518,0.06859729059262179,143,0.8522727272727273,0.8651685393258427,0.8651685393258427,0.8314606741573034,0.8651685393258427,0.8558478038815117,0.013176809906905888,0.8695652173913043,0.7804878048780488,0.7692307692307693,0.7659574468085106,0.7441860465116279,0.7858854569640521,0.043462126035287624,127,0.8823529411764706,0.8953488372093024,0.8953488372093024,0.8809523809523809,0.8953488372093024,0.8898703667513518,0.006724330058235329,0.9565217391304348,0.8872053872053872,0.8706293706293706,0.9038461538461539,0.8723776223776224,0.8981160546377938,0.03156290663041821,111,0.9715367965367966,0.9774200518582541,0.971856607811664,0.9735687533440343,0.9712145532370251,0.9731193525575547,0.002298923393483431
0.9096925258636475,0.018998186626901333,0.20484180450439454,0.00610224894589633,15,log2,4,5,300,"{'classifier__max_depth': 15, 'classifier__max_features': 'log2', 'classifier__min_samples_leaf': 4, 'classifier__min_samples_split': 5, 'classifier__n_estimators': 300}",0.8571428571428571,0.8163265306122449,0.7916666666666666,0.7708333333333334,0.7708333333333334,0.8013605442176871,0.032537485012746344,190,0.8963730569948186,0.9015544041450777,0.9123711340206185,0.9020618556701031,0.9020618556701031,0.9028844613001443,0.005206107133236861,0.8333333333333334,0.8421052631578947,0.8333333333333334,0.72,0.7619047619047619,0.7981353383458647,0.04863936216261201,185,0.9146341463414634,0.926829268292683,0.9285714285714286,0.9375,0.9166666666666666,0.9248403019744483,0.008356065745854888,0.8695652173913043,0.7272727272727273,0.6818181818181818,0.8181818181818182,0.7272727272727273,0.7648221343873518,0.06859729059262179,143,0.8522727272727273,0.8539325842696629,0.8764044943820225,0.8426966292134831,0.8651685393258427,0.8580949948927478,0.011606954212207308,0.851063829787234,0.7804878048780488,0.75,0.7659574468085106,0.7441860465116279,0.7783390255970842,0.03851322952543815,185,0.8823529411764706,0.8888888888888888,0.9017341040462428,0.8875739644970414,0.8901734104046243,0.8901446618026536,0.006375144838576104,0.951505016722408,0.8905723905723906,0.8706293706293706,0.9055944055944056,0.8828671328671329,0.9002336632771417,0.028031553486147432,31,0.9721861471861473,0.9764477095937769,0.9717495987158908,0.9735687533440343,0.9721776350989834,0.9732259687877665,0.0017237758641128556
0.33436598777771,0.010788676450693254,0.12038359642028809,0.005721451171326825,15,log2,4,10,100,"{'classifier__max_depth': 15, 'classifier__max_features': 'log2', 'classifier__min_samples_leaf': 4, 'classifier__min_samples_split': 10, 'classifier__n_estimators': 100}",0.8571428571428571,0.8367346938775511,0.8125,0.7916666666666666,0.7708333333333334,0.8137755102040816,0.030797108106773476,81,0.8911917098445595,0.9015544041450777,0.8969072164948454,0.8969072164948454,0.8969072164948454,0.8966935526948348,0.0032874034808267304,0.8076923076923077,0.8888888888888888,0.8823529411764706,0.75,0.7619047619047619,0.8181677799324858,0.05838376334753747,47,0.9135802469135802,0.926829268292683,0.9156626506024096,0.9259259259259259,0.9259259259259259,0.9215848035321048,0.005733060611629368,0.9130434782608695,0.7272727272727273,0.6818181818181818,0.8181818181818182,0.7272727272727273,0.7735177865612648,0.0826417847001059,83,0.8409090909090909,0.8539325842696629,0.8539325842696629,0.8426966292134831,0.8426966292134831,0.8468335035750766,0.00583300982033472,0.8571428571428571,0.8,0.7692307692307693,0.782608695652174,0.7441860465116279,0.7906336737074856,0.037923782022395394,76,0.8757396449704142,0.8888888888888888,0.8837209302325582,0.8823529411764706,0.8823529411764706,0.8826110692889605,0.004195057631398934,0.9431438127090301,0.8922558922558923,0.8636363636363636,0.895104895104895,0.8898601398601399,0.8968002207132642,0.02576532440153581,150,0.964935064935065,0.9696413137424373,0.9675762439807385,0.9689673622257892,0.9693953986088818,0.9681030766985822,0.0017376484018259905
0.6161122798919678,0.011560484114775242,0.1709061622619629,0.010595669391541369,15,log2,4,10,200,"{'classifier__max_depth': 15, 'classifier__max_features': 'log2', 'classifier__min_samples_leaf': 4, 'classifier__min_samples_split': 10, 'classifier__n_estimators': 200}",0.8367346938775511,0.8163265306122449,0.8125,0.7708333333333334,0.7708333333333334,0.8014455782312926,0.02631799286756081,185,0.8860103626943006,0.8911917098445595,0.9072164948453608,0.8917525773195877,0.8865979381443299,0.8925538165696277,0.007691303266929459,0.8,0.8421052631578947,0.8823529411764706,0.72,0.7619047619047619,0.8012725932478254,0.05726780911414652,168,0.9230769230769231,0.925,0.9176470588235294,0.925,0.9135802469135802,0.9208608457628065,0.0045279518627105685,0.8695652173913043,0.7272727272727273,0.6818181818181818,0.8181818181818182,0.7272727272727273,0.7648221343873518,0.06859729059262179,143,0.8181818181818182,0.8314606741573034,0.8764044943820225,0.8314606741573034,0.8314606741573034,0.8377936670071501,0.019978693652130987,0.8333333333333334,0.7804878048780488,0.7692307692307693,0.7659574468085106,0.7441860465116279,0.778639080152458,0.029769886730890874,181,0.8674698795180723,0.8757396449704142,0.896551724137931,0.8757396449704142,0.8705882352941177,0.87721782577819,0.010169991042890804,0.9531772575250836,0.8855218855218855,0.8671328671328671,0.9020979020979022,0.8881118881118881,0.8992083600779253,0.02918999783584014,60,0.9675324675324676,0.9722342264477096,0.9676832530765115,0.969502407704655,0.9689673622257892,0.9691839433974266,0.0016989407039423538
1.3262641429901123,0.26696992390951385,0.2733290672302246,0.06929643287756578,15,log2,4,10,300,"{'classifier__max_depth': 15, 'classifier__max_features': 'log2', 'classifier__min_samples_leaf': 4, 'classifier__min_samples_split': 10, 'classifier__n_estimators': 300}",0.8367346938775511,0.8163265306122449,0.7916666666666666,0.7708333333333334,0.7708333333333334,0.7972789115646259,0.025883605073782335,206,0.8808290155440415,0.8911917098445595,0.9072164948453608,0.8969072164948454,0.8969072164948454,0.8946103306447306,0.008614851817065812,0.8,0.8421052631578947,0.8333333333333334,0.72,0.7619047619047619,0.791468671679198,0.04554403066847064,211,0.922077922077922,0.925,0.9176470588235294,0.9259259259259259,0.9156626506024096,0.9212627114859574,0.004020226081561648,0.8695652173913043,0.7272727272727273,0.6818181818181818,0.8181818181818182,0.7272727272727273,0.7648221343873518,0.06859729059262179,143,0.8068181818181818,0.8314606741573034,0.8764044943820225,0.8426966292134831,0.8539325842696629,0.8422625127681307,0.023130215080392973,0.8333333333333334,0.7804878048780488,0.75,0.7659574468085106,0.7441860465116279,0.7747929263063041,0.031902811413380756,203,0.8606060606060606,0.8757396449704142,0.896551724137931,0.8823529411764706,0.8837209302325582,0.879794260224687,0.011725229992045762,0.9498327759197325,0.888888888888889,0.8653846153846154,0.8968531468531469,0.8951048951048951,0.8992128644302557,0.027697487332597102,57,0.9673160173160172,0.9721261884183233,0.9687533440342428,0.9695024077046549,0.9686463349384697,0.9692688584823417,0.0015928439303374883
